댐코드,댐명,측정월,수온,수소이온농도지수(pH),용존산소(DO),생물학적 산소요구량(BOD),화학적 산소요구량(COD),부유물질(SS),총질소(T-N),총인(T-P),인산염인(PO4-P),탁도,전기전도도
1003110,충주,2025-09-25,21,7.6,3.9,,,,,,,1.4,266
2021210,운문,2025-09-25,26,6.9,5.9,0.8,2.6,2,1.054,0.008,0,1.9,82
2001110,안동,2025-08-25,31,8.6,7.1,1.3,3.9,1.7,1.403,0.015,0.001,3.2,158
3008110,대청,2025-08-25,25,7.5,7,0.8,5,2.4,1.447,0.021,0.015,0.7,149
2018110,남강,2025-08-25,23,6.1,2.5,1.8,4.1,,1.365,0.036,0,20.3,60
4007110,주암(본),2025-08-25,22,6.8,4.3,1.2,4.3,7.6,1.188,0.05,0.015,7,65
1012110,소양강,2025-08-25,13,7.3,9.6,0.6,1.5,0.6,2.325,0.013,0.001,0.6,83
5101110,장흥,2025-08-25,29,9,7.7,1.3,3.8,2.2,0.807,0.022,0,2.2,63
4104610,주암(조),2025-08-25,8,6.8,6.2,0.8,2.6,1.7,0.837,0.015,0,1.1,75
2503220,구천,2025-08-25,22,6.9,5.3,3.3,4.1,1.2,,,,2.3,
2010101,김천부항,2025-08-25,21,7,6.8,,,,,0.016,,1,85
3303110,부안,2025-08-25,17,6.1,7,0.7,2.6,1,2.394,0.006,0,1,62
1003110,충주,2025-08-25,19,7.3,3.1,0.8,2.2,1.8,2.96,0.008,0.001,0.9,260
2021210,운문,2025-08-25,20,7.2,6.8,0.7,2.6,3.3,1.105,0.009,0,7.3,69
2002110,임하,2025-08-25,30,8.2,7.9,1.2,4.7,1,2.322,0.011,0.002,5,7187
5002201,평림,2025-08-25,20,7.5,5.3,2,3,2.2,1.63,0.027,0.005,4.3,101
1006110,횡성,2025-08-25,22,8.3,8.7,1.6,2.2,1.8,2.888,0.009,0.003,2,122
4001110,섬진강,2025-08-25,14,7.5,6.3,2.5,5.3,2.9,1.832,0.011,0,3.5,132
2021110,밀양,2025-08-25,24,7.1,8,1.4,2,2.8,1.302,0.011,0,3.8,63
3203110,보령,2025-08-25,23,7.1,8,1.2,4.2,2.5,2.5,0.02,0,7.3,101
2503210,연초,2025-08-25,29,7.2,7,2.8,3.6,1.3,,,,2.8,
2018110,남강,2025-07-25,27,7.2,6.5,3,4,6,1.364,0.02,0,4.3,94
2001110,안동,2025-07-25,29,7.7,9.8,1.4,3.9,1.7,1.238,0.018,0.001,4.2,158
3008110,대청,2025-07-25,25,7.5,7.8,1.7,4.5,2,2.102,0.018,0.007,2.5,145
4007110,주암(본),2025-07-25,12,7.9,7.9,0.6,3.6,1.9,0.725,0.008,0,1.6,78
5101110,장흥,2025-07-25,28,8.5,9.6,1.1,4.1,1.3,0.695,0.01,0,0.5,71
1006110,횡성,2025-07-25,22,7.6,8.1,2,2.6,2.2,2.449,0.008,0.002,2.6,126
4104610,주암(조),2025-07-25,7,7.1,8.2,1.1,4.1,2.3,0.801,0.011,0,1,75
2021110,밀양,2025-07-25,26,7,8.1,1.5,1.7,2,1.404,0.008,0,1,54
1012110,소양강,2025-07-25,13,7.3,9.6,1,0.3,1,1.943,0.001,0.01,0.1,81
3203110,보령,2025-07-25,21,7.2,7.5,1.3,4.5,1.1,2.7,0.02,0.01,4.8,140
5002201,평림,2025-07-25,17,7.1,4.6,0.6,5.5,4,2.285,0.035,0.007,3.9,120
2503210,연초,2025-07-25,25,7.4,7.9,4.5,5.1,1.1,,,,1,
2010101,김천부항,2025-07-25,19,7.1,8.8,,,,,0.007,,2.9,84
2002110,임하,2025-07-25,29,8.1,7.4,1.2,4.6,1,1.434,0.009,0.002,5.3,166
4001110,섬진강,2025-07-25,12,7.4,9.1,2.2,4.4,2.7,1.881,0.008,0,4.2,136
2021210,운문,2025-07-25,20,7.2,5.6,0.8,2.6,2,1.242,0.008,0,1.8,93
2503220,구천,2025-07-25,21,7,6.9,4,4.7,1.5,,,,1.6,
3303110,부안,2025-07-25,19,6.1,8.9,0.8,2.6,0.8,2.522,0.008,0,1.6,67
1003110,충주,2025-07-25,17,7.6,5.4,0.5,2.4,2.4,2.839,0.009,0.004,0.6,270
2018110,남강,2025-06-25,22,6.9,6,1.7,2.6,1.2,1.086,0.015,0,2.3,104
1012110,소양강,2025-06-25,10,7.3,9.9,1.1,1.9,0.3,2.257,0.06,0.005,0.9,82
2015110,합천,2025-06-25,18,7.5,,,2.5,2,,,,2.3,
5002201,평림,2025-06-25,10,7,4.1,0.4,3.3,0.8,1.692,0.015,0.006,3.9,127
2001110,안동,2025-06-25,22,7.7,9.8,1.1,3.6,2,1.208,0.017,0.001,4.5,156
2021210,운문,2025-06-25,20,8.1,9.8,1.1,2.7,2.1,1.202,0.009,0,2.1,88
2503220,구천,2025-06-25,20,7.1,7.6,3.9,4.5,1.3,,,,2,
2010101,김천부항,2025-06-25,21,8.4,9.9,,,,,0.013,,1.3,95
4001110,섬진강,2025-06-25,12,9.1,9.9,2.4,4.9,1.1,1.934,0.009,0,0.8,138
4104610,주암(조),2025-06-25,7,6.8,9.7,0.7,3.3,2.9,0.829,0.013,0,1.2,74
2021110,밀양,2025-06-25,21,7.2,9.4,1.1,1.6,1.6,0.928,0.007,0,1.9,52
5101110,장흥,2025-06-25,22,8.1,9.1,0.9,4,4.6,0.691,0.012,0,1.7,68
1006110,횡성,2025-06-25,18,7.7,9.6,1.6,2,1.4,2.146,0.007,0.004,1.1,122
3008110,대청,2025-06-25,16,8,9.4,1.5,3.5,0.4,1.241,0.004,0.003,0.3,176
3203110,보령,2025-06-25,15,7.3,8.5,1.9,2.5,,2.6,0.02,0,2.5,181
2503210,연초,2025-06-25,22,7.3,12.1,1.9,2.3,1.2,,,,1,
4007110,주암(본),2025-06-25,10,7.7,9.1,0.7,2.7,1.8,0.731,0.009,0,1.3,76
2002110,임하,2025-06-25,24,7.9,9.2,1.3,4.6,1.2,1.563,0.01,0.002,5.4,183
3303110,부안,2025-06-25,20,6.8,9.2,0.5,2.5,1.2,2.166,0.009,0,1.1,63
1003110,충주,2025-06-25,16,9.3,10.4,1,1.9,2.2,2.468,0.007,0.001,1.4,236
3001110,용담,2025-06-25,10,,,,2.3,1.6,,,,,
2001110,안동,2025-05-25,14,7.5,10.6,1.2,3.4,2,1.288,0.017,0.001,3.9,161
2018110,남강,2025-05-25,18,7.1,8.3,1.7,2.4,1.2,1.402,0.015,0,2.2,130
1006110,횡성,2025-05-25,14,7.5,9.9,1.6,2.2,1.2,2.377,0.005,0.001,1.7,119
3203110,보령,2025-05-25,12,7.4,9,1.8,2.9,1.2,2.8,0.02,0,1.2,177
4001110,섬진강,2025-05-25,9,8.6,10.5,1.9,3.7,1.2,2.085,0.008,0,2.2,135
2010101,김천부항,2025-05-25,15,7.7,10.2,,,,,0.007,,1,94
5002201,평림,2025-05-25,12,6.8,10.8,1,3.5,2.4,1.722,0.015,0.005,3.7,125
4104610,주암(조),2025-05-25,7,7.2,10.4,0.9,3,1.4,0.783,0.008,0,1.3,75
2503210,연초,2025-05-25,16,7.3,12.4,2.1,2.4,1.1,,,,0.9,
3303110,부안,2025-05-25,16,7.1,11,0.9,2.3,1.4,2.07,0.01,0.003,2.8,64
2002110,임하,2025-05-25,13,7.8,10.2,1.2,4.7,2.2,1.433,0.014,0.002,4.6,188
4007110,주암(본),2025-05-25,13,7.9,10.2,1.1,3.4,1.4,0.68,0.012,0,1.4,81
2015110,합천,2025-05-25,14,7.5,,,2.4,2.5,,,,2.4,
3008110,대청,2025-05-25,16,7.6,9.7,1.5,2.5,0.8,1.227,0.048,0.001,0.3,159
1003110,충주,2025-05-25,9,8.8,12.3,1.5,1.7,2.2,2.965,0.004,0.002,1.5,228
1012110,소양강,2025-05-25,11,7.4,9.8,0.9,1.5,0.3,1.301,0.005,0.005,0.8,80
2503220,구천,2025-05-25,18,7.2,7.2,3.4,4.6,1.5,,,,2.2,
3001110,용담,2025-05-25,9,,,,2.4,0.6,,,,,
2021210,운문,2025-05-25,15,7.7,10.5,0.4,2.7,2.5,1.308,0.008,0,2.5,90
5101110,장흥,2025-05-25,17,7.9,9.3,1.3,3.1,0.8,0.688,0.015,0,2,66
2021110,밀양,2025-05-25,17,7.4,9.4,1.2,1.6,1.6,0.848,0.007,0,1.3,44
1003110,충주,2025-04-25,7,8.8,13.4,1.5,1.7,2.2,2.838,0.006,0,1.2,228
1006110,횡성,2025-04-25,13,7.8,11.3,1.4,1.8,1,2.372,0.006,0.003,1.4,117
4001110,섬진강,2025-04-25,7,8.5,12.2,2.1,3.6,1.4,2.096,0.01,0,0.3,132
2503220,구천,2025-04-25,9,7.4,5.2,5.2,5.6,1.6,,,,2.2,
2021110,밀양,2025-04-25,13,7.4,10,1.2,1.5,1.6,0.905,0.002,0,2.5,38
5002201,평림,2025-04-25,9,7.4,12.2,1.1,4.5,3.6,1.923,0.031,0,4.3,113
4007110,주암(본),2025-04-25,7,7.6,11.4,1.2,2.7,1.6,0.72,0.007,0,0.8,76
5101110,장흥,2025-04-25,11,7.8,11.9,1,3.9,1.3,0.685,0.007,0,1.1,65
1012110,소양강,2025-04-25,11,7.4,8,0.8,1.6,0.3,2.312,0.001,0.001,1.8,74
2001110,안동,2025-04-25,8,7.4,11.6,1.1,3.5,1.8,1.189,0.018,0.002,4.5,153
2002110,임하,2025-04-25,6,7.8,12.3,1.2,4.6,2.1,1.425,0.011,0.002,4.7,168
3008110,대청,2025-04-25,12,7.8,14.7,0.3,1.8,0.2,2.011,0.006,0.003,0.9,155
2018110,남강,2025-04-25,13,7.7,10.1,1.6,2.3,1.2,1.337,0.008,0,0.6,150
3303110,부안,2025-04-25,9,7.2,12.6,1.7,2.4,0.8,1.938,0.008,0,1.4,64
3001110,용담,2025-04-25,8,,,,2.3,0.5,,,,,
2010101,김천부항,2025-04-25,9,7.8,12.4,,,,,0.008,,1.9,92
3203110,보령,2025-04-25,8,7.5,11,2.3,2.8,0.8,2.4,0.01,0,1.2,166
4104610,주암(조),2025-04-25,7,7.6,11.7,1.4,3.4,1.1,0.849,0.009,0,0.2,74
2015110,합천,2025-04-25,11,7.6,,,2.2,2.5,,,,2.2,
2021210,운문,2025-04-25,9,7.7,11.6,0.5,2.6,2.4,1.301,0.007,0,2.1,89
2503210,연초,2025-04-25,8,7.4,12.1,2.2,2.7,1,,,,0.8,
2021110,밀양,2025-03-25,7,7.2,12.9,1,1.2,2,0.871,0.009,0,2.9,50
2018110,남강,2025-03-25,8,7.6,12.4,1.1,2,0.8,,,,1.9,164
4001110,섬진강,2025-03-25,4,8.5,12.7,1.3,2.5,1.8,1.661,0.009,0,1.3,127
4007110,주암(본),2025-03-25,5,7.5,11.8,0.4,3.5,1.6,0.834,0.008,0,0.6,76
2001110,안동,2025-03-25,6,7.6,11.5,1.2,3.3,1.7,1.281,0.015,0.001,3.8,152
5002201,평림,2025-03-25,7,7.7,11.8,1.9,3.6,2,1.387,0.024,0.004,1.6,112
2021210,운문,2025-03-25,4,7.7,13,0.5,2.5,2.5,1.236,0.008,0,2.5,87
1012110,소양강,2025-03-25,7,7.2,9.7,0.9,1.2,2.3,2.322,0.01,0.003,1.5,81
5101110,장흥,2025-03-25,9,7.5,11.6,1.4,2,1.8,0.726,0.007,0,0.8,65
3203110,보령,2025-03-25,3,7.6,15,1.1,1.9,1.5,1.9,0.01,0,1.9,156
2503210,연초,2025-03-25,6,7.1,13.2,2.1,3.4,1.2,,,,0.6,
4104610,주암(조),2025-03-25,6,7.6,12.1,2.2,3.1,1.4,0.909,0.009,0,0.3,73
2002110,임하,2025-03-25,8,7.7,11.8,1.1,4.8,3.8,1.477,0.016,0.003,5.3,165
2015110,합천,2025-03-25,8,7.3,,,2.3,2.5,,,,1.8,
2503220,구천,2025-03-25,6,7.5,11.5,3.2,4.9,2.3,,,,0.9,
3008110,대청,2025-03-25,9,8.2,16,0.5,4.5,1,1.365,0.007,0.004,0.4,163
3303110,부안,2025-03-25,5,7.1,12,1.1,2.6,0.4,1.542,0.006,0.003,1,61
3001110,용담,2025-03-25,5,,,,2.2,1.2,,,,,
2010101,김천부항,2025-03-25,6,7.6,13.2,,,,,0.008,,2,92
1006110,횡성,2025-03-25,5,7.3,9.1,1.6,2.2,1.2,2.263,0.006,0.002,1.2,132
1003110,충주,2025-03-25,8,9,13.9,1,2.7,2.4,2.314,0.009,0.003,1.5,232
3001110,용담,2025-02-25,4,,,,2.5,1,,,,,
2015110,합천,2025-02-25,7,,,,2.2,2,,,,1.9,
5002201,평림,2025-02-25,3,7.7,11.8,1.6,4.1,1.2,0.864,0.015,0.005,1.9,107
3203110,보령,2025-02-25,3,7.6,14.5,1.2,1.8,1.2,1.3,0,0,2.8,138
2002110,임하,2025-02-25,4,7.6,7.7,1.1,4.7,5,1.527,0.016,0.003,4.6,170
1006110,횡성,2025-02-25,5,8.3,12.9,1.4,1.8,1.2,2.216,0.005,0.002,1.6,155
2503210,연초,2025-02-25,10,6.9,15.9,1.8,2.1,1.7,,,,0.6,
2001110,안동,2025-02-25,5,7.6,8.1,1.2,3.5,1.8,1.232,0.016,0.002,3.4,152
2021210,운문,2025-02-25,4,7.5,12.2,0.4,2.9,1.9,1.3,0.011,0,1.6,86
3303110,부안,2025-02-25,5,7,12.5,0.8,2.3,2.2,1.755,0.007,0,1.7,60
2010101,김천부항,2025-02-25,4,7.6,14.1,,,,,0.008,,1.8,93
4001110,섬진강,2025-02-25,4,8,11.7,1.4,2.2,1.8,1.736,0.009,0,2.2,122
2503220,구천,2025-02-25,10,7.3,15,2.7,3.1,2.7,,,,0.6,
4007110,주암(본),2025-02-25,7,7.3,10.4,0.8,3.3,1.1,0.788,0.008,0,0.7,76
4104610,주암(조),2025-02-25,8,7.4,11,0.9,3.2,1.7,0.892,0.009,0,0.7,72
2018110,남강,2025-02-25,4,7.5,14.6,1.6,2.3,0.8,1.431,0.016,0,2.7,124
1003110,충주,2025-02-25,2,8.6,14.6,0.9,1.3,2.4,2.479,0.008,0.005,1.6,119
3008110,대청,2025-02-25,8,7.8,15.7,1.2,3.1,1.6,1.424,0.009,0.005,0.3,154
2021110,밀양,2025-02-25,4,7,9.5,1.1,1.3,1.6,0.871,0.008,0,1.4,38
5101110,장흥,2025-02-25,6,7.4,11.4,0.9,3.8,1.7,0.959,0.007,0,1.2,64
1012110,소양강,2025-02-25,10,7.8,10,0.5,1.9,0.7,2.658,0.016,0.014,1.3,83
3203110,보령,2025-01-25,5,7.5,13,1,0.9,1.2,1.02,0,0,1.8,102
3303110,부안,2025-01-25,7,6.8,10.4,0.9,3.1,2.6,1.526,0.01,0,2.2,61
3008110,대청,2025-01-25,9,7.6,14.6,1.5,2.9,1.4,2.103,0.004,0,1.3,158
2018110,남강,2025-01-25,6,7.9,11.5,1.8,2.2,2,1.964,0.018,0,3.2,101
2021110,밀양,2025-01-25,6,6.9,9.5,1.1,1.5,1.6,0.92,0.008,0,1.3,59
1003110,충주,2025-01-25,8,8.5,12.5,1.1,2.4,2.2,2.534,0.014,0.004,3.9,215
4007110,주암(본),2025-01-25,9,7.2,8.9,1,3.3,1.7,0.802,0.007,0,1,77
3001110,용담,2025-01-25,7,,,,2.9,1.2,,,,,
1012110,소양강,2025-01-25,8,7.4,10.2,0.4,1.6,0,2.791,0.013,0.003,1.1,84
2010101,김천부항,2025-01-25,5,7.1,10,1,4.8,0.8,1.198,0.009,0,2.6,91
5101110,장흥,2025-01-25,9,7.2,9.1,1.2,3.6,1.9,1.01,0.01,0,1.5,65
5002201,평림,2025-01-25,11,6.8,11.3,2.1,6.7,2.4,1.387,0.024,0.004,2.7,128
2503220,구천,2025-01-25,11,7,8.9,2.9,3.6,3.3,,,,1.7,
1006110,횡성,2025-01-25,4,8,12.3,1.2,1.6,1,2.112,0.006,0.002,1.6,156
2002110,임하,2025-01-25,6,7.4,7.8,1.2,5.2,5.3,1.455,0.018,0.003,5.4,170
2503210,연초,2025-01-25,10,6.8,12.3,2.1,2.4,2.4,,,,1.2,
2015110,합천,2025-01-25,7,,,,2.1,2,,,,1.3,
4001110,섬진강,2025-01-25,6,7.8,8.9,1.7,2.4,1.8,1.574,0.011,0,2.5,119
4104610,주암(조),2025-01-25,10,7.3,10,1.1,3.8,1.7,0.912,0.008,0,0.6,72
2001110,안동,2025-01-25,8,7.6,8.5,1.2,3.6,1.9,1.209,0.017,0.001,3.8,151
2021210,운문,2025-01-25,4,7.7,13,0.5,2.7,2.7,1.304,0.007,0,2.1,88
2018110,남강,2025-12-24,12,8.1,10.2,1.5,2.3,3.6,1.355,0.013,0,3.5,88
1003110,충주,2025-12-24,12,8.3,10.7,1,2,2.4,2.515,0.014,0.006,3.8,222
4104610,주암(조),2025-12-24,16,7.1,7.7,1.3,2.8,0.4,1.032,0,0,0.6,72
2002110,임하,2025-12-24,10,7.5,6.2,1.2,5.6,5.5,1.426,0.02,0.004,5.1,169
1012110,소양강,2025-12-24,12,7.6,9.9,0,2,1,2.298,0.003,0.001,1.3,82
2001110,안동,2025-12-24,12,7.8,6,1.3,3.5,1.9,1.322,0.018,0.001,4.5,148
2010101,김천부항,2025-12-24,11,7.1,10.7,1,3.5,1,,,,1.3,87
5002201,평림,2025-12-24,11,7.5,10.4,1,4.4,0.8,1.107,0.013,0.003,3.9,114
2021110,밀양,2025-12-24,12,7,9.3,1.5,1.7,1.6,0.979,0.01,0.002,0.9,63
2503210,연초,2025-12-24,7,7.3,10.6,3.1,3.6,3.3,,,,1.3,
3303110,부안,2025-12-24,11,6.7,7.6,1.2,2.9,0.6,1.996,0.007,0.003,1.3,57
1006110,횡성,2025-12-24,8,7.8,11.6,1.2,1.7,1.3,2.223,0.01,0.005,1.7,144
3203110,보령,2025-12-24,12,7.6,11,0.6,2,1.2,1.6,0.01,0,2.5,107
2503220,구천,2025-12-24,7,7.3,6.5,3.4,6.2,1.5,,,,1.8,
5101110,장흥,2025-12-24,13,7.4,9.3,2.3,3.4,1.8,1.249,0.01,0.006,1.1,62
2021210,운문,2025-12-24,10,7.3,9.4,0.9,2.8,2.3,1.008,0.008,0,1.9,85
3008110,대청,2025-12-24,14,7.9,12.4,1.6,2.6,0.1,2.483,0.007,0.001,1.4,133
4001110,섬진강,2025-12-24,9,7.6,5.9,2.1,4.2,1.2,1.705,0.012,0,1.7,115
4007110,주암(본),2025-12-24,14,7,6.3,1.2,2.8,0.4,1.728,0.005,0,1.1,75
2002110,임하,2025-11-24,18,7.3,5.1,1.1,4.4,4.8,1.341,0.016,0.002,5.5,152
3203110,보령,2025-11-24,19,7.1,7.8,0.5,2,,1.5,0.01,0,3.3,105
1012110,소양강,2025-11-24,11,7.8,9.1,0.8,0.9,1.3,2.175,0.006,0.002,2.6,83
2001110,안동,2025-11-24,19,7.6,5.5,1.2,3.2,1.8,1.452,0.015,0.001,4.2,126
2010101,김천부항,2025-11-24,18,7.3,8.9,0.4,3.3,1.5,1.235,0.005,0,0.5,85
2503220,구천,2025-11-24,20,7.8,7.2,3.2,7.7,2.9,,,,2.9,
2503210,연초,2025-11-24,20,7.6,10.8,1.9,3.4,1.7,,,,1.1,
1003110,충주,2025-11-24,17,8.1,8.9,0.7,1.7,2.4,2.798,0.009,0.005,3.8,202
4104610,주암(조),2025-11-24,18,6.5,0.6,1.5,2.7,0.4,1.151,0.01,0,0.3,77
4001110,섬진강,2025-11-24,10,8.2,6.9,1.5,3,3.1,1.589,0.009,0,5.7,122
4007110,주암(본),2025-11-24,19,6.7,0.8,1.9,3.4,1.2,1.136,0.01,0,0.7,80
5002201,평림,2025-11-24,18,7.7,10.6,0.6,4.8,0.8,1.093,0.015,0,4.3,111
2021110,밀양,2025-11-24,17,6.9,8.5,1.4,1.7,0.8,0.965,0.011,0.004,1.9,85
2018110,남강,2025-11-24,19,8.5,10.9,2.9,3.1,6.4,1.661,0.015,0,3,101
1006110,횡성,2025-11-24,17,7.8,9.1,1.4,1.9,1.4,2.338,0.01,0.004,1.3,137
3303110,부안,2025-11-24,19,6.6,8,0.6,2.9,2.4,1.77,0.012,0.003,0.9,55
2021210,운문,2025-11-24,17,6.9,8.8,1.1,3.1,2.7,1.085,0.008,0,2.3,83
5101110,장흥,2025-11-24,21,7.2,7.8,2.4,3.1,2.8,1.244,0.009,0.006,1.2,58
3008110,대청,2025-10-24,23,8.1,5.2,2.8,4.2,0.4,,0.018,0.006,4,125
2010101,김천부항,2025-10-24,21,7.3,79.2,0.6,4.5,1,1.167,0.016,0,1.7,79
2021210,운문,2025-10-24,21,7.2,8.2,1,3.2,2.8,1.185,0.012,0,2.3,84
4007110,주암(본),2025-10-24,18,6.6,0.4,1.5,3.3,2,1.22,0.021,0.009,2,76
1012110,소양강,2025-10-24,11,7.8,9.7,0.2,2,0.4,2.424,0.008,0.003,0.8,83
3303110,부안,2025-10-24,18,6.3,8.5,0.5,3,0.8,2.088,0.005,0.004,0.9,55
2021110,밀양,2025-10-24,19,6.8,7.3,1.4,1.6,0.8,1.008,0.017,0.004,1,86
4104610,주암(조),2025-10-24,22,6.5,0.3,1.6,2.8,0.4,1.549,0.01,0,0.5,72
2503210,연초,2025-10-24,21,7.1,8.3,2,4.6,2.1,,,,1.2,
5002201,평림,2025-10-24,23,7,6.9,0.9,5.5,1,0.813,0.031,0.004,4.4,133
2001110,안동,2025-10-24,22,7.4,5.2,1.3,4.1,2,0.677,0.018,0.001,4.9,132
1006110,횡성,2025-10-24,21,7.1,6.2,1.6,1.9,1.3,2.456,0.016,0.009,1.1,137
3203110,보령,2025-10-24,22,6.9,,1,,1.4,1.2,0.01,,1.9,91
2503220,구천,2025-10-24,21,7.2,6.1,2.9,5.6,3.2,,,,3.2,
2018110,남강,2025-10-24,21,7.7,7.7,2.4,2.9,4,1.973,0.015,0.009,3.7,53
4001110,섬진강,2025-10-24,12,8.1,6.5,1.6,3.4,2.9,1.591,0.012,0,2.1,112
5101110,장흥,2025-10-24,24,7.7,7.8,2.2,2.9,2.8,1.002,0.007,0.004,3.3,58
1003110,충주,2025-10-24,20,7.8,7,0.5,1.7,2.2,2.83,0.009,0.005,1.8,191
2002110,임하,2025-10-24,23,7.7,6.4,1.2,4.3,5.1,1.062,0.015,0.003,4.5,161
4104610,주암(조),2025-09-24,17,6.5,1.1,0.8,2.1,0.4,1.35,0,0,0.4,74
2015110,합천,2025-09-24,23,7.6,,,2.6,2,,,,3.1,
1006110,횡성,2025-09-24,25,6.8,8.5,1.6,1.9,1.4,2.76,0.022,0.014,2.2,107
5101110,장흥,2025-09-24,31,8.3,8,2.2,2.8,2.5,1.337,0.008,0.005,1,67
2503210,연초,2025-09-24,27,7,7.3,1.2,5.2,2.2,,,,0.2,
4007110,주암(본),2025-09-24,13,6.7,1.4,1.5,2.7,1.1,1.066,0.007,0.003,1.9,77
1003110,충주,2025-09-24,22,7.9,5.6,0.4,1.7,2.4,2.948,0.008,0.004,2.1,197
3303110,부안,2025-09-24,16,6.4,7.3,0.6,2.9,0.8,1.137,0.008,0.004,0.9,73
1012110,소양강,2025-09-24,13,7.5,10.2,0.3,1.3,0.6,1.759,0.005,0.001,1.1,80
3203110,보령,2025-09-24,20,7,,1.2,,1.5,1.3,0.02,,2.4,94
2002110,임하,2025-09-24,29,8,7.9,1.1,5.2,5.5,1.241,0.018,0.004,4.7,165
2021110,밀양,2025-09-24,24,7.1,7.8,1.3,1.4,1.2,0.799,0.006,0,2.7,55
2010101,김천부항,2025-09-24,22,7.9,6.8,0.6,3.7,1,1.386,0.022,0,1.3,77
2503220,구천,2025-09-24,27,7.2,3.4,2.1,7.7,3.1,,,,1.3,
4001110,섬진강,2025-09-24,16,8.9,6.9,1.3,2.9,2.5,1.643,0.01,0,0.4,117
2018110,남강,2025-09-24,28,8.1,5.6,1.1,3.3,4,1.318,0.02,0.009,1.6,90
5002201,평림,2025-09-24,15,6.9,4.8,0.8,6,1.6,1.148,0.02,0,3.2,112
2021210,운문,2025-09-24,24,6.5,9.2,1.1,3.1,2.1,1.221,0.018,0.006,2,80
3001110,용담,2025-09-24,17,,,,3.4,2.6,,,,,
2001110,안동,2025-09-24,27,7.7,7.7,1.4,4,1.9,1.264,0.019,0.002,5.4,144
3008110,대청,2025-09-24,25,8.4,7,2.8,4.2,0.4,2.354,0.018,0.006,63.1,118
2018110,남강,2025-08-24,29,8.5,6.5,1.2,2.4,1.2,0.774,0.014,0.005,0.3,93
5101110,장흥,2025-08-24,15,7.1,4.3,1.8,2.5,2.4,1.746,0.007,0.005,0.8,66
2021210,운문,2025-08-24,26,8.2,8.1,1,3.1,2.4,1.058,0.01,0,3.2,89
2010101,김천부항,2025-08-24,19,8.5,9.8,0.8,4.9,3.2,1.553,0.032,0.005,6.1,74
2002110,임하,2025-08-24,31,7.4,8.3,1.2,5.5,5.3,2.013,0.017,0.003,5.8,163
2503220,구천,2025-08-24,21,7.4,9.5,1.9,4.8,2.2,,,,1.7,
2001110,안동,2025-08-24,32,7.6,8.5,1.4,3.5,2,1.597,0.016,0.002,4.8,128
4001110,섬진강,2025-08-24,15,7.7,7.2,1.2,4.4,4.4,1.707,0.01,0,2.1,114
3203110,보령,2025-08-24,16,7,10.8,1.7,,3.5,1.5,0.02,0,4.2,91
4104610,주암(조),2025-08-24,15,6.6,2.9,1.2,2.5,0.4,1.571,0.007,0.003,1.2,74
1003110,충주,2025-08-24,21,7.9,8.5,0.6,1.5,3.2,2.645,0.009,0.004,4.3,193
2503210,연초,2025-08-24,21,7.1,9.4,2.9,5,1.8,,,,1.3,
1012110,소양강,2025-08-24,7,7.3,5.4,0.3,1.9,0.7,1.737,0.008,0.004,0.6,78
2021110,밀양,2025-08-24,24,7.1,8,1.4,1.6,2,0.884,0.006,0,2,63
5002201,평림,2025-08-24,15,6.9,4.8,0.4,5.9,0.4,1.112,0.015,0.005,2.4,112
3001110,용담,2025-08-24,24,,,,3.5,3.3,,,,,
1006110,횡성,2025-08-24,25,7,9.5,1.8,2.1,3.3,3.07,0.023,0.016,6.7,116
2015110,합천,2025-08-24,24,7.4,,,3,2.5,,,,3.1,
4007110,주암(본),2025-08-24,12,6.7,3.6,1.6,2.9,0.4,1.243,0.005,0,1.5,74
3008110,대청,2025-08-24,23,5.4,6.9,1.8,4.5,0.6,2.673,0.051,0.009,19.3,123
3303110,부안,2025-08-24,20,6.2,7.2,0.9,2.8,0.4,1.252,0.012,0.003,1.1,54
1012110,소양강,2025-07-24,7,7.3,5.4,0.2,1.7,0.7,2.24,0.011,0.001,0.7,78
2021110,밀양,2025-07-24,20,6.8,8.2,1.5,1.7,2.4,0.985,0.01,0,3,50
2503220,구천,2025-07-24,23,7.2,6.2,4.7,4.8,1.9,,,,2.1,
4001110,섬진강,2025-07-24,13,7.9,8.2,3.9,7.1,1.2,1.812,0.007,0,0.3,115
4007110,주암(본),2025-07-24,9,6.9,7.1,1.2,2.6,1.6,1.141,0.007,0,0.2,74
4104610,주암(조),2025-07-24,14,6.8,6,0.7,2.4,0.8,1.451,0.006,0,0,71
5002201,평림,2025-07-24,15,6.9,4.8,0.4,5.9,0.4,1.112,0.015,0.005,2.7,112
2021210,운문,2025-07-24,25,7.3,8.2,1.1,3,2,1.313,0.009,0,2.5,83
3203110,보령,2025-07-24,12,7.3,10.1,1,1.5,1.2,1.25,0.01,0,1.5,101
3008110,대청,2025-07-24,23,7.5,7.5,1.6,4.5,1.4,3.738,0.056,0.004,35.7,116
2503210,연초,2025-07-24,22,7.2,10.3,1,2.4,1.9,,,,1.2,
3001110,용담,2025-07-24,15,,,,2.9,1.8,,,,,
2001110,안동,2025-07-24,27,7.9,9.1,1.4,2.9,1.8,1.379,0.014,0.003,3.7,155
1003110,충주,2025-07-24,17,7.8,7.7,1.3,1.7,5.2,2.229,0.009,0,1.8,225
2018110,남강,2025-07-24,26,7.8,7.4,1,3.1,4.4,1.069,0.018,0.007,3.3,106
2002110,임하,2025-07-24,26,7.1,9.8,1.2,4.3,4.8,1.512,0.013,0.003,4.3,162
5101110,장흥,2025-07-24,15,6.9,7.6,1.5,2.3,2,1.219,0.01,0.006,1.5,67
2015110,합천,2025-07-24,21,7.6,,,2.2,2,,,,2.4,
3303110,부안,2025-07-24,18,6.9,9.6,0.9,2.3,0.4,1.001,0.014,0,1.2,61
1006110,횡성,2025-07-24,23,7.7,8.3,2,2.6,3.4,2.547,0.014,0.07,2.9,124
2010101,김천부항,2025-07-24,17,7.8,9.5,0.9,4.2,1.2,1.449,0.024,0,1.4,85
4001110,섬진강,2025-06-24,13,8.3,9.7,1.3,3.5,4,2.113,0.01,0,0.2,115
2503210,연초,2025-06-24,12,7.5,12.4,2.4,3.2,1.2,,,,1.1,
4104610,주암(조),2025-06-24,9,6.9,7.6,0.9,2.8,1.2,1.631,0.008,0.004,0.4,73
3303110,부안,2025-06-24,16,6.4,10,0.5,2.6,1.8,0.947,0.009,0,1.1,60
2001110,안동,2025-06-24,26,8,9.1,1.4,3.3,2,1.415,0.017,0.002,3.5,146
1003110,충주,2025-06-24,9,8,11.4,1.6,1.4,2.4,2.492,0.007,0,1.2,223
2015110,합천,2025-06-24,19,7.5,,,1.5,2,,,,1.9,
2503220,구천,2025-06-24,14,7.2,6.9,3.7,5.2,2.2,,,,2.3,
1006110,횡성,2025-06-24,21,8.2,9.1,1.8,2.3,1.2,2.41,0.009,0.006,1,114
4007110,주암(본),2025-06-24,9,7.4,8.9,1.1,2.8,0.4,1.135,0.005,0,0.2,73
2010101,김천부항,2025-06-24,10,7.8,10.5,1.1,3.1,0.8,1.338,0.011,0,0.3,84
1012110,소양강,2025-06-24,7,6.3,5.7,0.2,1.6,0.3,2.116,0.008,0.005,0.4,77
3008110,대청,2025-06-24,12,8.7,10.9,2,3.1,1.2,3.207,0.025,0.008,1.6,147
3203110,보령,2025-06-24,15,7.6,10.5,0.9,2.2,1.5,1.72,0.01,0,0.8,105
2018110,남강,2025-06-24,21,8,8.5,0.4,2.2,1.2,0.872,0.011,0,1.2,83
2021110,밀양,2025-06-24,19,7.6,9.2,1.3,1.7,1.6,1.015,0.011,0,1,54
2002110,임하,2025-06-24,25,7.5,9.8,1.2,4.5,4.3,1.795,0.012,0.003,3.3,165
5101110,장흥,2025-06-24,13,7.7,10,1.7,3.1,2,1.234,0.009,0.006,0.8,67
2021210,운문,2025-06-24,21,8.1,8.5,1.1,3.3,3.4,1.224,0.01,0,2.9,85
5002201,평림,2025-06-24,12,7,5,0.4,3.4,1,1.276,0.014,0,3.9,111
3001110,용담,2025-06-24,10,,,,2.8,1.1,,,,,
1012110,소양강,2025-05-24,9,8,11,0.3,1.7,0.3,1.646,0.006,0.001,0.1,79
4007110,주암(본),2025-05-24,8,7.2,9.8,1,2.3,0.4,0.743,0,0,1.1,66
4104610,주암(조),2025-05-24,9,7.1,10.4,1,2.5,0.4,1.069,0.004,0,1.5,66
2010101,김천부항,2025-05-24,8,7.9,11.4,0.7,3.2,2.4,1.458,0.007,0,0.8,82
5101110,장흥,2025-05-24,16,7.6,9.5,1.6,3,2.2,0.988,0.01,0.006,1.3,65
4001110,섬진강,2025-05-24,9,7.5,10.2,2.1,3.9,1,2.134,0.009,0,1.8,112
1006110,횡성,2025-05-24,14,8.6,10.6,2.2,2.6,2.1,2.701,0.008,0.004,1.6,112
2503210,연초,2025-05-24,8,7.4,12.6,2.4,2.9,1.3,,,,0.9,
3203110,보령,2025-05-24,14,7.9,10.7,1.6,2,1,1.392,0.01,0,0.8,101
2018110,남강,2025-05-24,18,5.6,9,0.7,2.7,5.2,1.02,0.027,0,5.3,82
1003110,충주,2025-05-24,8,8.1,13,1.4,2.5,2.8,3.445,0.006,0,7.4,226
2021210,운문,2025-05-24,14,7.2,10,1.4,3.3,2.1,1.105,0.015,0,2.7,83
2001110,안동,2025-05-24,18,7.5,10.7,1.2,2.7,1.7,1.348,0.017,0.002,5,145
5002201,평림,2025-05-24,9,7.3,9.4,0.5,3.4,1,1.247,0.005,0.005,3.4,109
2021110,밀양,2025-05-24,15,7.6,9.1,1.2,1.7,1.6,0.899,0.01,0,2.6,62
2503220,구천,2025-05-24,10,7.2,6.1,3.2,4.7,1.4,,,,2.2,
3001110,용담,2025-05-24,10,,,,3.1,1.1,,,,,
2002110,임하,2025-05-24,18,7.1,10,1,5,4.5,1.97,0.014,0.002,4,163
3303110,부안,2025-05-24,12,7.1,9.6,0.7,2.6,1.6,1.215,0.01,0,1.4,60
2015110,합천,2025-05-24,15,7.5,,,1.6,2,,,,2,
2015110,합천,2025-04-24,12,7.7,,,1.5,2,,,,1.9,
4001110,섬진강,2025-04-24,8,7.6,11.1,1.7,3.5,1.4,2.417,0.007,0,0.3,112
5002201,평림,2025-04-24,5,7.5,12,1.3,4,1,1.308,0.007,0.003,2.6,108
2010101,김천부항,2025-04-24,7,8,11.9,0.3,5.4,0.8,1.449,0.01,0,0.9,108
2018110,남강,2025-04-24,13,8.1,11,0.9,1.8,0.4,1.481,0.011,0,1.7,120
2021210,운문,2025-04-24,11,7.2,10.8,1.3,3.1,3.2,1.304,0.013,0,2.4,85
2021110,밀양,2025-04-24,11,7.8,10,1.3,1.5,2,0.72,0.009,0.002,1.8,61
2503220,구천,2025-04-24,8,7.3,4.1,5.1,5.7,1.3,,,,2.2,
3303110,부안,2025-04-24,9,6.9,11.1,0.4,2.8,2.2,0.993,0.005,0,1.2,58
2002110,임하,2025-04-24,11,7.2,11.1,1.2,5.9,4.7,1.744,0.015,0.002,3.3,162
3010601,세종보,2025-04-24,9,,,,2.4,1.6,,,,,
2503210,연초,2025-04-24,8,7.4,13.4,2.4,2.6,1.2,,,,0.9,
1012110,소양강,2025-04-24,7,7.2,8.6,0.3,2,0.8,1.496,0.01,0.002,0.6,76
5101110,장흥,2025-04-24,10,7.7,11.5,1.9,3.7,2,0.947,0.008,0.005,1.5,68
3001110,용담,2025-04-24,9,,,,2.4,1.6,,,,,
3203110,보령,2025-04-24,11,8.5,10.5,2.3,1.5,1,1.852,0.015,0,0.8,98
4007110,주암(본),2025-04-24,7,7.2,10.4,1.4,2.3,0.4,1.014,0.005,0,1.6,66
4104610,주암(조),2025-04-24,8,7.4,10.2,1,1.9,0.4,1.411,0,0,1.3,65
1003110,충주,2025-04-24,8,8.3,11.9,1.5,2.3,2.9,2.538,0.003,,0.9,239
2001110,안동,2025-04-24,9,6.8,10.3,1.3,2.5,1.8,1.388,0.018,0.002,5.2,148
1006110,횡성,2025-04-24,7,7.4,11.2,1.8,2,1.3,2.178,0.008,0.005,1.4,140
2018110,남강,2025-03-24,8,6.3,12,0.8,1.9,0,1.848,0.021,0.009,2.8,110
5101110,장흥,2025-03-24,9,7.5,13,2.5,1.8,1.3,0.538,0.008,0.005,1.2,91
2021110,밀양,2025-03-24,7,7.4,10.8,1,1.3,1.6,0.946,0.009,0.004,1.7,60
2010101,김천부항,2025-03-24,6,7.6,12.1,1.1,3.3,0.4,1.356,0.014,0,1.2,100
1006110,횡성,2025-03-24,5,7,8.5,1.8,2.1,1.8,2.231,0.011,0.007,1.5,138
2021210,운문,2025-03-24,6,6.9,12.2,0.9,3,2.5,1.174,0.015,0,2.8,83
4007110,주암(본),2025-03-24,7,7.1,10.3,1.1,2.5,0.8,0.689,0,0,1.8,66
4104610,주암(조),2025-03-24,8,7.1,10.6,0.8,2.1,0.4,1.429,0.006,0,2,65
1003110,충주,2025-03-24,6,8.3,12.4,1.3,2.6,3.2,2.629,0.008,,0.8,237
2503210,연초,2025-03-24,7,7.4,13.4,2.7,4.7,1.7,,,,0.8,
3303110,부안,2025-03-24,7,7,11,0.6,2.2,1.8,0.947,0.006,0,1.1,61
3001110,용담,2025-03-24,7,,,,2.1,1.6,,,,,
2503220,구천,2025-03-24,8,7.5,11.7,3.5,5.1,2.1,,,,0.9,
2001110,안동,2025-03-24,6,6.5,10,1.2,2.7,1.5,1.231,0.02,0.001,4.2,145
2002110,임하,2025-03-24,6,7,10.5,1.1,5.3,4.3,1.7,0.016,0.003,5.3,160
4001110,섬진강,2025-03-24,6,7.5,12,1.5,2.2,1.5,1.727,0.006,0,0.7,112
5002201,평림,2025-03-24,7,7.7,12.5,1.7,4.6,1,1.395,0.009,0,3.6,107
3203110,보령,2025-03-24,6,8.5,13.1,1.8,1.9,1.5,1.94,0.01,0,0.8,97
1012110,소양강,2025-03-24,6,6.3,9.3,1,1.8,0.6,2.412,0.012,0.003,0.1,76
2015110,합천,2025-03-24,11,7.5,,,1.1,1.5,,,,1.6,
5002201,평림,2025-02-24,5,7.5,12,2.3,4.7,1,1.398,0.019,0.009,2.6,108
3303110,부안,2025-02-24,7,6.5,10.6,0.6,2.7,1,0.949,0.014,0,1.5,63
2503220,구천,2025-02-24,7,7.2,10.6,5.8,7,0.8,,,,1.9,
2021210,운문,2025-02-24,4,7.6,12.4,0.6,3.1,3.6,1.153,0.018,0,3.7,83
2015110,합천,2025-02-24,10,7.6,,,1.3,1.5,,,,1.6,
1012110,소양강,2025-02-24,7,6.5,10.2,0.3,1.9,0.7,2.327,0.013,0.005,1.3,77
2002110,임하,2025-02-24,8,6.4,8.5,1,6.5,4.5,1.23,0.01,0.002,5.2,174
2503210,연초,2025-02-24,8,7.1,13.5,2.7,5.3,0.4,,,,0.5,
4007110,주암(본),2025-02-24,7,7,10.5,0.9,2.5,0.4,1.486,0.006,0.003,1.7,66
3203110,보령,2025-02-24,6,8.2,13.4,2,2,0.6,1.798,0.007,0.001,0.6,95
5101110,장흥,2025-02-24,9,7.3,10.1,3.3,2.2,1.7,0.7,0.007,0.005,0.7,66
1006110,횡성,2025-02-24,4,7.5,8.4,1.3,1.6,1.2,2.124,0.007,0.005,1.4,137
2018110,남강,2025-02-24,5,6.4,10.4,0.9,2.2,0.4,1.791,0.012,0,0.3,134
2021110,밀양,2025-02-24,7,6.7,10.1,1.1,1.5,1.6,0.729,0.011,0,2,72
4104610,주암(조),2025-02-24,8,7,10.2,0.8,2.4,0.8,1.85,0.006,0,1.2,66
4001110,섬진강,2025-02-24,6,7.9,12.2,1.5,2,1.4,1.392,0.008,0,0.3,111
3001110,용담,2025-02-24,7,,,,2.4,2.1,,,,,
2010101,김천부항,2025-02-24,5,7.2,12.6,1.3,3,1.6,1.297,0.01,0,1.4,98
1003110,충주,2025-02-24,5,8.3,12.2,1.5,2.3,2.9,2.593,0.012,0,1.1,243
2001110,안동,2025-02-24,7,6.2,9.5,1.2,2.7,1.8,1.228,0.018,0.002,3.8,170
2021110,밀양,2025-01-24,6,7.9,10,1.2,1.6,1.6,0.836,0.01,,1.2,63
2001110,안동,2025-01-24,9,6.8,8.2,1,2.9,2.4,1.245,0.017,0.002,4.6,162
2010101,김천부항,2025-01-24,7,7.7,11.1,1,4.8,0.8,1.203,0.012,0,1.1,103
5002201,평림,2025-01-24,6,7.6,10.9,1.2,5.2,3,0.968,0.014,0.003,3.5,107
2021210,운문,2025-01-24,6,7.6,11.1,0.6,2.9,3.7,1.185,0.02,0,3.7,77
2503210,연초,2025-01-24,8,7.3,10.1,2.9,6.1,1.6,,,,1.3,
1003110,충주,2025-01-24,5,8.3,12.2,1.1,1.6,2.8,2.738,0.012,,1.1,243
2002110,임하,2025-01-24,8,6.6,8.4,1.1,4.8,1.4,1.87,0.016,0.003,4.3,168
5101110,장흥,2025-01-24,9,7.3,9.2,3.3,2,1.6,0.7,0.007,0.005,1.1,66
3303110,부안,2025-01-24,7,6.9,9.2,0.8,3,2.4,0.887,0.005,0,2,61
2018110,남강,2025-01-24,6,6.1,12.1,0.7,1.9,2.8,1.527,0.018,0.009,1.2,121
4104610,주암(조),2025-01-24,11,7,9.4,0.8,1.9,0.8,1.178,0.008,0,1.8,66
2503220,구천,2025-01-24,7,6.8,10.1,4.1,2.6,1.2,,,,1.6,
1006110,횡성,2025-01-24,4,7.5,8.3,1.4,1.5,1.1,2.053,0.007,0.005,0.9,135
3203110,보령,2025-01-24,8,8.2,12.3,1.3,1.8,1.2,1.839,0.009,0.001,1.3,94
4007110,주암(본),2025-01-24,9,6.7,9.1,0.6,2.6,0.8,0.757,0.007,0,1.8,67
2015110,합천,2025-01-24,8,7.5,,,1.2,2,,,,1.6,
4001110,섬진강,2025-01-24,7,7.9,11.6,1.1,2.2,1.9,2.395,0.005,0,0.3,109
3001110,용담,2025-01-24,8,,,,2.4,1,,,,,
1012110,소양강,2025-01-24,8,8,6.9,0.1,1.7,1.3,2.15,0.011,0.007,1.6,83
2008101,군위,2025-12-23,10,7.4,8.7,0.3,2.9,1.2,0.823,0.01,0,1.4,94
5101110,장흥,2025-12-23,12,7.1,13.3,2.5,3.2,2.5,0.843,0.007,0.005,3.4,66
3203110,보령,2025-12-23,12,8.7,10.7,1.1,1.4,1.8,2.322,0.01,0,1.2,91
3303110,부안,2025-12-23,10,6.8,8.7,0.5,3,0.8,2.02,0.005,0,1.6,56
2010101,김천부항,2025-12-23,11,7.5,10.7,0.7,4.6,1.6,,,,0.7,98
1012110,소양강,2025-12-23,10,7.8,6.2,0.3,0.5,1,3.225,0.005,0.003,1.3,82
2015110,합천,2025-12-23,12,8,,,2.1,2.5,,,,2.1,
2021210,운문,2025-12-23,11,7.1,8.8,0.9,3.2,8.3,1.116,0.007,0.003,2.9,80
2018110,남강,2025-12-23,10,6,10.8,1,1.8,3.2,0.813,0.013,0.004,1.4,120
2503220,구천,2025-12-23,5,7.6,10.2,,2.8,2.4,,,,1.3,
5002201,평림,2025-12-23,13,7.7,6.9,1,5.1,1,0.861,0.032,0.008,2.5,139
2503210,연초,2025-12-23,11,7.2,9.4,,3.9,2.4,,,,2.5,
4007110,주암(본),2025-12-23,14,6.9,6.4,0.7,2.7,1.2,1.199,0.005,0.001,1.6,68
1003110,충주,2025-12-23,11,8.1,10.2,0.8,2.1,4.1,2.33,0.014,0.004,2.1,232
3008110,대청,2025-12-23,6,,,,2.8,0.8,,,,0.6,
2021110,밀양,2025-12-23,11,7.3,9.4,1.5,1.6,1.6,0.949,0.01,0.008,2.9,40
4104610,주암(조),2025-12-23,15,7,8.1,0.6,2.1,0.8,1.039,0.01,0.001,1.8,63
2002110,임하,2025-12-23,10,6.9,8.6,1,5.1,5.1,1.361,0.017,0.003,13,191
4001110,섬진강,2025-12-23,12,7.6,6.9,1.9,2.3,1,1.432,0.01,0,0.1,100
1006110,횡성,2025-12-23,9,7.5,7.7,1.5,2,0.8,2.168,0.007,0.005,0.5,105
3303110,부안,2025-11-23,19,6.9,8.6,1.6,4.2,1,1.867,0.008,0.002,2.1,50
2021210,운문,2025-11-23,18,6.8,6.9,1,3.2,2.7,1.006,0.008,0.004,1.6,75
2015110,합천,2025-11-23,16,8.3,,,2.3,3,,,,4.9,
3203110,보령,2025-11-23,19,8.1,7.8,0.6,2,1.7,2.699,0.008,0,1.1,89
2503220,구천,2025-11-23,9,7.9,5.4,,2.3,1.6,,,,1.5,
3008110,대청,2025-11-23,18,,,,3.4,1.2,,,,0.8,
2008101,군위,2025-11-23,18,6.4,6.6,0.5,3.8,1.5,1.075,0.009,0,1.2,99
5002201,평림,2025-11-23,18,7.2,6.3,0.5,5.7,2,1.185,0.016,0.01,4.9,99
2021110,밀양,2025-11-23,15,6.9,8.9,1.5,1.7,1.2,0.74,0.01,0.002,1.9,37
2018110,남강,2025-11-23,17,8.7,8.1,0.8,2,4.8,0.858,0.013,0.005,0.2,117
4007110,주암(본),2025-11-23,19,6.9,3.1,0.8,2.6,0.4,0.986,0.011,0,2.4,71
1003110,충주,2025-11-23,17,7.9,7.5,1.2,2.3,2.4,2.283,0.015,0.006,1.4,226
2002110,임하,2025-11-23,18,7.3,8.3,1.1,6.5,6.8,1.399,0.015,0.003,19.1,188
4001110,섬진강,2025-11-23,18,7.7,9.7,1.8,2.3,2.3,1.354,0.009,0,0.5,85
2010101,김천부항,2025-11-23,17,7,9,0.6,5.1,2.4,1.051,0.01,0,1.1,90
2503210,연초,2025-11-23,13,7.4,8.8,,2.2,1.8,,,,2.3,
1012110,소양강,2025-11-23,11,7.6,4,0.3,1.7,0.6,2.377,0.005,0.002,0.4,82
4104610,주암(조),2025-11-23,20,6.6,5.6,0.9,2.4,0.4,1.003,0.01,0,1.9,63
5101110,장흥,2025-11-23,18,7.8,8.7,2.2,1.8,2.7,3.2,0.01,0.008,3.1,62
1006110,횡성,2025-11-23,14,7.4,7.1,1.1,1.5,0.5,2.104,0.009,0.004,0.3,101
3008110,대청,2025-10-23,21,,,,4.6,5.2,,,,0.5,
2002110,임하,2025-10-23,20,7.3,7.4,1.1,5.3,7.8,1.014,0.02,0.003,44.1,200
2503210,연초,2025-10-23,19,7.6,8.8,,2.2,2.2,,,,2.6,
3203110,보령,2025-10-23,21,7.9,6,0.7,1.9,2.3,3.089,0.004,0.002,1.4,82
3303110,부안,2025-10-23,20,6.8,7.9,1.8,3.8,1.5,2.039,0.005,0,1.8,51
4007110,주암(본),2025-10-23,20,6.8,3,1,3,0.4,0.803,0.008,0,3.3,64
1012110,소양강,2025-10-23,14,7.7,6.3,0,1.5,0.4,1.836,0.008,0.002,0.3,81
2021210,운문,2025-10-23,21,7,7,1,3.4,2.7,1.192,0.016,0.003,0.2,74
1006110,횡성,2025-10-23,17,7.1,5.2,1.5,1.8,1,2.188,0.011,0.006,0.8,80
5101110,장흥,2025-10-23,22,7.5,7.9,2,1.5,2.1,3.124,0.004,0.003,2.5,62
2018110,남강,2025-10-23,22,6.5,8.9,1.2,3.2,4.4,1.03,0.019,0.006,5.1,88
2001110,안동,2025-10-23,19,7.1,8.4,0.9,5.6,4.2,1.314,0.022,0.004,21.5,231
4104610,주암(조),2025-10-23,21,6.8,1.5,0.8,2.1,0.4,1.408,0.007,0,2,63
5002201,평림,2025-10-23,18,6.8,7.8,0.8,3.4,1.5,0.931,0.021,0.005,2.8,78
2015110,합천,2025-10-23,18,8.2,,,2.4,3,,,,2.2,
3001110,용담,2025-10-23,18,7.8,8.1,2,2.9,0.8,2.154,0.012,0,1.2,124
4001110,섬진강,2025-10-23,16,7.1,4.3,1,4.4,1.8,1.731,0.007,1,1.1,107
2021110,밀양,2025-10-23,20,7.3,7.5,1.4,1.6,1.6,0.649,0.011,0,2.4,44
2008101,군위,2025-10-23,22,6.8,8.9,1.1,4.5,1.2,1.391,0.008,0.003,1.4,98
2010101,김천부항,2025-10-23,19,7,8.1,0.3,4,2.4,,,,0.9,76
1003110,충주,2025-10-23,21,7.7,6.9,2.1,2.2,2.6,2.227,0.004,0.002,2.2,211
2503220,구천,2025-10-23,16,7.4,7.5,,2,1.6,,,,1.9,
2021110,밀양,2025-09-23,21,7.1,6.8,1.3,1.8,1.2,0.614,0.011,0.005,20.9,41
4001110,섬진강,2025-09-23,17,7.4,5,1,3.4,3.2,1.749,0.008,0,2.6,125
2010101,김천부항,2025-09-23,20,8.2,9.6,1.2,5.4,4.4,1.543,0.14,,3.1,70
3008110,대청,2025-09-23,22,8.1,4.3,2.4,4.4,1.2,3.613,0.009,0.004,3.5,103
5002201,평림,2025-09-23,21,6.7,5,0.6,5.2,1.6,1.303,0.026,0.025,3.3,84
4104610,주암(조),2025-09-23,20,7,3.1,1.5,2.5,0.8,,,,2.3,59
3203110,보령,2025-09-23,22,7,4.3,0.9,1.3,1.5,2.389,0.01,0,2,82
2015110,합천,2025-09-23,21,8.1,,,2.4,3.5,,,,4.1,
1006110,횡성,2025-09-23,14,7.1,5.8,1.6,2,1.4,2.261,0.014,0.005,1,85
1012110,소양강,2025-09-23,11,7.7,8.3,0.3,1.3,0.2,2.363,0.013,0.002,0.2,76
2503220,구천,2025-09-23,18,7.2,7.4,,2.8,1.6,,,,1.6,
2001110,안동,2025-09-23,19,7.3,8.5,1.1,4.8,10.1,1.918,0.023,0.005,45.4,240
2008101,군위,2025-09-23,28,8.6,15,5.5,5.1,6.6,1.275,0.023,0,11,135
3001110,용담,2025-09-23,21,8.1,9.6,2.5,3,0.9,2.158,0.012,0,0.5,67
4007110,주암(본),2025-09-23,19,6.8,3.3,1.5,2.5,0.8,,,,2,58
2018110,남강,2025-09-23,24,5.9,9,1.1,2.8,4.4,0.761,0.011,0.01,0.9,74
3303110,부안,2025-09-23,20,6.2,7.2,1.5,3.6,0.8,1.952,0.004,0.002,1.2,56
1003110,충주,2025-09-23,20,8,6.7,2.2,2.4,3.8,2.406,0.004,0.003,3.5,206
2002110,임하,2025-09-23,19,7.3,9.1,1.1,7.6,10.9,2.131,0.022,0.004,52.4,232
2503210,연초,2025-09-23,19,7.2,8.3,,3.4,2.8,,,,1.3,
5101110,장흥,2025-09-23,28,8.5,13.5,3.1,1.6,2.6,2.186,0.008,0.007,2.3,60
2021210,운문,2025-08-23,26,8.6,11.3,0.9,3.4,1.3,0.976,0.01,0,0.5,85
2015110,합천,2025-08-23,22,8,,,2.2,2.5,,,,3.5,
3001110,용담,2025-08-23,19,7.5,8.1,2.5,2.9,0.9,2.314,0.011,0,0.7,126
2010101,김천부항,2025-08-23,20,6.7,9.5,0.3,4.5,1.6,1.483,0.038,,4,69
5002201,평림,2025-08-23,22,6.3,4.2,0.4,4.3,2.8,1.28,0.043,0.032,3.2,92
2008101,군위,2025-08-23,31,9.3,11,1.9,5.2,1.6,1.296,0.036,0,2.9,129
2002110,임하,2025-08-23,26,7.3,8.8,1.1,4.5,17.1,1.981,0.023,0.003,56.1,103
3008110,대청,2025-08-23,24,7.2,5.2,1.5,4.7,1.6,3.391,0.053,0.005,46.7,99
2001110,안동,2025-08-23,25,7.3,8.4,1.1,7.4,13.1,2.22,0.018,0.003,87.4,108
3303110,부안,2025-08-23,22,6.2,7.7,1.3,3.4,2,2.016,0.012,0,1,49
1003110,충주,2025-08-23,18,8,8.4,2.4,2.5,7.6,2.488,0.018,0.007,12.1,189
2503220,구천,2025-08-23,19,7.2,7.5,,4.9,0.8,,,,1.7,
1012110,소양강,2025-08-23,11,7.6,8.9,0,1.5,0.3,2.683,0.013,0.001,1.1,78
5101110,장흥,2025-08-23,27,8.8,7.1,1.9,2.6,2.4,0.912,0.006,0.004,2.6,72
3203110,보령,2025-08-23,23,7.1,6.1,1.8,2.2,2.9,2.993,0.015,0.004,7.5,79
4007110,주암(본),2025-08-23,18,7.1,5,1,2.6,2.8,1.464,0.029,0,6,55
4001110,섬진강,2025-08-23,21,7.2,7.3,0.4,6.1,13.3,1.6,0.013,0,5.7,87
4104610,주암(조),2025-08-23,22,6.9,4.8,1,2.5,0.8,1.807,0.02,0.009,2.2,66
1006110,횡성,2025-08-23,14,8.1,10.4,1.4,2.1,2.7,2.676,0.014,0.006,2,103
2503210,연초,2025-08-23,20,6.9,8.6,,2.9,3.8,,,,1.5,
2018110,남강,2025-08-23,30,8.1,9.2,1.7,3.6,5.6,0.777,0.028,0.013,5.1,112
2021110,밀양,2025-08-23,21,7,8.4,1.6,1.6,2,1.168,0.014,0.004,1.2,51
3008110,대청,2025-07-23,23,7.3,8.9,2.6,5.2,32.8,3.524,0.009,0.004,25.8,106
2010101,김천부항,2025-07-23,20,8,8.7,0.7,4.7,2.4,1.65,0.033,,8.1,86
2018110,남강,2025-07-23,23,6.8,6,1.3,3,7.6,1.134,0.028,0.013,0.1,89
2001110,안동,2025-07-23,22,7.1,8.7,1.2,4.5,2.5,1.994,0.015,0.002,4.5,199
2503220,구천,2025-07-23,22,6.9,6.5,,6.9,2,,,,1.8,
4104610,주암(조),2025-07-23,22,7.3,3.4,0.6,3.1,2,1.672,0.02,0.008,5.6,80
4001110,섬진강,2025-07-23,20,7.4,8.2,0.9,5.4,14.3,1.7,0.011,0,13.5,100
3203110,보령,2025-07-23,22,7.5,7.2,1.7,2.3,3.1,3.305,0.02,0.005,7,134
2021110,밀양,2025-07-23,20,6.7,8.5,1.5,1.6,2,0.796,0.01,0,4.7,47
1006110,횡성,2025-07-23,10,7.2,8,1.4,2.1,4.1,2.496,0.016,0.006,3.7,102
2008101,군위,2025-07-23,26,8,8.8,0.9,3.9,1.6,1.698,0.015,0,0.6,135
3001110,용담,2025-07-23,16,7.5,6.7,2,2.8,0.9,2.309,0.013,0,0.5,121
2021210,운문,2025-07-23,24,7,8.1,1.2,3.3,1.7,1.532,0.01,0.002,1.5,89
5002201,평림,2025-07-23,20,6.8,3.8,0.8,3.8,2.4,1.128,0.03,0.009,3.3,128
1003110,충주,2025-07-23,16,7.7,7.5,1.7,1.9,3.6,2.418,0.011,0.005,2.5,250
5101110,장흥,2025-07-23,26,7.8,7.7,1.6,2.9,1.8,1,0.01,0.006,3.4,73
4007110,주암(본),2025-07-23,20,7.1,4.4,1,3.3,2.8,1.589,0.032,0.008,12.7,76
2503210,연초,2025-07-23,22,7.2,12.4,,2.9,2.3,,,,1.7,
1012110,소양강,2025-07-23,10,6.5,7.6,0.2,2.1,0.7,3.636,0.012,0.009,0.1,73
3303110,부안,2025-07-23,17,6.5,8.6,0.8,2.6,1,2.18,0.005,0.002,1,74
2015110,합천,2025-07-23,28,8.1,,,2.1,3,,,,3.1,
2002110,임하,2025-07-23,20,7.1,8.9,3.5,5.1,8.8,1.505,0.028,0.002,76.5,202
2001110,안동,2025-06-23,18,7.3,8.5,0.8,3,1.5,1.449,0.016,0.002,2.1,199
2021110,밀양,2025-06-23,18,7.1,8.4,1.3,1.7,1.6,0.768,0.01,0.003,3.5,52
3203110,보령,2025-06-23,16,7.5,7,1.8,2,2.4,1.517,0.017,0.003,2.1,160
3008110,대청,2025-06-23,19,7.6,9.3,1.7,3,0.4,3.229,0.011,0.004,1.3,193
4001110,섬진강,2025-06-23,12,7.3,7.9,1.6,3.8,2.7,1.9,0.012,0,0.4,154
2002110,임하,2025-06-23,19,7.4,8.4,1,3.4,1.9,1.315,0.02,0.007,3.4,188
3001110,용담,2025-06-23,19,7.1,7.8,1.7,2.5,0.5,2.315,0.01,0,10.4,132
4007110,주암(본),2025-06-23,15,7.2,6.4,1.1,2.7,1.6,1.414,0.007,0,3.2,92
5101110,장흥,2025-06-23,22,8.4,8.2,2.7,3,1.6,0.8,0.01,0.007,2.2,74
2503220,구천,2025-06-23,21,7.3,7.4,,3,0,,,,1.7,
2021210,운문,2025-06-23,21,8.2,8.3,1.2,3.6,2.7,1.375,0.008,0,3.3,87
1003110,충주,2025-06-23,10,8.1,9.8,1.6,1.9,1.2,2.228,0.004,0.002,0.9,253
3303110,부안,2025-06-23,25,6.7,8.6,1,2.6,2,1.726,0.004,0,0.9,73
1012110,소양강,2025-06-23,10,7,9.5,0.3,1.3,0.3,2.27,0.013,0.001,0.1,73
2015110,합천,2025-06-23,17,7.8,,1,1.7,2.5,,,,3.3,
5002201,평림,2025-06-23,18,7.3,7.6,0.6,4.6,1.6,1.745,0.027,0.005,2.1,154
2008101,군위,2025-06-23,24,8,9.8,0.7,3.8,0.8,1.41,0.009,0,0.9,136
2018110,남강,2025-06-23,22,7.8,6.4,1.5,3,4,1.003,0.012,0,0.7,113
2503210,연초,2025-06-23,23,7.2,11.1,,3.1,2.5,,,,1.5,
2010101,김천부항,2025-06-23,18,8.8,9.8,1.2,5.4,4.4,1.547,0.016,,3.2,92
1006110,횡성,2025-06-23,16,8.1,9,1.6,2.1,1.2,2.245,0.012,0.007,1,108
4104610,주암(조),2025-06-23,8,6.7,7.5,1.1,3,2,1.475,0.011,0,2.1,94
2002110,임하,2025-05-23,6,7.1,10.5,0.6,4.8,1.6,1.377,0.013,0.001,1.8,222
2021210,운문,2025-05-23,15,7.3,10.1,1.2,3.9,2,1.275,0.016,0.002,2.9,84
3203110,보령,2025-05-23,13,7.8,9.6,1.2,2.2,2.8,1.938,0.032,0,2.5,177
1006110,횡성,2025-05-23,9,7.7,9.6,1.7,2.1,2,2.275,0.009,0.004,1.8,105
2503210,연초,2025-05-23,17,7.1,11.7,,2.7,2.4,,,,1.9,
3001110,용담,2025-05-23,17,7.8,10.1,1.8,3.1,0.6,2.154,0.007,0,0.8,157
2021110,밀양,2025-05-23,15,7.2,9.4,1.2,1.6,1.6,1.089,0.013,0,3.1,49
4001110,섬진강,2025-05-23,11,7.6,10.2,1.3,2.2,1,2.3,0.007,0,0.3,155
5002201,평림,2025-05-23,17,7.3,8.7,0.8,2.8,1.2,1.761,0.069,0,2.3,146
1003110,충주,2025-05-23,9,7.9,11.2,1.6,2,2.8,2.478,0.003,0.002,3.1,246
4007110,주암(본),2025-05-23,12,7,11.1,1.4,2.3,1.6,1.112,0.008,0,2.6,98
2010101,김천부항,2025-05-23,16,6.5,10.2,1.2,2.6,2,1.352,0.014,,0.7,80
2008101,군위,2025-05-23,17,7.7,9.9,0.8,3.7,1.2,1.274,0.008,0,0.9,145
2018110,남강,2025-05-23,17,6.5,9.6,1.7,3.4,6,1.344,0.026,0.007,2.1,96
2503220,구천,2025-05-23,18,7.2,7.4,,3.2,0,,,,1.8,
2015110,합천,2025-05-23,14,7.6,,1,1.6,2,,,,4,
3303110,부안,2025-05-23,17,6.8,9.6,1.1,2.6,1.7,2.112,0.004,0.001,0.6,76
5101110,장흥,2025-05-23,16,7.8,10.3,2.6,3,1.3,1,0.009,0.005,5.1,78
3008110,대청,2025-05-23,10,7.9,9.4,1.8,2.8,1.2,2.868,0.014,0.003,1,172
1012110,소양강,2025-05-23,13,7.2,9.9,0.6,1.3,0.3,3.152,0.004,0.002,0.6,87
2001110,안동,2025-05-23,8,7.1,10.4,0.9,2.7,1.5,1.552,0.014,0.001,2.2,188
4104610,주암(조),2025-05-23,7,7,10.7,1.5,1.9,1.6,1.175,0.008,0,2.5,95
2503220,구천,2025-04-23,15,7.2,7.3,,3.1,0,,,,1.7,
2008101,군위,2025-04-23,13,6.4,11.5,0.7,3.6,1.2,1.27,0.009,0,1,132
4001110,섬진강,2025-04-23,9,7.8,11,1.5,2.2,3,2.2,0.011,0,1.7,154
3203110,보령,2025-04-23,11,8,11.9,1.2,1.2,2.4,1.804,0.01,0,2.6,173
2021110,밀양,2025-04-23,14,7.1,9.5,1.3,1.6,1.6,0.909,0.011,0.002,2.3,53
1003110,충주,2025-04-23,7,8.1,11.7,1.6,1.9,1.4,2.511,0.002,0.001,0.9,249
1006110,횡성,2025-04-23,8,7.6,10.4,1.4,1.7,1.2,2.055,0.008,0.004,1,110
5002201,평림,2025-04-23,14,7.5,8.9,1.2,3.7,1.2,1.67,0.055,0,1.2,142
2018110,남강,2025-04-23,14,7.2,10,0.6,2.6,1.6,1.316,0.011,0,0.8,164
3008110,대청,2025-04-23,19,7.4,9.5,0.8,2.4,2,2.463,0.008,0.002,1.2,189
4007110,주암(본),2025-04-23,7,7,10.1,1.3,2.5,1.2,0.705,0.012,0,2.2,91
5101110,장흥,2025-04-23,11,7.8,12.1,2.5,2.5,1.1,2,0.008,0.003,4.3,78
2002110,임하,2025-04-23,7,7.3,8.8,0.5,3.7,1.5,1.43,0.015,0.003,2.1,197
4104610,주암(조),2025-04-23,9,7.3,11.1,1.4,2.6,1.6,0.905,0.015,0,2.6,94
3303110,부안,2025-04-23,13,6.6,10.4,1,2.8,0.5,1.872,0.003,0.001,1.2,75
2021210,운문,2025-04-23,11,7.3,11.1,1.2,3.7,3.7,1.356,0.012,0.003,4.8,82
1012110,소양강,2025-04-23,7,7.4,10.5,0.6,2.5,0.3,1.446,0.006,0.003,0.1,77
3001110,용담,2025-04-23,9,7.8,10.8,1.9,2.5,0.8,2.315,0.008,0,0.5,119
2010101,김천부항,2025-04-23,10,7.1,11.3,1,4,0.8,1.233,0.008,,1.1,91
2001110,안동,2025-04-23,10,7.1,8.9,0.8,2.5,2.1,1.477,0.017,0.004,3.5,220
2503210,연초,2025-04-23,14,7.2,12.2,,3.5,2.4,,,,1.8,
2015110,합천,2025-04-23,10,7.6,,1,1.5,1.5,,,,2.4,
2015110,합천,2025-03-23,7,7.4,,1.1,2,2,,,,2.2,
3203110,보령,2025-03-23,5,8,12.2,1.8,2.2,2,2.075,0.024,0.006,10.5,140
2021210,운문,2025-03-23,6,6.8,12.4,1.5,3.1,2.7,1.212,0.017,0.005,7.3,79
2008101,군위,2025-03-23,5,6.9,13,0.9,3.9,1.9,1.368,0.011,0,1.3,134
5101110,장흥,2025-03-23,6,7.7,12.1,1.7,2.4,1.5,1.7,0.008,0.005,5.8,78
2018110,남강,2025-03-23,8,7.4,10.4,1,2.2,1.6,1.448,0.016,0,0.8,147
2001110,안동,2025-03-23,6,7.2,12,0.9,3.5,1.6,1.541,0.016,0.003,3.4,188
3001110,용담,2025-03-23,5,7.8,11.2,1.5,2.2,0.8,2.124,0.008,0,0.8,127
4007110,주암(본),2025-03-23,6,7.4,11.3,0.8,2.8,0.4,0.625,0.009,0,2.5,90
2021110,밀양,2025-03-23,9,7,10.3,1.2,1.5,1.6,0.838,0.011,0.009,2.5,59
2010101,김천부항,2025-03-23,7,6.5,12.6,1.4,4,0.4,1.216,0.012,,0.6,89
1003110,충주,2025-03-23,7,8.5,12,2,2.1,2,2.47,0.003,0.003,1.9,238
1006110,횡성,2025-03-23,5,7.7,10.5,1.9,2.2,1,2.558,0.008,0.005,0.8,110
5002201,평림,2025-03-23,10,7.6,10.3,1,3,3.6,1.301,0.06,0,1.2,173
4001110,섬진강,2025-03-23,5,7.8,12.5,2.2,2.3,1.3,1.6,0.011,0.005,0.4,145
3303110,부안,2025-03-23,8,6.7,12,0.9,2.6,0.8,1.887,0.009,0,0.9,75
3008110,대청,2025-03-23,7,8.6,12.2,0.7,4.4,0.4,2.204,0.01,0.004,0.5,167
1012110,소양강,2025-03-23,5,7.6,9.9,0.8,0.9,0.7,2.271,0.007,0.004,0.1,71
4104610,주암(조),2025-03-23,6,11.8,11.8,1.2,2.8,1.6,0.949,0.013,0,4.3,91
2503220,구천,2025-03-23,12,7.3,8.9,,5.8,2.7,,,,2,
2503210,연초,2025-03-23,11,7.3,12.2,,3.5,2.7,,,,1.9,
2002110,임하,2025-03-23,6,7.4,11.8,0.8,3.8,2.8,1.508,0.015,0.002,4.1,220
4007110,주암(본),2025-02-23,5,7.8,11.8,1.2,2.5,0.8,0.645,0.01,0,1.9,89
2008101,군위,2025-02-23,4,7.5,11.8,0.8,4.4,1.4,1.269,0.01,0,1.6,134
2015110,합천,2025-02-23,7,7.7,,0.8,1.6,2.1,,,,1.6,
2021110,밀양,2025-02-23,7,7.1,10.2,1,1.4,1.6,1.037,0,0,3.2,54
1003110,충주,2025-02-23,7,8.4,11.3,1.8,2,1.4,2.477,0.007,0.003,1,233
2001110,안동,2025-02-23,5,7.7,9.8,1.1,2.7,1.2,1.399,0.017,0.006,4.5,199
4104610,주암(조),2025-02-23,5,7.7,12.2,1.1,2.5,1.2,0.97,0.007,0,3,84
3203110,보령,2025-02-23,4,7.5,13,0.8,1.3,0.6,1.704,0.009,0.002,1.6,124
1006110,횡성,2025-02-23,3,7.2,10.4,1.2,1.5,2.4,2.472,0.007,0.005,2,107
4001110,섬진강,2025-02-23,3,7.7,12.8,1.2,2.4,1.8,1.4,0.012,0.001,0.3,141
2503220,구천,2025-02-23,11,7.3,11,,7.1,1.6,,,,2.1,
3008110,대청,2025-02-23,6,7.8,12.4,0.7,3.2,1.6,2.852,0.017,0.004,0.5,160
2018110,남강,2025-02-23,4,7.8,9.2,1.3,2.8,1.6,1.457,0.012,0.006,0.2,154
2002110,임하,2025-02-23,4,7.5,9.6,0.9,4.2,1.5,1.492,0.018,0.006,3.8,202
3303110,부안,2025-02-23,6,6.7,11.3,0.9,2.4,1.2,1.692,0.004,0,0.8,71
2021210,운문,2025-02-23,4,7.6,12.8,0.8,3.4,4.4,1.14,0.02,0.003,7.3,77
1012110,소양강,2025-02-23,5,7,8.6,0.7,1.6,0,3.312,0.044,0.035,0.1,75
5101110,장흥,2025-02-23,4,7,13.3,1.8,1.6,1.8,1,0.006,0,4,78
2503210,연초,2025-02-23,11,7.1,13.7,,4.2,4.2,,,,1.6,
5002201,평림,2025-02-23,5,7.2,10.1,1.1,2.6,3.3,4.08,0.071,0.008,2.8,147
2010101,김천부항,2025-02-23,4,8.6,13.4,0.5,3.9,0.2,1.269,0.008,,0.8,102
3001110,용담,2025-02-23,5,7.7,10.8,1.6,2.1,1.2,2.051,0.01,0,0.8,123
2021210,운문,2025-01-23,6,7.6,11.2,0.9,3.3,4,1.176,0.024,0,10.4,75
2503210,연초,2025-01-23,9,7.3,13.2,,3.8,4.7,,,,1.5,
1006110,횡성,2025-01-23,3,7.6,12.8,1.2,1.5,1.3,2.172,0.007,0.005,0.8,132
2018110,남강,2025-01-23,4,8.5,9.1,0.6,2.6,1.6,1.296,0.013,0.006,2.4,143
4104610,주암(조),2025-01-23,8,8.1,10.3,1,2.5,2.4,1.094,0.012,0,3.4,83
3203110,보령,2025-01-23,7,8.1,12.5,1.2,2.5,0.6,1.721,0.007,0.003,2.1,120
2008101,군위,2025-01-23,2,7.9,16,0.7,4.1,0.7,1.467,0.014,0.003,1.8,133
2002110,임하,2025-01-23,5,7.5,9.8,0.8,3.9,1.6,1.424,0.021,0.007,4.2,201
2503220,구천,2025-01-23,8,7.4,10.7,,5.1,1.3,,,,1.9,
3303110,부안,2025-01-23,6,6.9,10.2,0.9,2.4,1.4,2.041,0.001,0,1.1,74
5101110,장흥,2025-01-23,5,6.9,12.8,3.6,2.4,1.6,0.51,0.01,0,3.4,77
2021110,밀양,2025-01-23,7,7,9.9,1.7,1.8,5.2,1.622,0.006,0.005,3.5,55
1012110,소양강,2025-01-23,14,8.5,8.5,1.5,1.8,1.3,1.788,0.008,0.005,,68
2010101,김천부항,2025-01-23,,,,0.4,4.4,0.6,1.238,0.014,,,
2015110,합천,2025-01-23,8,7.5,9.6,0.9,2,2.4,1.346,0.012,0.003,1.2,87
5002201,평림,2025-01-23,3,7.2,10.2,2.3,3.4,2.4,1.415,0.056,0.004,2.6,137
2001110,안동,2025-01-23,6,7.7,8.7,1,2.7,1.3,1.477,0.018,0.006,3.8,187
4001110,섬진강,2025-01-23,4,7.4,11.8,1,2.2,1.8,1.2,0.01,0,0.3,135
3008110,대청,2025-01-23,2,7.3,10.7,1.3,2.8,0.4,3.004,0.014,0.005,1.9,157
4007110,주암(본),2025-01-23,7,8,10.5,1.1,2.4,0.4,0.725,0.012,0,2.4,89
3001110,용담,2025-01-23,5,7.6,9.8,1.3,2.5,0.8,2.051,0.01,0,0.5,137
1003110,충주,2025-01-23,9,8.3,10.9,1.9,2.4,5.2,2.584,0.013,0.008,3.7,225
5101110,장흥,2025-12-22,10,7.2,9.1,1.5,3.9,1,0.779,0.006,0,4.5,76
2008101,군위,2025-12-22,8,6.4,11.3,0.6,3.8,2.1,1.385,0.015,0,3.3,130
1012110,소양강,2025-12-22,14,8.5,8.5,1.5,2.5,1.3,1.851,0.009,0.006,0.1,68
2002110,임하,2025-12-22,12,7.4,7.4,1,3.5,3,1.35,0.013,0.009,2.6,173
2503220,구천,2025-12-22,9,7.6,10.2,,4.7,1.6,,,,1.6,
1006110,횡성,2025-12-22,11,7.3,8.4,1.3,1.5,0.9,2.386,0.01,0.005,0.8,116
2018110,남강,2025-12-22,10,7.3,10.2,0.7,3.2,3.2,2.256,0.01,0.002,2.3,128
2015110,합천,2025-12-22,10,8.1,7.9,0.9,2.1,2.4,1.178,0.011,0.002,5.8,101
2021110,밀양,2025-12-22,12,6.5,9.1,1.7,1.8,5.2,,0.006,0.002,4.7,58
3008110,대청,2025-12-22,14,8,8.7,1.7,2.6,1.6,2.143,0.01,0.001,2.2,156
2001110,안동,2025-12-22,12,7.5,7.3,0.8,3.3,2,1.227,0.012,0.005,3.6,186
4104610,주암(조),2025-12-22,14,8,9.1,2.1,0.9,1.6,0.861,0.01,0,3.1,83
4001110,섬진강,2025-12-22,8,7.3,10.7,1,2.5,0,1.2,0.015,0.001,2.2,126
1003110,충주,2025-12-22,13,8.1,9.5,1.4,1.7,5.6,2.496,0.018,0.009,8.4,216
3203110,보령,2025-12-22,11,7.7,10.2,2.1,2.6,0.6,1.748,0.029,0,0.4,118
2503210,연초,2025-12-22,11,7.4,13,,4.2,2,,,,1.4,
5002201,평림,2025-12-22,9,7.3,9.1,1.1,2.8,1.6,0.682,0.047,0,2.3,139
3001110,용담,2025-12-22,11,7.8,8.1,1.7,2.7,0.6,1.984,0.01,0,0.8,147
4007110,주암(본),2025-12-22,13,7.9,9.5,1,2.5,1.2,0.631,0.011,0,2.5,87
2008101,군위,2025-11-22,13,7,9.8,0.9,4,2.6,1.588,0.01,0,1.6,128
1012110,소양강,2025-11-22,15,6.5,8.5,1.8,1.9,1.2,2.046,0.011,0.01,4.1,68
2018110,남강,2025-11-22,17,7.2,8.7,1.3,3,2.4,1.507,0.008,0.002,3.2,101
5002201,평림,2025-11-22,16,7.6,7.7,0.5,2.2,0.8,0.847,0.03,0,0.4,129
3001110,용담,2025-11-22,13,7.4,9.8,1.7,2.5,0.8,2.114,0.009,0,0.4,154
4104610,주암(조),2025-11-22,19,8,8,0.6,2.7,0.8,0.957,0.006,0,1.9,83
3203110,보령,2025-11-22,16,7.9,8.9,1.7,2.9,1.4,1.933,0.025,0,1.6,115
2503220,구천,2025-11-22,19,7.5,8.6,,5.6,2,,,,1.5,
2503210,연초,2025-11-22,20,7.4,11.3,,2.8,4.2,,,,1.9,
2002110,임하,2025-11-22,16,6.9,6.4,1.3,3.5,4,1.542,0.022,0.009,4.5,177
1006110,횡성,2025-11-22,15,7.3,6.8,1.2,1.5,0.9,2.384,0.009,0.004,0.7,96
2001110,안동,2025-11-22,13,7.3,7,1.1,3.9,2,1.446,0.015,0.008,3.5,176
4001110,섬진강,2025-11-22,15,7.6,10.7,2,3.3,4,1.37,0.017,0.003,0.5,125
2021110,밀양,2025-11-22,16,6.7,7.7,1.8,1.9,9.2,,0.01,0.006,10.8,64
4007110,주암(본),2025-11-22,18,7.9,6.9,0.7,2.7,1.6,0.682,0.008,0,2.4,87
5101110,장흥,2025-11-22,16,7.1,9.9,1.7,3.5,1.1,0.9,0.016,0,3.8,75
1003110,충주,2025-11-22,18,7.7,7,2,2.2,4.8,2.466,0.021,0.004,2.9,201
2015110,합천,2025-11-22,12,8.2,1.1,1.9,2.2,2.8,0.996,0.013,0.004,4.7,118
3008110,대청,2025-11-22,17,7.8,8.9,1.7,2.3,0.8,2.738,0.01,0.002,3.1,151
3303110,부안,2025-11-22,17,6.4,8.6,1,3.2,0.8,2.134,0.007,0,0.8,71
2001110,안동,2025-10-22,16,7.5,7.8,1.1,3.3,2,1.127,0.017,0.009,4.4,137
2015110,합천,2025-10-22,16,7.8,6.1,1.2,2.4,2,1.32,0.012,0.003,7.7,119
2503220,구천,2025-10-22,23,7.5,5.5,,7.5,2.4,,,,1.8,
2008101,군위,2025-10-22,18,7.6,7.5,0.6,4.1,2,1.958,0.018,0,2,129
5002201,평림,2025-10-22,22,7.3,6.3,0.6,2,2,1.1,0.032,0,1.4,124
3001110,용담,2025-10-22,17,8.5,9.6,1.7,2.8,1.2,2.517,0.01,0,0.6,124
1012110,소양강,2025-10-22,15,8.2,8.9,1.6,2,1,2.088,0.008,0.005,7.8,63
2021210,운문,2025-10-22,21,7.1,6.6,1.1,4.2,5.9,1.114,0.016,0.002,6.1,70
2002110,임하,2025-10-22,17,7.3,7.1,1.2,3.8,3,1.33,0.018,0.01,4.4,167
5101110,장흥,2025-10-22,23,7.5,8.7,1.5,3.4,1.4,0.503,0.019,0.003,4.3,75
4007110,주암(본),2025-10-22,23,8.1,5.5,0.9,3.1,2,0.564,0.013,0.001,4.4,84
1006110,횡성,2025-10-22,18,7.1,7.3,1.3,1.8,2.4,2.166,0.007,0.005,2.1,83
4104610,주암(조),2025-10-22,24,8,5.2,1,2.8,0.8,0.971,0.009,0.001,1.7,82
1003110,충주,2025-10-22,18,7.7,8.5,2,2.3,3.8,2.684,0.029,0.027,2.2,192
3203110,보령,2025-10-22,22,7.5,5.7,0.7,2.8,6.4,1.911,0.024,0.003,1.8,116
3303110,부안,2025-10-22,17,6.5,7.2,0.8,2.8,2.4,2.29,0.009,0.001,0.8,68
2021110,밀양,2025-10-22,19,6.4,7.4,1.6,1.7,5.2,0.964,0.022,0,15.7,47
4001110,섬진강,2025-10-22,17,7.5,9.4,2.1,2.7,3,1.41,0.009,0,1.1,131
2503210,연초,2025-10-22,24,7.4,10.8,,4,3.8,,,,2.3,
3008110,대청,2025-10-22,20,8.6,7.1,2.1,3.2,2.8,2.866,0.033,0.005,1.5,152
2002110,임하,2025-09-22,18,7.6,8.8,1.5,4.8,7,1.449,0.026,0.015,8.3,192
2503210,연초,2025-09-22,27,7.2,8,,2.9,2.9,,,,3.1,
1006110,횡성,2025-09-22,19,7.5,6.7,1.2,1.5,4.5,2.382,0.013,0.005,3.8,88
4104610,주암(조),2025-09-22,24,8,2.4,0.7,2.4,2.4,1.649,0.008,0.001,6.1,68
2001110,안동,2025-09-22,16,8,9.6,1.5,3.6,3,1.182,0.012,0.004,2.5,165
2015110,합천,2025-09-22,16,7.8,6.1,1.2,2.3,2,2.079,0.012,0.003,7.7,119
4007110,주암(본),2025-09-22,25,8,6.5,0.7,2.6,2.4,0.55,0.015,0.002,3.6,87
2008101,군위,2025-09-22,24,8.5,10.3,1.4,5.3,3.6,1.735,0.016,0,2.4,137
5101110,장흥,2025-09-22,25,7.2,9,1.7,3.1,1.3,0.62,0.011,0.003,2.7,73
1012110,소양강,2025-09-22,18,6.5,7.9,0.8,1.7,0.9,2.054,0.008,0.003,11.5,62
3303110,부안,2025-09-22,24,6.6,6.8,0.7,2.8,1.1,2.169,0.007,0,0.8,75
3203110,보령,2025-09-22,25,8,9.3,2.1,2.5,5.2,1.839,0.028,0,2.1,119
2018110,남강,2025-09-22,23,6.9,9,1.9,4.6,8.8,1.957,0.045,0.011,21.3,93
2021110,밀양,2025-09-22,23,6.5,9.8,1.3,1.7,1.6,0.977,0.008,0.005,1.4,49
2021210,운문,2025-09-22,25,7.8,8.1,1.2,3.6,3.7,1.014,0.01,0.001,1.2,88
1003110,충주,2025-09-22,19,8.1,8.2,1.9,2.1,7,2.685,0.038,0.031,8.6,192
3001110,용담,2025-09-22,22,8.1,8.3,1.9,2.4,1,2.004,0.01,0,0.6,104
4001110,섬진강,2025-09-22,23,7.3,8.3,1.7,2.8,3.5,0.702,0.029,0,2.2,123
5002201,평림,2025-09-22,19,7.2,7,1.5,2.1,2,0.638,0.031,0,2.2,121
2503220,구천,2025-09-22,27,7.5,3.8,,4.2,2.1,,,,1.9,
3008110,대청,2025-09-22,20,8,6.7,3.3,3.2,1.2,2.509,0.025,0.007,3.8,150
5101110,장흥,2025-08-22,27,7.2,8.3,1.3,3.7,1.3,0.604,0.01,0,3.1,76
3001110,용담,2025-08-22,25,8.2,8.1,1.8,2.6,0.8,2.106,0.008,0,0.8,121
4007110,주암(본),2025-08-22,23,7.8,6.6,0.9,2.2,2.4,0.594,0.015,0.001,3.9,82
1012110,소양강,2025-08-22,13,7.5,8.8,1.4,2.1,1.7,2.126,0.009,0.001,1.2,71
1003110,충주,2025-08-22,19,7.9,6.4,1.7,2.4,1.4,2.873,0.038,0.016,1.6,224
2021110,밀양,2025-08-22,28,6.9,9.1,1.5,1.6,2.8,1.095,0.012,0.006,3.1,55
2001110,안동,2025-08-22,19,7.8,9.1,0.9,3.4,2,1.277,0.014,0.007,2.1,180
4104610,주암(조),2025-08-22,21,7.8,2.6,1.3,1.8,1.6,0.8,0.009,0.001,4.1,76
2503210,연초,2025-08-22,27,7.2,8.1,,3.7,1.9,,,,2.9,
4001110,섬진강,2025-08-22,27,8.4,7.7,2.1,4,2.7,1.363,0.013,0,2.8,126
3008110,대청,2025-08-22,15,7.1,9.5,1.2,2.6,0.8,2.519,0.012,0.003,2.5,172
3303110,부안,2025-08-22,19,6.7,8.2,1,3,1,1.924,0.012,0.001,0.9,70
3203110,보령,2025-08-22,27,7.6,6.4,1.4,3.3,9.8,2.459,0.031,0.004,3.8,192
1006110,횡성,2025-08-22,17,7.1,5.2,1.1,1.6,1,2.472,0.01,0.004,1.8,124
2503220,구천,2025-08-22,26,7.4,4.5,,4.1,2.1,,,,1.8,
2018110,남강,2025-08-22,25,7,9.7,1.3,5.4,2.8,2.342,0.023,0.016,0.8,86
2002110,임하,2025-08-22,20,7.7,7.5,1.2,3.8,3,1.358,0.021,0.012,7.1,167
2015110,합천,2025-08-22,14,8.5,5.5,1,2.2,2.4,1.362,0.013,0.003,5.4,121
2021210,운문,2025-08-22,25,6.9,2.4,0.4,3.7,2.7,1.58,0.014,0.002,3,92
2008101,군위,2025-08-22,27,8.5,11.9,1.4,6.2,3.1,0.677,0.027,0,1.9,131
5002201,평림,2025-08-22,26,7.2,6.2,0.9,3.5,4.4,0.63,0.036,0,2.7,126
1006110,횡성,2025-07-22,21,7.4,6.8,1.9,2.8,2.8,2.541,0.016,0.005,2.9,142
4007110,주암(본),2025-07-22,16,7.8,5.5,0.7,2,1.6,0.598,0.012,0.001,3.1,84
5101110,장흥,2025-07-22,21,7.4,4.9,1.5,4,1,1.072,0.009,0.003,2.6,76
2503220,구천,2025-07-22,24,7.4,4.9,,2.7,2.1,,,,1.5,
2015110,합천,2025-07-22,12,8.6,4.4,1,2,2,1.362,0.012,0.001,4,108
5002201,평림,2025-07-22,24,7.2,6.6,0.8,3.2,4.8,0.645,0.026,0,1,124
3001110,용담,2025-07-22,14,8.8,9.2,1.8,3.5,0.8,2.051,0.01,0,0.5,122
3203110,보령,2025-07-22,24,8,6.8,1.4,1.9,6.4,2.144,0.023,0,4.3,213
3008110,대청,2025-07-22,13,7.7,10.3,1.5,2.2,0.4,2.223,0.019,0.005,0.4,166
2001110,안동,2025-07-22,20,7.5,9,1,3,2.1,1.131,0.012,0.002,2.6,178
2021110,밀양,2025-07-22,22,7.2,9.1,1.2,1.2,2.8,0.766,0.008,0.007,2.1,99
1012110,소양강,2025-07-22,16,6.5,8,1.6,1.7,5.3,2.341,0.011,0.006,0.1,86
2008101,군위,2025-07-22,29,7.8,7.6,0.8,5.5,4,0.963,0.027,0.003,2,131
2503210,연초,2025-07-22,26,7.2,8.3,,4.4,2.2,,,,2.8,
4104610,주암(조),2025-07-22,11,7.5,6.4,1.2,2.2,1.6,0.792,0.01,0.001,2.6,72
1003110,충주,2025-07-22,14,8.1,8.6,1.6,2.4,1.2,2.358,0.005,0.002,1.3,253
4001110,섬진강,2025-07-22,29,8.5,8.4,2.3,3.2,2.7,1.489,0.018,0,3.1,139
2021210,운문,2025-07-22,23,7.3,6.6,0.7,3.7,3.7,1.104,0.016,0.008,3.4,78
3303110,부안,2025-07-22,18,7,9.6,0.8,2.4,0.6,1.728,0.002,0,1.2,71
2018110,남강,2025-07-22,28,8.1,9.2,1.9,6.2,2.8,0.972,0.015,0.009,1.7,161
2002110,임하,2025-07-22,22,7.6,9.3,1.3,3.4,4,0.986,0.02,0.003,4.2,187
2018110,남강,2025-06-22,23,7.9,9.1,0.9,2.8,2.8,1.743,0.017,0.003,4.1,146
3008110,대청,2025-06-22,11,6.8,11,2,3.7,0.4,2.726,0.009,0.005,2.2,159
2001110,안동,2025-06-22,18,7.3,9.8,1,3.3,2,1.23,0.015,0.008,2.4,177
2021210,운문,2025-06-22,22,8.6,9.5,1.1,2.6,1.3,0.769,0.011,0.008,1.7,88
2503210,연초,2025-06-22,23,7.2,8.6,,3.3,2.4,,,,3,
3303110,부안,2025-06-22,14,7.2,9.3,0.8,3,1.2,2.03,0.006,0,2.4,69
4104610,주암(조),2025-06-22,9,7.9,8.7,1,1.9,1.2,0.792,0.007,0.003,2.5,69
2008101,군위,2025-06-22,21,7.6,7.8,0.7,5.5,4,0.99,0.008,0,1.2,112
4007110,주암(본),2025-06-22,15,7.9,7.6,1,2,1.2,0.589,0.008,0.003,3.1,83
1006110,횡성,2025-06-22,8,7.6,8.7,1.6,2,1.1,2.511,0.01,0.008,1,141
5101110,장흥,2025-06-22,19,7.8,7.9,2.3,3.6,1.8,0.5,0.009,0.003,2.5,72
4001110,섬진강,2025-06-22,22,8.1,9.7,1.6,3.5,1.9,1.856,0.01,0.005,1.6,124
2015110,합천,2025-06-22,11,7.9,8.8,1.4,2.1,1.6,1.419,0.01,0.001,3,91
1012110,소양강,2025-06-22,7,7.4,10.8,1.1,1.6,1.7,1.985,0.008,0.003,0.1,79
2021110,밀양,2025-06-22,20,6.8,9.1,1.3,1.5,2.1,,0.013,0.007,5.8,58
3203110,보령,2025-06-22,10,7.8,10.8,1,2.5,5.8,2.138,0.023,0,3,188
3001110,용담,2025-06-22,15,7.8,9.8,1.8,2.7,0.8,1.906,0.01,0,0.6,126
1003110,충주,2025-06-22,11,8,10.1,2.2,2.7,1.4,2.358,0.002,0.002,0.3,239
2503220,구천,2025-06-22,20,7.6,6.8,,3.3,2.1,,,,1.8,
2002110,임하,2025-06-22,20,7.7,9.7,1.3,2.9,2,1.208,0.022,0.013,3.3,166
5002201,평림,2025-06-22,19,6.7,6.5,0.4,3,2,0.794,0.024,0,0.9,118
3203110,보령,2025-05-22,11,8,9.8,1.7,3.2,1.2,1.839,0.013,0,2.4,202
1012110,소양강,2025-05-22,6,7.4,9,1.2,1.5,1.2,2.506,0.008,0.003,0.1,86
2021110,밀양,2025-05-22,16,7,9.5,1.5,2.4,4,1.004,0.012,0.002,4.8,60
5101110,장흥,2025-05-22,15,7.4,10.2,1.8,2.5,1.1,0.765,0.006,0,5.9,71
1006110,횡성,2025-05-22,6,7.2,8.9,1.5,1.9,1.1,2.478,0.008,0.004,0.8,140
2018110,남강,2025-05-22,17,7.7,9.1,1.1,3.4,3.2,1.455,0.01,0.003,1.1,157
3001110,용담,2025-05-22,14,8.1,10.1,1.2,2.7,0.7,2.211,0.008,0,0.8,143
2002110,임하,2025-05-22,14,7.4,10.3,1.3,4.3,2,1.444,0.015,0.01,2.2,178
2503210,연초,2025-05-22,19,7.1,11.3,,4.8,3.4,,,,2.9,
4104610,주암(조),2025-05-22,8,7.4,10.2,1.2,2.1,0.8,0.792,0.018,0.004,2.4,68
2001110,안동,2025-05-22,15,7.2,9.9,1.2,4,1,1.135,0.015,0.008,2.4,166
4007110,주암(본),2025-05-22,12,8,12.6,1.1,1.9,2,0.586,0.011,0.005,2.9,76
5002201,평림,2025-05-22,12,7.4,8.2,0.6,2.1,1.6,1.347,0.03,0,0.7,108
3303110,부안,2025-05-22,14,7.3,9.9,0.9,3,1,1.562,0.004,0,1.4,67
4001110,섬진강,2025-05-22,16,8,10.1,1.6,3.5,1.8,2.548,0.009,0.004,1.5,121
3008110,대청,2025-05-22,8,7.4,11.8,1.6,3.3,0.4,2.347,0.008,0.005,0.9,157
2015110,합천,2025-05-22,10,8.1,4.7,0,1.9,1.6,1.723,0.015,0.005,3.4,83
2021210,운문,2025-05-22,19,7.6,10.1,1,2.7,3.7,0.925,0.011,0.002,2.3,87
1003110,충주,2025-05-22,8,8,11,1.8,2.6,2.6,2.294,0.004,0.003,1.2,236
2503220,구천,2025-05-22,15,7.6,7.3,,3.4,2,,,,1.5,
2008101,군위,2025-05-22,16,7.5,9.5,0.5,5.2,0.4,1.054,0.007,0,3.2,106
5002201,평림,2025-04-22,12,7.5,9.4,0.8,3,2,1.001,0.023,0.003,0.7,109
2021210,운문,2025-04-22,10,7.5,12.8,1.3,3,3.8,1.04,0.007,0.002,1.9,85
5101110,장흥,2025-04-22,11,7.6,11.7,1.6,2.3,1.2,0.737,0.008,0,6.2,70
3303110,부안,2025-04-22,9,7,11.6,0.9,2.8,0.8,1.756,0.004,0,1.1,66
2008101,군위,2025-04-22,16,7.6,8.7,0.6,4.9,4,1.25,0.016,0,2.1,105
4104610,주암(조),2025-04-22,7,7.6,11.9,0.9,2.1,0.8,0.732,0.006,0,2.7,68
2021110,밀양,2025-04-22,11,7.3,11.2,1.5,2.1,2.4,,0.005,0.003,4.2,54
2002110,임하,2025-04-22,9,8,10.5,1.1,2.6,2,1.58,0.017,0.01,3.5,178
1003110,충주,2025-04-22,7,8,12.5,1.9,2.7,3,2.35,0.003,0.001,2.2,247
1012110,소양강,2025-04-22,6,7.5,9.1,1.3,1.5,1,2.164,0.009,0.002,1.7,76
2503210,연초,2025-04-22,11,7.4,10.8,,3.7,1.8,,,,1.6,
3001110,용담,2025-04-22,10,7.8,9.8,0.9,2.8,0.5,2.105,0.007,0,1.1,137
2018110,남강,2025-04-22,13,8.3,10.4,1.2,2.2,1.2,1.804,0.014,0.003,4.2,163
2503220,구천,2025-04-22,11,8,10.3,,2.4,6,,,,2.2,
4007110,주암(본),2025-04-22,9,8.1,12.4,1,2.3,0.4,0.518,0.01,0,2.8,72
3203110,보령,2025-04-22,10,7.8,10.1,1.2,3.4,3,2.358,0.021,0.005,1.7,201
2001110,안동,2025-04-22,8,7.5,10.8,1.2,3,1,1.458,0.013,0.005,3.5,190
1006110,횡성,2025-04-22,8,7.8,10.5,1,1.5,1,2.507,0.007,0.004,0.8,145
3008110,대청,2025-04-22,8,7.6,12.2,1.3,2.8,1.2,2.313,0.008,0.002,0.7,158
2015110,합천,2025-04-22,9,8.1,9.9,0.7,1.9,2,1.484,0.01,0.002,3.9,89
4001110,섬진강,2025-04-22,11,8.2,10.5,1.7,3.5,1.8,1.948,0.012,0.004,1.5,124
5002201,평림,2025-03-22,5,7.5,10.2,1,2.8,0.4,0.74,0.026,0,0.7,103
2002110,임하,2025-03-22,9,7.4,11,1.1,3.7,2,1.388,0.016,0.01,3.5,175
4001110,섬진강,2025-03-22,6,7.3,10.4,1.8,3.5,1.8,1.912,0.014,0.006,1.4,122
3008110,대청,2025-03-22,6,8.3,13.1,2.5,3.1,0.8,3.257,0.013,0.006,0.2,156
3303110,부안,2025-03-22,5,7.1,11.6,1,2.6,0.4,1.682,0.003,0,0.8,66
3001110,용담,2025-03-22,5,7.8,10.4,1.2,2.5,0.7,2.057,0.009,0,0.4,152
2018110,남강,2025-03-22,6,8.6,9.8,0.8,2.6,0.4,0.863,0.011,0.005,3.4,144
2021210,운문,2025-03-22,5,7.5,13.1,1.6,2.6,0.7,1.01,0.008,0.002,2.1,82
2021110,밀양,2025-03-22,6,7.5,11.4,1.5,1.7,2,0.832,0.01,0.009,2.4,56
1006110,횡성,2025-03-22,6,7.4,9.3,1.6,2.1,1.3,2.641,0.006,0.004,1,143
1012110,소양강,2025-03-22,6,7.5,9.8,0.8,1.1,1.7,2.21,0.006,0.002,0.1,75
2010101,김천부항,2025-03-22,4,8.1,13.4,0.8,3.5,1,,,,1.3,87
2015110,합천,2025-03-22,7,7.5,10,1.3,2.1,1.2,1.463,0.01,0.003,3.6,82
2008101,군위,2025-03-22,7,7.1,12.7,0.4,5.6,4,1.158,0.017,0,4.1,101
2001110,안동,2025-03-22,7,7.2,10.2,1,3.3,2,1.217,0.015,0.007,2.3,160
1003110,충주,2025-03-22,5,8.1,12.4,1.9,2.7,1,2.384,0.002,0.001,0.4,226
2503220,구천,2025-03-22,8,6.9,11.2,,3.5,5,,,,2.2,
5101110,장흥,2025-03-22,6,7.5,12.8,1.8,2.3,2,0.813,0.005,0.001,4.7,88
3203110,보령,2025-03-22,8,7.9,11.7,1.3,2.4,3.8,2.074,0.023,0.002,0.7,197
2503210,연초,2025-03-22,11,7.4,10.2,,3.2,2.8,,,,2.2,
4104610,주암(조),2025-03-22,6,6.9,11.9,1,2,1.2,0.982,0.006,0.001,1.9,75
4007110,주암(본),2025-03-22,5,6.7,11.9,1,2.4,0.8,0.636,0.007,0.001,1.5,81
4001110,섬진강,2025-02-22,7,7.3,10.3,1.8,3.6,1.8,1.765,0.009,0,1.5,123
4007110,주암(본),2025-02-22,6,7.1,12.4,1.2,2.6,0.8,0.679,0.008,0.001,1.3,81
5101110,장흥,2025-02-22,6,7.2,9.1,1.8,2.1,1.9,0.832,0.009,0.001,2.1,77
2010101,김천부항,2025-02-22,4,7.9,13.7,0.9,3.4,0.7,1.022,0.013,0,1,94
2008101,군위,2025-02-22,2,6.9,14.5,0.1,5.4,4,1.162,0.01,0,6.6,101
2002110,임하,2025-02-22,7,7.2,9.5,1.3,3.3,4,1.358,0.016,0.009,3,172
5002201,평림,2025-02-22,9,7.6,11,0.9,1.9,0.8,0.96,0.028,0.003,0.7,109
2503220,구천,2025-02-22,7,7.5,10.7,,3.6,5,,,,2.2,
3203110,보령,2025-02-22,3,7.9,12.8,1.4,3.5,3,2.738,0.005,0,1.6,173
3303110,부안,2025-02-22,4,6.8,11.4,1.3,2.6,0.8,1.711,0.004,0,0.8,66
3001110,용담,2025-02-22,3,7.4,11.8,1.4,2.1,1.5,2.119,0.007,0,0.8,171
2018110,남강,2025-02-22,4,8.7,9.2,0.9,1.9,2,1.136,0.011,0.003,3.4,139
2015110,합천,2025-02-22,7,7.6,10,0.6,1.9,1.6,1.34,0.01,0.003,1.5,82
2021110,밀양,2025-02-22,5,7.7,11.2,1.4,1.4,3.6,1.216,0.008,0.002,1.5,54
1006110,횡성,2025-02-22,5,6.9,10.3,0.8,1.1,1.1,2.486,0.006,0.004,0.9,162
1003110,충주,2025-02-22,6,8.4,12,2,2.9,1,2.334,0.006,0.003,0.8,247
4104610,주암(조),2025-02-22,7,7.1,11.6,0.7,2.2,0.8,1.086,0.009,0.001,1.6,74
2503210,연초,2025-02-22,8,7.2,10.1,,2.9,2.4,,,,2.1,
1012110,소양강,2025-02-22,6,7.5,8.2,0.8,0.9,1.7,2.164,0.01,0.002,0.1,73
2021210,운문,2025-02-22,4,7.5,13.5,0.5,2.5,1.2,1.087,0.008,0,1.7,84
2001110,안동,2025-02-22,9,6.9,9.1,1,2.3,3,1.332,0.013,0.003,2.5,165
3008110,대청,2025-02-22,6,8,13,1.8,3,2,2.689,0.014,0.005,1,156
1006110,횡성,2025-01-22,6,7.5,9.3,1.3,2.1,0.9,2.189,0.008,0.005,1.2,153
3303110,부안,2025-01-22,7,6.8,9.4,0.9,2.8,1.3,1.649,0.005,0.001,1,67
2503210,연초,2025-01-22,6,7.2,9.6,,2.1,2.2,,,,1.9,
2015110,합천,2025-01-22,8,7.5,9.6,0.8,1.9,1.6,1.323,0.01,0.002,1.2,87
3008110,대청,2025-01-22,8,7.8,11.6,1.5,3.2,0.8,2.472,0.011,0.005,0.4,152
2002110,임하,2025-01-22,10,7.3,9.5,1.2,4,3,1.336,0.02,0.009,4.5,180
4007110,주암(본),2025-01-22,8,7.6,10.8,0.7,2.2,0.4,0.662,0.007,0,1.6,80
2021210,운문,2025-01-22,4,7.2,11,1,3.6,1.8,1.112,0.004,0.006,2.5,90
2001110,안동,2025-01-22,10,7.3,9,1,3.8,2,1.29,0.018,0.01,3.5,170
3001110,용담,2025-01-22,4,7.4,10,1.5,3,1.2,2.118,0.009,0,0.7,160
4001110,섬진강,2025-01-22,7,7.4,10.3,1.9,3.6,1.9,2.1,0.009,0.006,1.5,126
1003110,충주,2025-01-22,7,8.3,10.6,1.4,2.3,0.6,2.239,0.01,0.003,1,197
4104610,주암(조),2025-01-22,10,7.5,10.4,0.4,2,0.8,0.991,0.009,0,2,73
1012110,소양강,2025-01-22,8,6.5,7.5,0.9,2,0.3,2.103,0.009,0.002,1,80
2021110,밀양,2025-01-22,5,7.2,11.1,1.4,2,2.4,1.025,0.007,0.004,1.6,53
5002201,평림,2025-01-22,5,7.4,9.7,1,3.2,0.4,1.331,0.016,0,0.8,105
2503220,구천,2025-01-22,5,7.4,10.9,,3.7,6,,,,2.1,
2008101,군위,2025-01-22,5,6.8,11.4,0.2,6.8,4,1.273,0.025,0.006,5.3,92
3203110,보령,2025-01-22,7,7.8,12,0.9,4,1.8,1.899,0.007,0,2,147
5101110,장흥,2025-01-22,6,7.1,10.9,1.8,2.5,1.2,0.542,0.006,0.001,1.2,69
2018110,남강,2025-01-22,5,8.7,11.2,0.6,2.6,1.6,1.526,0.02,0.008,1.7,131
2010101,김천부항,2025-01-22,6,7.3,12.9,0.9,3.2,0.7,0.981,0.013,0,2.8,85
4001110,섬진강,2025-12-21,12,7.5,10.4,1.8,3.6,1.9,2.076,0.008,0.005,1.5,125
4104610,주암(조),2025-12-21,15,6.5,8.1,0.9,2.5,1.2,0.811,0.008,0,1.6,72
1006110,횡성,2025-12-21,8,7.7,9.3,1.4,2.1,3.1,2.302,0.009,0.006,2.4,132
2008101,군위,2025-12-21,9,8.6,10.9,0.6,6.8,3.8,1.217,0.022,,10.2,100
2021210,운문,2025-12-21,11,6.9,8.9,0.6,3.9,1.2,1.144,0.01,0.006,2.7,60
2002110,임하,2025-12-21,11,7.6,9,0.8,3.9,6,1.208,0.025,0.014,7.2,177
3001110,용담,2025-12-21,4,8.1,7.8,1.9,3.2,0.4,2.113,0.01,0,0.9,161
4007110,주암(본),2025-12-21,14,7.2,8.3,0.7,2.5,1.6,0.741,0.01,0.001,1.8,79
3303110,부안,2025-12-21,11,6.8,10.2,0.5,3,0.8,1.735,0.005,0.001,1.5,64
1012110,소양강,2025-12-21,9,6.5,9,1.6,0.9,0.7,2.275,0.001,0.001,1.1,77
5101110,장흥,2025-12-21,10,7.2,8.5,1,1.9,1,0.812,0.005,0.001,1.2,68
3008110,대청,2025-12-21,13,8,8.5,1.6,3.6,1.2,2.796,0.02,0.005,0.2,145
2503220,구천,2025-12-21,13,6.5,4.3,,1.8,0.9,,,,2.4,
5002201,평림,2025-12-21,11,7.3,8,1.1,3.3,1.6,0.706,0.049,0.009,2.4,103
2001110,안동,2025-12-21,12,7.2,9.3,1,3.5,2,1.33,0.021,0.012,2.7,167
2503210,연초,2025-12-21,15,7.6,9.9,,4.2,8.4,,,,4.4,
3203110,보령,2025-12-21,11,7.5,10.5,1.1,2.1,2.2,1.963,0.005,0.003,4.3,147
1003110,충주,2025-12-21,12,8.2,9.4,1.6,2.4,1,2.31,0.009,0,2.8,196
2018110,남강,2025-12-21,10,8.3,9.9,0.8,2,1.6,0.889,0.016,0.014,2.2,120
2015110,합천,2025-12-21,10,7.2,7.1,0.8,1.7,2,1.207,0.012,0.003,2,80
2021110,밀양,2025-12-21,9,7.4,9.8,1.5,1.7,2.4,1.27,0.011,0,1.9,51
2002110,임하,2025-11-21,18,7.2,7.6,1.1,4.4,4,1.804,0.028,0.021,5.2,166
1003110,충주,2025-11-21,19,8.1,7.3,1.6,2.4,2.2,2.427,0.01,0.001,2.9,235
2021210,운문,2025-11-21,18,7.1,8.2,0.3,4.2,1.4,1.114,0.008,0.002,3.4,71
2503210,연초,2025-11-21,18,7.4,8.6,,4.2,6.4,,,,3.5,
4104610,주암(조),2025-11-21,19,6.5,2.1,0.9,2.4,1.2,0.821,0.013,0.001,5.6,69
5101110,장흥,2025-11-21,15,7.7,7.9,1,2,0.9,0.851,0.012,0.001,0.9,71
2008101,군위,2025-11-21,13,8.3,8.3,0.2,6.8,3.1,1.265,0.023,,9.7,97
2015110,합천,2025-11-21,10,7.1,9.2,0.9,2.1,2,1.213,0.013,0.005,2.1,84
2001110,안동,2025-11-21,18,7.2,7,1,3.3,6,1.794,0.024,0.012,2.4,163
2021110,밀양,2025-11-21,14,7.1,8.6,1.3,1.7,0.8,0.746,0.01,0.006,2.1,49
2018110,남강,2025-11-21,18,8.3,9.1,0.9,3.1,3.2,0.785,0.019,0.016,1.2,115
3008110,대청,2025-11-21,18,7.1,6.4,1.5,5.1,1.6,2.712,0.01,0.013,0.1,145
5002201,평림,2025-11-21,18,7.3,7.4,0.7,3.7,3.2,0.734,0.03,0,2.2,101
1006110,횡성,2025-11-21,13,7.3,6.8,1.1,2.5,1,2.4,0.011,0.005,0.5,124
3203110,보령,2025-11-21,18,7.9,9.4,1.2,2.3,2.8,2.074,0.013,0,2.6,136
3001110,용담,2025-11-21,15,7.6,8.1,1.5,2,0.5,2.157,0.01,0.003,1.5,157
3303110,부안,2025-11-21,18,6.6,7.9,0.6,3.2,1,1.678,0.008,0.003,1.1,63
2503220,구천,2025-11-21,18,6.8,4.3,,1.8,0.9,,,,1.8,
4007110,주암(본),2025-11-21,18,7.4,7.5,0.6,2.4,1.6,0.747,0.013,0.001,2.7,77
1012110,소양강,2025-11-21,9,6.5,9.5,1.3,1.5,0.3,2.368,0.005,0.001,1.8,73
4001110,섬진강,2025-11-21,15,8.2,10,2,3.8,2.2,2.15,0.014,0.003,1.8,128
3303110,부안,2025-10-21,18,6.4,6.8,0.6,3.4,1,1.812,0.004,0,0.7,69
4007110,주암(본),2025-10-21,24,6.7,5,0.7,2.5,0.8,0.793,0.016,0.002,2.4,77
3001110,용담,2025-10-21,19,7.6,8.8,1.8,3,1.2,2.118,0.011,0.004,1.8,142
4104610,주암(조),2025-10-21,19,6.8,3.4,0.8,2.5,0.8,0.832,0.014,0.002,0.5,69
2002110,임하,2025-10-21,23,7.4,6.6,1.2,4.7,4,1.82,0.026,0.014,9.1,128
1006110,횡성,2025-10-21,17,7.9,8,1.3,2,1.7,2.23,0.007,0.003,1,126
4001110,섬진강,2025-10-21,22,8.4,8.5,2.3,4.4,2.5,2.031,0.025,0,2,136
2001110,안동,2025-10-21,20,7.5,7.4,1.2,3.7,4,1.689,0.024,0.013,2.3,160
2503210,연초,2025-10-21,25,6.7,6.5,,2.7,9,,,,2.8,
2021210,운문,2025-10-21,23,7.2,7.6,1,4.6,2.4,1.033,0.01,0.001,1.9,77
5002201,평림,2025-10-21,22,7,6,0.5,3.4,2,0.905,0.027,0.011,2.2,97
3203110,보령,2025-10-21,24,7.7,8.3,1.3,3.5,1.6,1.976,0.015,0.004,1.4,119
1012110,소양강,2025-10-21,10,6.3,9.4,1.1,1.5,8.3,2.266,0.005,0.001,1.3,72
2018110,남강,2025-10-21,24,7.8,9.1,1.3,2.9,2,0.73,0.014,0.011,3.4,100
2021110,밀양,2025-10-21,20,7.4,8.6,1.7,2.2,1.6,0.685,0.014,0.005,3.5,55
2015110,합천,2025-10-21,11,7.1,4.6,1.2,2.4,1.6,1.723,0.015,0.005,3.2,86
5101110,장흥,2025-10-21,24,7.4,8.3,1.4,2.1,1.2,1.053,0.009,0.001,1.2,66
1003110,충주,2025-10-21,20,8.1,7.2,1.7,2.6,0.6,2.595,0.01,0.003,1.4,218
2503220,구천,2025-10-21,19,6.5,4.3,,1.3,0.9,,,,2,
2008101,군위,2025-10-21,19,7.3,4.7,0.4,6.5,7.6,1.367,0.042,,14.7,92
3008110,대청,2025-10-21,22,7.8,5.6,2.5,4,2.4,2.142,0.028,0.013,0.1,127
2503210,연초,2025-09-21,22,6.5,6.7,,3,8.4,,,,14.2,
5002201,평림,2025-09-21,22,7,6.8,0.6,2.6,2,0.861,0.005,0,2.4,95
1006110,횡성,2025-09-21,16,7.4,9.2,1.9,2.1,2.4,2.184,0.008,0.006,1.6,127
2001110,안동,2025-09-21,15,6.8,7.1,1.2,3,3,1.744,0.023,0.015,2.1,144
2002110,임하,2025-09-21,21,7.3,7.7,1.6,3.6,8,1.926,0.025,0.012,8.5,143
2503220,구천,2025-09-21,19,6.6,6.8,,2.6,2.4,,,,3,
2008101,군위,2025-09-21,24,9.1,6.5,1.6,7,3.8,0.911,0.023,0,8.1,86
1003110,충주,2025-09-21,20,7.6,5.6,1.6,2.6,0.8,2.72,0.008,0.002,1.2,223
3008110,대청,2025-09-21,22,6.4,5.7,1.8,3,2.4,2.453,0.021,0.005,3.9,125
3001110,용담,2025-09-21,18,7.8,7.7,1.3,2.8,1.1,2.519,0.01,0.003,2.3,109
2018110,남강,2025-09-21,24,7.8,9.4,1.1,2.8,5.6,1.849,0.036,0.015,3.8,89
3203110,보령,2025-09-21,24,7.6,8.4,0.6,3,1.8,2.115,0.015,0,4.3,118
4001110,섬진강,2025-09-21,25,8.8,8.9,2.3,4.4,3.2,2.044,0.017,0.009,2,161
3303110,부안,2025-09-21,22,6.4,7.4,0.7,3.4,1.2,2.169,0.007,0,1,62
5101110,장흥,2025-09-21,25,6.7,10.2,1.9,2.5,1.4,0.748,0.012,0.001,1.9,72
1012110,소양강,2025-09-21,8,7.1,10.1,2.5,2,3.7,2.651,0.003,0.002,0.1,71
2015110,합천,2025-09-21,11,7.3,4.4,1.2,3.4,2,1.635,0.013,0.004,3.3,83
2021110,밀양,2025-09-21,20,7,7.7,1.7,2.1,3.2,0.874,0.019,0.013,6.3,42
4104610,주암(조),2025-09-21,18,6.5,3.8,0.7,2.7,0.4,0.921,0.014,0.002,1.5,70
2021210,운문,2025-09-21,24,7.7,8.6,0.7,4.4,1.2,1.262,0.014,0.003,4,80
4007110,주암(본),2025-09-21,17,6.4,2.1,0.8,2.7,2,0.837,0.022,0.002,2.3,79
2001110,안동,2025-08-21,18,7.9,8.2,1.3,2.7,2,0.923,0.015,0.006,3.5,109
3303110,부안,2025-08-21,18,6.8,8.6,1.1,3,1.8,1.638,0.006,0.001,1.6,66
5101110,장흥,2025-08-21,25,6.8,7,1.4,2.5,0.7,1.055,0.01,0.001,2.5,66
2018110,남강,2025-08-21,29,8.1,10.3,1.2,2.2,2.4,1.283,0.024,0.016,2.6,94
2021210,운문,2025-08-21,27,8.2,10.3,1.7,3.7,3,1.557,0.007,0.003,4.3,81
2002110,임하,2025-08-21,23,7.1,8.3,1.6,3.6,6,1.536,0.023,0.013,12.3,110
3203110,보령,2025-08-21,23,7.5,7.6,0.6,3,1.8,2.077,0.005,0,1.6,117
5002201,평림,2025-08-21,21,7,6.2,0.6,2.8,0.8,1.205,0,0,1,98
2021110,밀양,2025-08-21,23,7,8.8,1.6,2.1,3.2,0.944,0.01,0.006,6,49
3001110,용담,2025-08-21,18,6.8,7.1,1.2,3.1,2.6,1.734,0.009,0.003,4.1,99
4007110,주암(본),2025-08-21,22,6.7,5.8,0.5,3,2.4,0.884,0.019,0.003,10.4,88
1006110,횡성,2025-08-21,19,7.3,9.3,2.1,2.8,1.7,2.614,0.007,0.005,3,126
2503210,연초,2025-08-21,21,6.6,6.2,,3.1,4.4,,,,2.5,
2503220,구천,2025-08-21,18,6.7,5.7,,2.3,1.4,,,,2.5,
3008110,대청,2025-08-21,20,7.1,4.4,1.6,2.8,2.4,2.212,0.011,0.004,3.2,119
4001110,섬진강,2025-08-21,27,8.8,9.1,2.4,4.6,3.2,2.125,0.025,0.005,2.1,162
1003110,충주,2025-08-21,20,8,7,1.6,2.6,0.4,2.316,0.009,0.002,1.2,228
2015110,합천,2025-08-21,14,7.1,2.6,1.1,3.4,2,1.53,0.012,0.003,1.1,83
1012110,소양강,2025-08-21,9,7.2,8,1.7,2,1.7,2.247,0.005,0.003,1.3,71
4104610,주암(조),2025-08-21,11,6.5,6.6,0.3,2.7,0.8,0.897,0.015,0.002,2.1,70
2008101,군위,2025-08-21,27,9.6,8.9,2.5,10.1,7.6,0.748,0.027,0.003,7.8,103
1003110,충주,2025-07-21,15,7.8,8.3,1.6,2.6,1,2.471,0.009,0.001,1.6,241
3008110,대청,2025-07-21,15,7.3,7.2,2.1,2.1,2.8,2.595,0.016,0.003,0.8,125
2021110,밀양,2025-07-21,21,7.1,9.2,1.9,1.8,12.8,0.678,0.011,0.017,5.3,53
5101110,장흥,2025-07-21,26,7.3,6.9,2.5,2.8,1.9,1.125,0.01,0.001,17.3,70
4001110,섬진강,2025-07-21,22,8.3,8.5,1.9,3.6,2.2,2.039,0.017,0,1.7,181
3001110,용담,2025-07-21,21,8.7,9.6,1.5,3.3,1.2,1.854,0.018,,1.8,107
5002201,평림,2025-07-21,20,7.1,6,0.3,3.2,1.2,0.912,0.072,0.01,2.5,96
1012110,소양강,2025-07-21,7,7.2,9.1,1.5,1.7,3,1.95,0.003,0.001,1.3,69
2015110,합천,2025-07-21,9,7,7.1,1.1,3.2,1.6,1.419,0.009,0.004,1.9,69
3303110,부안,2025-07-21,22,6.9,8.2,1.2,3,1,2.11,0.008,0,1.5,68
4007110,주암(본),2025-07-21,11,6.7,7.5,0.5,2.5,2,0.787,0.014,0.002,2.7,81
2503220,구천,2025-07-21,17,6.8,7.6,,2.1,2.7,,,,2.1,
2008101,군위,2025-07-21,25,8.4,7.2,0.7,4.7,0.9,1.149,0.018,0.004,0.9,99
1006110,횡성,2025-07-21,12,7.2,9.3,1.8,2.6,1.5,2.416,0.009,0.005,17.5,126
2001110,안동,2025-07-21,17,7.1,9,1.1,2.3,2,1.639,0.018,0.009,2.6,182
3203110,보령,2025-07-21,23,7.5,7.6,0.8,2.7,0.8,1.835,0.001,0,1.2,117
2002110,임하,2025-07-21,16,7.4,9,0.8,2.7,1,1.536,0.014,0.009,2.2,170
4104610,주암(조),2025-07-21,10,6.3,8.9,0.5,2.5,0.4,0.91,0.014,0.002,1.8,72
2503210,연초,2025-07-21,24,7.1,6.6,,2.9,8.4,,,,11,
2021210,운문,2025-07-21,24,8.3,7.7,2.1,3.4,3,1.655,0.014,0.008,4.6,72
3203110,보령,2025-06-21,17,7.4,8,1.1,2.8,5.6,1.935,0.012,0,5.8,113
5101110,장흥,2025-06-21,18,7.2,8.9,0.5,2.2,0.7,1.025,0.009,0.001,1.2,74
3001110,용담,2025-06-21,17,8.5,9.1,1.1,2.4,0.4,1.834,0.006,0.003,1.9,140
4104610,주암(조),2025-06-21,8,6.5,9.9,0.2,2.4,4,0.984,0.014,0.002,1.8,71
2015110,합천,2025-06-21,9,7,7.1,1.7,2.3,2,1.437,0.011,0.004,1.9,69
2018110,남강,2025-06-21,23,8,9.4,0.5,2.2,0.4,1.028,0.004,0.003,4.2,120
2503210,연초,2025-06-21,24,7.1,8.9,,2.9,5.4,,,,3.6,
2008101,군위,2025-06-21,23,8.5,7.7,0.4,5.2,0.1,1.315,0.009,0,1.3,97
2002110,임하,2025-06-21,15,7.1,9.3,0.7,3,3,1.625,0.015,0.007,3.5,170
5002201,평림,2025-06-21,17,7.1,6.9,0.5,2.8,0.8,1.159,0.018,0,3.6,107
2503220,구천,2025-06-21,15,6.6,10,,3.2,4.4,,,,1.6,
4001110,섬진강,2025-06-21,14,7.6,10.1,1.9,3.5,2,1.899,0.01,0,1.5,121
3008110,대청,2025-06-21,10,8,9.4,1.2,2.5,0,2.202,0.015,0.002,-1,112
1003110,충주,2025-06-21,11,7.9,9.9,1.7,2.6,2.2,2.331,0.011,0.003,3,242
2001110,안동,2025-06-21,16,7.3,8.9,0.8,3.2,1,1.323,0.012,0.007,2.5,170
4007110,주암(본),2025-06-21,12,6.5,8.7,0.3,2.4,0.8,0.784,0.013,0.002,2.1,75
2021210,운문,2025-06-21,8,7.4,8.4,1.6,2.7,3.1,1.587,0.008,0.001,5.5,64
3303110,부안,2025-06-21,10,6.8,9.4,1.1,2.8,0.8,1.296,0.007,0.001,1.2,67
2021110,밀양,2025-06-21,20,7.2,9.2,1.3,1.3,2,0.948,0.11,0.006,2.7,54
1012110,소양강,2025-06-21,7,6.9,9.5,1.8,1.9,0.7,2.228,0.009,0.005,1.5,67
1006110,횡성,2025-06-21,11,8.3,9.1,2.1,2.4,1.3,2.107,0.011,0.005,0.6,125
1006110,횡성,2025-05-21,11,8,10.3,1.6,2.1,1.2,1.925,0.008,0.005,0.8,121
2021110,밀양,2025-05-21,11,7.4,9.8,0.9,1.1,1.5,1.093,0.008,0.003,2.3,10
1003110,충주,2025-05-21,9,8,10.6,1.6,2.5,0.6,2.239,0.009,0.001,0.6,241
3203110,보령,2025-05-21,14,7.4,11.7,1.2,3.2,2.2,2.669,0.007,0,0.9,110
3001110,용담,2025-05-21,14,7.8,8.9,0.9,2.5,0.5,1.764,0.005,0,2.4,123
1012110,소양강,2025-05-21,7,6.9,9.7,1.8,1.7,1,2.055,0.009,0.004,1.7,67
4001110,섬진강,2025-05-21,11,7.8,10.5,2,3.5,2,2.119,0.017,0,1.5,110
5002201,평림,2025-05-21,13,7.2,8.9,0.4,3.3,1.2,1.209,0.012,0.006,2.7,95
2001110,안동,2025-05-21,10,7.4,10.4,1,3.5,1,1.316,0.013,0.006,2,171
2503210,연초,2025-05-21,22,6.8,6.7,,2.7,3.1,,,,2.3,
5101110,장흥,2025-05-21,19,7.1,10,1.4,2.5,0.4,0.587,0.009,0.001,1.1,81
2021210,운문,2025-05-21,8,7.4,10.6,1.8,3.2,3.8,1.676,0.008,0.001,10.6,42
2015110,합천,2025-05-21,8,6.9,7.3,1.5,2.4,2.4,1.427,0.016,0.004,2.3,66
3008110,대청,2025-05-21,8,7.8,9.8,1.4,3.4,0.8,1.823,0.014,0.003,-0.4,110
2018110,남강,2025-05-21,17,7.3,9.3,1.3,3,1.6,1.873,0.011,0.003,1.4,115
3303110,부안,2025-05-21,15,6.9,9.4,1,2.8,1.4,1.688,0.006,0,1.5,67
2503220,구천,2025-05-21,12,6.8,7.8,,3.1,0.8,,,,1.3,
2008101,군위,2025-05-21,17,8.3,7.6,0.9,5,1.1,1.345,0.012,0,2.1,93
4007110,주암(본),2025-05-21,7,6.7,10.5,0.3,2.5,0.8,1.183,0.014,0.001,2.3,79
4104610,주암(조),2025-05-21,8,7.3,10.6,0.2,2.3,0.8,1.521,0.015,0.002,0.9,71
2002110,임하,2025-05-21,11,7.5,9.3,0.8,4.2,2,1.689,0.018,0.01,4.6,172
3008110,대청,2025-04-21,2,7.8,13.1,1.6,2.6,1.2,1.812,0.012,0.001,-0.4,131
2015110,합천,2025-04-21,8,8.1,11.2,1.5,2.2,1.2,1.641,0.011,0.004,1.4,114
2018110,남강,2025-04-21,15,7.7,10.1,1,2.7,1.2,1.206,0.012,0.003,0.7,139
2001110,안동,2025-04-21,10,7.3,10.8,1.1,3.6,2,1.308,0.011,0.005,3.5,167
1012110,소양강,2025-04-21,7,6.4,10.1,2,2,0.7,2.139,0.008,0.004,1.5,75
3303110,부안,2025-04-21,9,6.8,10,0.9,3,1.6,1.692,0.003,0,1.4,64
5002201,평림,2025-04-21,10,7.2,8.2,0.6,3.8,2,1.343,0.047,0.008,3.4,97
4007110,주암(본),2025-04-21,10,7.1,12.2,1,2.7,1,0.773,0.014,0.002,1.5,71
4104610,주암(조),2025-04-21,7,6.9,11.5,0.7,2.2,0.8,1.004,0.012,0.001,1.6,69
2021110,밀양,2025-04-21,10,7.1,11,0.9,1.3,2.4,1.102,0.011,0.008,2.4,40
2002110,임하,2025-04-21,10,7.2,11,1.3,5.1,7,1.482,0.018,0.01,12.1,183
2008101,군위,2025-04-21,13,8,10.5,0.5,5.3,2.4,1.305,0.011,0,3,92
3203110,보령,2025-04-21,8,7.6,11.7,0.8,2.8,1.4,1.57,0.013,0.003,1.1,105
4001110,섬진강,2025-04-21,8,7.7,11.1,1.9,3.5,1.9,2.155,0.008,0,1.5,109
5101110,장흥,2025-04-21,11,7.1,10.2,1.2,2.4,1.4,0.774,0.002,0,1.1,75
2503220,구천,2025-04-21,9,6.7,8.8,,2.9,1.6,,,,2.1,
2503210,연초,2025-04-21,18,7.1,8.7,,2.6,2.7,,,,3.3,
1003110,충주,2025-04-21,9,8.2,11.5,2.6,1.7,0.6,2.159,0.01,0.001,0.8,242
1006110,횡성,2025-04-21,8,8.8,11.8,1.1,1.8,1.1,1.826,0.007,0.005,0.9,120
2021210,운문,2025-04-21,7,7.6,12,1.8,2.6,2.8,1.526,0.009,0.002,5.6,62
3001110,용담,2025-04-21,11,7.8,10.1,0.9,2.5,0.4,1.726,0.006,0,2.1,130
5002201,평림,2025-03-21,6,7.6,10.6,1.1,4.2,0.4,1.207,0.015,0.004,3.9,97
4001110,섬진강,2025-03-21,5,7.5,11.2,1.9,3.4,1.9,2.11,0.01,0,1.5,123
4007110,주암(본),2025-03-21,6,7.8,12.8,0.7,2.6,1.2,0.88,0.011,0,2.4,59
2015110,합천,2025-03-21,8,8.2,11.2,1.9,3.1,2,1.613,0.011,0.005,1.2,111
5101110,장흥,2025-03-21,8,7.2,12.5,1.9,3.1,1.1,1.004,0.01,0,1,79
2008101,군위,2025-03-21,5,7.3,11.9,0.4,6,2.4,1.119,0.009,0,1.7,90
1003110,충주,2025-03-21,7,8.1,12.2,1.8,2.6,0.6,2.063,0.01,0.001,1,216
2002110,임하,2025-03-21,9,7.6,11.2,1.5,5.2,8,1.807,0.02,0.012,13.5,171
3001110,용담,2025-03-21,6,7.8,11.5,1.1,3.2,0.5,1.615,0.01,0,1.6,154
1006110,횡성,2025-03-21,4,7.6,11.2,2,2.3,1.1,1.721,0.006,0.003,0.9,118
2503220,구천,2025-03-21,7,7,10.4,,2.7,2.2,,,,2.7,
2021110,밀양,2025-03-21,7,7,11.5,1.3,1.1,4,1.08,0.012,0.012,3.2,51
2001110,안동,2025-03-21,8,7.4,10.8,1.3,3.9,4,1.722,0.011,0.006,5.2,166
4104610,주암(조),2025-03-21,7,8.1,12.5,0.8,2.4,2,1.037,0.011,0.001,2.1,58
2503210,연초,2025-03-21,10,7.3,11.4,,2.5,2.5,,,,2,
3303110,부안,2025-03-21,5,6.9,11.2,0.8,2.6,1,1.49,0.001,0.001,0.6,62
3203110,보령,2025-03-21,4,7.5,11.7,1.2,2.1,2,1.799,0.01,0,0.9,95
3008110,대청,2025-03-21,1,9.7,14.6,1.4,2.3,0.4,2.18,0.012,0.001,0.5,138
2021210,운문,2025-03-21,5,7,13.2,1.9,3.1,4.5,1.549,0.008,0.002,7.2,59
2018110,남강,2025-03-21,7,7.7,10.1,1.6,2.6,0.8,1.384,0.001,0.001,2.1,156
1012110,소양강,2025-03-21,5,6.8,10,1.8,1.9,0.3,2.128,0.009,0.008,2.5,88
1012110,소양강,2025-02-21,8,7.2,12.2,1.7,1.9,0.7,1.664,0.009,0.006,1.6,72
4001110,섬진강,2025-02-21,5,7.4,11.1,1.7,3.3,1.9,2.186,0.009,0.006,1.5,118
3001110,용담,2025-02-21,6,7.5,11.3,1.3,3.5,0.8,1.675,0.01,0,1.5,284
2015110,합천,2025-02-21,7,7.9,13.5,0.6,2.7,1.6,1.347,0.008,0.002,0.8,58
5002201,평림,2025-02-21,4,7.6,12,1.7,3.1,1.2,1.156,0.026,0.005,1.2,88
2503220,구천,2025-02-21,5,7,9.7,,3,2,,,,2.3,
5101110,장흥,2025-02-21,5,7.8,12.1,2.4,3,1.3,0.948,0.013,0,0.4,74
2008101,군위,2025-02-21,2,7.4,12.8,0.6,6.5,3.8,1.049,0.009,0,1.6,90
3303110,부안,2025-02-21,5,6.7,10.9,1,2.6,1.2,1.524,0.004,0,0.8,63
2503210,연초,2025-02-21,10,7.4,11,,2.7,1.8,,,,2.1,
2001110,안동,2025-02-21,6,7.2,10.5,0.8,3.5,1,1.41,0.01,0.007,3.5,170
4007110,주암(본),2025-02-21,6,7.4,11.4,1,2.6,1.6,0.846,0.01,0,1.5,70
2021110,밀양,2025-02-21,5,7.2,11.4,1.4,3,4,1.09,0.01,0.005,2.3,41
2018110,남강,2025-02-21,4,7.6,10.3,0.8,2.6,0.6,1.605,0.01,0.003,0.6,142
1003110,충주,2025-02-21,6,8.4,11.2,1.8,2.6,0.6,2.148,0.01,0.001,1,200
3008110,대청,2025-02-21,1,9,14.6,1.4,1.5,0.4,1.786,0.011,0,0.1,140
3203110,보령,2025-02-21,4,7.5,11.7,0.7,1.6,0.4,1.361,0.008,0,1,95
2002110,임하,2025-02-21,5,7.1,11,1.5,5.6,8,1.568,0.023,0.015,18,110
1006110,횡성,2025-02-21,5,7.3,8.9,2.1,2.5,1.3,1.644,0.009,0.004,1.1,148
2021210,운문,2025-02-21,4,7.1,12.5,1.8,3.2,6.9,1.54,0.008,0.001,7.5,58
4104610,주암(조),2025-02-21,7,7,10.7,0.8,2.4,0.8,0.827,0.005,0,1.5,68
4104610,주암(조),2025-01-21,10,6.9,10,0.3,2.3,2.4,0.883,0.005,0.001,1.5,67
3008110,대청,2025-01-21,2,10.7,14.3,1.4,2.2,0.4,2.019,0.01,0.005,0.4,134
2001110,안동,2025-01-21,9,6.9,8,1,4,1.3,1.426,0.009,0.006,1.8,170
3203110,보령,2025-01-21,6,7.5,11.4,1,2.2,1,1.578,0.007,0.001,1.1,99
4001110,섬진강,2025-01-21,6,7.4,10.6,1.8,3.5,2.1,2.076,0.01,0.007,1.5,137
5002201,평림,2025-01-21,5,7.6,11,1.2,2.5,1.2,1.103,0.034,0.007,1.8,89
1003110,충주,2025-01-21,7,8.3,10.6,1.9,2.4,0.6,2.289,0.009,0.001,1,197
2015110,합천,2025-01-21,9,8.5,11.3,0.6,2.4,1.6,1.573,0.008,0.002,1.8,58
2021210,운문,2025-01-21,6,7.1,11,1.7,2.5,7.8,1.477,0.014,0.001,7.8,57
3001110,용담,2025-01-21,7,7.4,7.3,0.2,5.4,0.4,1.957,0.012,0,1.6,130
4007110,주암(본),2025-01-21,8,6.6,10.1,0.7,2.7,1.8,0.695,0.009,0,1.5,70
2002110,임하,2025-01-21,10,7.5,9,0.9,5.3,7.6,1.682,0.023,0.014,19,170
5101110,장흥,2025-01-21,6,7.7,10.2,1.9,4.2,1.5,1.023,0.007,0.001,1.4,74
1012110,소양강,2025-01-21,9,7.4,10,1,2,0.7,1.806,0.008,0.004,1.7,88
1006110,횡성,2025-01-21,5,7.2,9.2,1.1,1.8,1.4,2.161,0.012,0.005,1.2,152
2503220,구천,2025-01-21,6,6.8,8.5,,5.5,9,,,,2,
2503210,연초,2025-01-21,8,7.4,10.8,,1.8,4.4,,,,1.9,
2021110,밀양,2025-01-21,6,7.2,11,1.4,2.7,2.4,1.971,0.01,0.008,2.8,43
2018110,남강,2025-01-21,3,7.7,10.1,0.9,3.1,1.2,1.702,0.01,0.003,1.6,132
3303110,부안,2025-01-21,6,6.7,8.9,0.6,3.4,1,1.549,0.002,0,0.9,61
3303110,부안,2025-12-20,11,6.7,9.1,0.8,2.8,0.5,1.445,0.005,0.001,1.2,60
2002110,임하,2025-12-20,12,7.1,7.5,1.1,8.9,20,1.549,0.022,0.011,27,158
2021210,운문,2025-12-20,11,6.8,8.2,1.5,2.9,11.7,1.676,0.017,0.001,8.8,57
1003110,충주,2025-12-20,12,8.2,9.4,1.6,2.4,2.2,2.255,0.008,0,2.8,194
4104610,주암(조),2025-12-20,10,6.3,8.8,0.4,2.5,2.4,0.91,0.008,0.003,1.6,66
2503220,구천,2025-12-20,12,6.9,9.3,1.5,3.7,3.4,,,,1.9,
5002201,평림,2025-12-20,11,7.3,7.1,0.8,2.6,2.4,1.162,0.021,0.004,4.1,89
2015110,합천,2025-12-20,12,7.5,7.6,1.1,2.7,1.8,1.7,0.008,0.003,1.7,86
3001110,용담,2025-12-20,12,7.8,10.6,1.9,3.4,8,2.066,0.013,0,1.5,81
4001110,섬진강,2025-12-20,10,7.5,9.8,1.9,3.4,2.1,2.039,0.008,0.004,1.2,136
2001110,안동,2025-12-20,10,6.8,7.3,0.5,4,4,1.589,0.017,0.01,2.7,156
2503210,연초,2025-12-20,12,7.5,9.9,1.5,3,6.4,,,,2.5,
1006110,횡성,2025-12-20,8,8.5,9.9,1.4,2.2,1.7,1.621,0.017,0.005,1.7,166
5101110,장흥,2025-12-20,11,6.9,8.7,1.5,2.2,1.4,0.685,0.006,0,2.4,71
4007110,주암(본),2025-12-20,14,6.6,8.1,0.7,2.7,2.4,0.755,0.006,0.002,1.8,67
1012110,소양강,2025-12-20,13,7.1,7.7,0.9,2,0.3,1.784,0.006,0.003,2.8,67
3203110,보령,2025-12-20,9,7.4,10.3,0.8,3.1,1.6,1.355,0.014,0,1.9,95
2021110,밀양,2025-12-20,7,7.1,11.3,1.6,2.5,1.6,0.981,0.022,0.019,2.4,43
2008101,군위,2025-12-20,9,6.8,9.6,0.3,6,2.1,1.102,0.015,0,2.9,87
2018110,남강,2025-12-20,12,7.4,9.1,1.5,4.1,,2.917,0.011,0.003,1.8,121
3008110,대청,2025-12-20,8,8.7,10.2,1.4,2.4,2.4,2.155,0.019,0.004,2,127
4007110,주암(본),2025-11-20,18,6.9,6.1,0.4,2.8,2.2,0.821,0.01,0.001,2.2,64
3001110,용담,2025-11-20,17,7.2,6.7,0.6,1.8,2.8,1.839,0.013,0.003,1.4,91
3008110,대청,2025-11-20,9,7.6,7.3,1.2,2.4,1.6,2.481,0.02,0.012,0.5,102
2008101,군위,2025-11-20,13,7.4,9,0.5,6.9,4.1,1.215,0.012,0,1.9,83
2021110,밀양,2025-11-20,14,7.1,9.2,1.5,1.7,0.5,0.799,0.008,0.004,5.2,37
2015110,합천,2025-11-20,14,7.2,9.5,0.3,2.2,2.4,1.615,0.009,0.003,1.1,85
2021210,운문,2025-11-20,15,7,7.9,2,2.7,9.8,1.551,0.017,0.006,8.5,57
4001110,섬진강,2025-11-20,12,7.2,9.1,1.9,3.7,2.2,2.017,0.013,0.003,1.2,141
1006110,횡성,2025-11-20,9,8,5.6,2.1,2.3,1.8,2.152,0.015,0.005,1.4,171
2503210,연초,2025-11-20,15,7.3,9.3,1.3,1.7,3.8,,,,2.1,
2018110,남강,2025-11-20,11,7.2,11.2,1.4,3.6,1.2,1.481,0.006,0.003,3.8,122
3203110,보령,2025-11-20,16,7.3,9.4,1.1,2.8,3.6,1.469,0.009,0.004,2,94
2002110,임하,2025-11-20,16,7.5,6.4,0.6,7.5,5,1.49,0.023,0.012,27,145
2001110,안동,2025-11-20,16,6.6,5.8,0.9,3.4,3,1.378,0.018,0.013,5.4,135
3303110,부안,2025-11-20,14,6.7,8.2,0.9,3.4,1.1,1.638,0.008,0,1,65
5002201,평림,2025-11-20,16,7.3,8.2,0.7,2.3,0.8,1.064,0.026,0,1.2,124
1012110,소양강,2025-11-20,13,8.2,7.9,0.8,1.7,0.7,2.189,0.014,0.008,9.2,75
4104610,주암(조),2025-11-20,18,7.1,7.5,0.3,2.5,2.2,0.982,0.006,0,1.1,65
2503220,구천,2025-11-20,11,7.4,8.1,2.4,2.6,2,,,,1.7,
1003110,충주,2025-11-20,17,7.9,8.5,1.6,2.6,2.2,2.209,0.014,0.003,3.7,185
5101110,장흥,2025-11-20,17,8.1,9.6,1.2,2.8,2.1,0.602,0.016,0.003,1,67
3001110,용담,2025-10-20,19,7.2,8.7,0.6,3.8,5.2,1.662,0.021,0.006,9.1,81
2021210,운문,2025-10-20,15,6.6,5.8,2.4,4.3,31.8,1.519,0.045,0.014,33,51
2018110,남강,2025-10-20,20,7,9.2,1.2,3.6,2,1.571,0.004,0.001,3,83
3008110,대청,2025-10-20,13,7.5,9.1,1.1,2.1,1.2,2.391,0.03,0.01,1,103
2021110,밀양,2025-10-20,18,7.1,8.3,1.4,1.7,9.5,1.067,0.014,0.008,10.6,34
2008101,군위,2025-10-20,18,7.8,8,0.5,7.5,2.7,1.116,0.019,0,6,80
2503220,구천,2025-10-20,16,6.8,8.2,1.9,1.8,5.2,,,,2,
4001110,섬진강,2025-10-20,12,7.2,8.7,2.5,3.8,3,1.814,0.022,0.003,1.4,135
3203110,보령,2025-10-20,21,7,7.8,0.8,4.7,2.8,1.628,0.02,0.005,2,90
3303110,부안,2025-10-20,19,6.6,6.8,0.6,3.2,1,1.883,0.006,0,1.2,73
1012110,소양강,2025-10-20,16,7.2,7.8,1.1,2.2,0.7,2.171,0.016,0.01,22.8,60
4007110,주암(본),2025-10-20,20,7,6.1,1,2.9,3.2,0.856,0.018,0,2.5,64
4104610,주암(조),2025-10-20,18,6.5,4.3,0.6,2.6,3,1.24,0.01,0.004,2.6,65
5002201,평림,2025-10-20,20,6.7,5.3,0.3,2.4,1.6,1.195,0.015,0.008,3.2,83
2002110,임하,2025-10-20,17,6.7,5.4,2.6,7.3,21,1.572,0.03,0.016,47,115
2015110,합천,2025-10-20,16,6.2,8.2,0.8,1.9,1.6,1.712,0.017,0.005,23.7,67
1003110,충주,2025-10-20,19,7.6,7.6,1.8,2.6,3.8,2.38,0.01,0.001,4,173
2001110,안동,2025-10-20,15,6.7,5.8,2.3,3.7,1,1.522,0.022,0.005,3.5,134
1006110,횡성,2025-10-20,13,9.7,9.9,2.1,2.6,2.1,2.014,0.018,0.009,1.5,169
5101110,장흥,2025-10-20,21,1.4,6.5,0.8,3.4,1.7,0.856,0.002,0,1.1,63
1003110,충주,2025-09-20,20,7.8,7.9,1.8,2.6,3.8,2.537,0.024,0.005,5.2,180
2018110,남강,2025-09-20,21,7.5,8.7,1.4,3.5,4.4,1.402,0.045,0.017,19.2,65
1006110,횡성,2025-09-20,17,8.9,10.6,2.3,2.7,2.9,2.492,0.013,0.005,3.4,162
2021110,밀양,2025-09-20,19,7,8.4,1.6,1.9,28.7,1.025,0.022,0.014,29,31
3001110,용담,2025-09-20,22,7,7.6,0.5,2.2,7.6,2.589,0.019,0.009,23.4,79
2503220,구천,2025-09-20,15,6.7,3.6,1,1.3,2.4,,,,1.8,
4007110,주암(본),2025-09-20,18,6.9,4.8,0.6,2.9,2.2,1.02,0.027,0.003,6.1,73
2008101,군위,2025-09-20,22,8.5,9.4,1,7.8,5.3,1.063,0.02,0.005,11.1,73
3008110,대청,2025-09-20,23,7.2,8.9,1,1.9,1.2,1.567,0.024,0.009,11.1,98
3203110,보령,2025-09-20,24,6.9,6,0.9,4,1.4,1.679,0.018,0.009,1.7,90
5002201,평림,2025-09-20,17,7.1,5,0.4,4.3,3.6,0.87,0.041,0.005,25.3,90
2001110,안동,2025-09-20,16,7.3,8.3,1.3,3.8,1.7,1.529,0.023,0.013,8,132
3303110,부안,2025-09-20,20,6.2,6.8,0.4,2.6,1.2,1.294,0.007,0.001,1.3,73
5101110,장흥,2025-09-20,23,6.6,7.3,0.8,2.3,1.7,0.972,0.015,0.001,1.3,72
2021210,운문,2025-09-20,15,7.3,6.5,1.9,3.6,2.5,1.805,0.009,0.008,2.7,68
1012110,소양강,2025-09-20,17,6.7,8.1,0.6,2.1,1.7,2.176,0.019,0.014,28,68
2015110,합천,2025-09-20,14,7.9,8.4,0.4,2.1,2,1.991,0.015,0.002,13.2,115
4104610,주암(조),2025-09-20,19,6.6,5.6,0.4,2.6,0.4,1.317,0.029,0.011,7,69
2002110,임하,2025-09-20,18,6.8,6.3,1.3,5,32.2,1.263,0.03,0.022,171.3,102
4001110,섬진강,2025-09-20,23,6.9,8.7,2.2,3.2,2.3,1.827,0.022,0.007,1.3,148
2021210,운문,2025-08-20,11,5.9,7.3,1.8,3.5,5.8,2.015,0.008,0.003,5.9,64
2015110,합천,2025-08-20,15,10.6,5.2,0.3,1,2.8,1.685,0.032,0.008,13.1,99
2021110,밀양,2025-08-20,19,6.7,8.9,1.4,2.4,5,1.567,0.023,0.014,4.8,40
4104610,주암(조),2025-08-20,16,6.6,6.2,0.3,2.7,1.2,1.184,0.013,0.007,3.6,79
4007110,주암(본),2025-08-20,16,6.5,5,0.5,3,1.4,1.122,0.019,0,5.6,80
1006110,횡성,2025-08-20,17,9.2,9.2,1.5,1.9,1.7,2.693,0.014,0.007,1.5,158
3001110,용담,2025-08-20,23,7,6.7,5.4,6,65.2,1.866,0.052,0.041,55.7,76
1003110,충주,2025-08-20,21,8,10.1,1.8,2.4,43.8,2.566,0.023,0.006,104.5,190
2018110,남강,2025-08-20,23,6.8,8.4,1.2,3.2,29.6,1.138,0.035,0.005,53.4,61
2002110,임하,2025-08-20,17,7.4,8,1.1,3,1,1.174,0.014,0.01,1.3,161
3008110,대청,2025-08-20,16,8.6,8.9,1.1,2.2,1.2,2.2,0.012,0.008,19.2,97
1012110,소양강,2025-08-20,12,6.9,8.3,1.3,1.8,4,1.85,0.007,0.003,45,72
4001110,섬진강,2025-08-20,28,6.9,7.6,2.1,3.2,2.6,1.754,0.022,0.007,1.4,138
5002201,평림,2025-08-20,18,7.1,3.6,1.3,3.3,3.2,1.166,0.047,0.01,5.4,
2503220,구천,2025-08-20,11,6.6,3.4,1.1,2.1,3.6,,,,5,
3203110,보령,2025-08-20,20,6.9,6,0.6,3.8,6.4,2.026,0.019,0.014,8.5,100
2001110,안동,2025-08-20,15,7.1,7.4,0.7,2.8,0.4,0.938,0.014,0.008,0.8,185
2503210,연초,2025-08-20,25,6.8,6.7,1.5,3.3,4.8,,,,9.8,
2008101,군위,2025-08-20,28,10,13.4,5.6,10.9,22.5,0.758,0.03,0,12.3,93
3303110,부안,2025-08-20,21,6.2,6.9,1.3,3.4,1.7,1.659,0.004,0,1.5,72
5101110,장흥,2025-08-20,22,9.8,7.9,1.9,3.7,0.4,0.927,0.018,0.001,1.9,65
2008101,군위,2025-07-20,25,8.2,9,1.1,5.6,3.1,1.069,0.011,0,1.4,102
1006110,횡성,2025-07-20,18,7.6,9.4,2.4,2.9,1.5,2.32,0.01,0.004,1.2,172
5002201,평림,2025-07-20,18,7,6.8,0.8,3.5,0.8,0.993,0.047,0.015,1.4,
2015110,합천,2025-07-20,11,10.1,8,2,1.9,3,1.635,0.021,0.006,1,108
2002110,임하,2025-07-20,15,7.5,6.9,1.1,3.4,0.8,1.335,0.012,0.007,0.5,183
2503210,연초,2025-07-20,25,6.5,5.7,1.5,3.1,12.8,,,,13.6,
4001110,섬진강,2025-07-20,28,7.1,7.6,2.3,3.8,2.8,1.916,0.012,0.003,1.4,145
5101110,장흥,2025-07-20,24,8.9,8.6,0.5,3.4,0.6,0.791,0.031,0.002,0.9,74
3001110,용담,2025-07-20,21,7.8,8.2,0.7,3.2,0.4,1.856,0.01,0,4.7,156
3203110,보령,2025-07-20,22,7.5,7.7,0.9,3.1,1.8,2.13,0.018,0.005,2.2,141
3303110,부안,2025-07-20,19,6.6,8.5,0.9,2.6,0.4,1.723,0.002,0,1.5,73
2021110,밀양,2025-07-20,20,6.9,9.5,1.7,2.2,1.5,1.598,0.013,0.006,3.5,74
2503220,구천,2025-07-20,14,6.5,3,1.4,1.4,10,,,,4.3,
2018110,남강,2025-07-20,25,7.4,10.1,1.9,4.2,2,1.086,0.035,0.005,4.2,98
1003110,충주,2025-07-20,13,7.8,9.9,1.4,2.3,1,2.25,0.008,0.002,1.6,230
3008110,대청,2025-07-20,7,8.3,10.5,0.9,1.8,1.2,2.175,0.008,0.004,0.2,183
2021210,운문,2025-07-20,14,7.1,8.4,1.5,3,2.6,1.371,0.024,0.005,2.7,68
4104610,주암(조),2025-07-20,11,7.2,8.8,0.8,2.6,1.8,1.015,0.004,0.001,1.7,78
1012110,소양강,2025-07-20,9,7.1,9.2,1.2,1.6,0.7,1.754,0.009,0.002,0.5,83
2001110,안동,2025-07-20,14,7.7,7.8,0.5,2.8,0.2,1.235,0.016,0.013,0.7,193
4007110,주암(본),2025-07-20,13,6.7,6.7,0.4,2.7,2.2,0.793,0.008,0,3.1,81
2021210,운문,2025-06-20,12,6.9,8.7,1.6,3.7,4.2,1.385,0.008,0.004,4.7,65
5101110,장흥,2025-06-20,15,7.4,9.5,2.4,2.9,1.2,0.681,0.01,0.001,0.7,76
1006110,횡성,2025-06-20,15,7.6,9.4,2.2,2.8,1.8,2.072,0.008,0.004,1.6,128
2021110,밀양,2025-06-20,19,7,9.7,1.6,1.6,2.5,0.517,0.019,0.007,3.2,51
3203110,보령,2025-06-20,18,7.6,8.4,1.1,3.6,2,2.292,0.019,0.003,2.7,148
3001110,용담,2025-06-20,18,7.7,8.5,0.6,2.6,0.8,1.863,0.007,0.004,2,162
2503220,구천,2025-06-20,14,6.9,7.9,1.1,2.3,14,,,,2,
4001110,섬진강,2025-06-20,27,7.6,7.6,2.2,3.7,2.2,1.931,0.008,0,1.3,147
2015110,합천,2025-06-20,11,9.5,8.5,1.7,2.5,3.2,1.938,0.012,0.005,0.8,109
2018110,남강,2025-06-20,27,8.8,9.8,1.1,2.8,3.2,1.388,0.008,0.005,3.1,115
1003110,충주,2025-06-20,11,7.9,10.5,1.5,2.3,0.6,2.043,0.007,0.002,0.8,232
2503210,연초,2025-06-20,22,7,7.2,1.2,3.1,9.2,,,,6.2,
5002201,평림,2025-06-20,15,7.3,8.1,0.8,2.8,1,1.065,0.007,0.004,2.3,
2008101,군위,2025-06-20,25,7.9,9.2,1.3,6.3,0.7,1.171,0.011,0,0.7,106
2001110,안동,2025-06-20,11,7.5,8,0.7,3,0.2,1.358,0.012,0.005,0.6,182
3008110,대청,2025-06-20,6,7.5,10.8,1.1,2.1,1.2,2.472,0.009,0.006,0.5,104
1012110,소양강,2025-06-20,11,7.7,10.3,1.2,1.5,0.7,2.129,0.004,,0.1,87
2002110,임하,2025-06-20,13,7.1,8.5,0.5,2.7,0.5,1.546,0.012,0.008,1.3,172
4007110,주암(본),2025-06-20,12,6.4,8.4,0.3,2.6,2,0.811,0.006,0,2.2,81
3303110,부안,2025-06-20,14,6.6,8.6,1,2.2,0.6,1.533,0.003,0,0.8,73
4104610,주암(조),2025-06-20,10,7.1,9.4,0.4,2.2,1,0.96,0.006,0,2.1,78
2015110,합천,2025-05-20,9,9.6,10.9,2.2,3.4,3.6,1.246,0.017,0.005,0.4,111
1003110,충주,2025-05-20,13,8.2,10.3,1.6,2.4,0.8,2.299,0.009,0.002,1.1,232
2503220,구천,2025-05-20,7,7,7.7,1,2.7,14.4,,,,1.9,
5002201,평림,2025-05-20,12,7.7,9.8,0.6,3.6,0.8,0.977,0.019,0,1.8,
3001110,용담,2025-05-20,15,7.7,9.1,0.4,2.6,0.4,1.814,0.005,0,1.2,156
3303110,부안,2025-05-20,18,6.9,7.6,1.1,2.6,0.8,1.508,0.005,0,0.8,75
2503210,연초,2025-05-20,18,7,8.5,1.1,2.6,4.4,,,,2.6,
3203110,보령,2025-05-20,13,7.8,9,1.2,3.6,2.8,2.441,0.016,0.002,2.7,150
2002110,임하,2025-05-20,10,7.4,8.9,0.3,3.6,1,1.387,0.012,0.009,0.7,175
4001110,섬진강,2025-05-20,18,7.4,9.4,2.3,3.7,2.2,1.966,0.017,0,1.3,135
2018110,남강,2025-05-20,18,7.9,7.4,0.7,1.9,0.8,1.453,0.009,0.005,2.1,89
2021110,밀양,2025-05-20,15,7.4,10.1,1.1,1.5,3.5,0.781,0.006,0.004,1.8,50
4007110,주암(본),2025-05-20,9,6.2,9.2,0.7,2.8,0.6,0.803,0.007,0.001,2.1,79
1012110,소양강,2025-05-20,12,7.2,10,1.5,1.6,3,2.109,0.009,0.003,0.2,93
2001110,안동,2025-05-20,7,7.5,10.5,0.4,3.5,0.4,1.291,0.006,0.003,0.6,187
3008110,대청,2025-05-20,6,8.3,11.5,1,1.9,1.2,1.825,0.015,0.007,0.4,190
5101110,장흥,2025-05-20,10,7.7,11,1.5,3.3,1.9,0.763,0.014,0.003,1.8,75
4104610,주암(조),2025-05-20,9,6.6,10,0.4,2.4,0.2,1.005,0.007,0.001,1.8,79
1006110,횡성,2025-05-20,14,7.3,9.7,2.1,2.6,1.6,2.205,0.008,0.003,1.5,126
2008101,군위,2025-05-20,17,7.1,9.9,0.2,5.4,0.8,1.261,0.012,0,1.2,100
2021210,운문,2025-05-20,10,7.3,11.2,1.8,3.4,3.8,1.734,0.014,0.003,4,63
3203110,보령,2025-04-20,9,7.9,11.7,1.3,4.1,2,2.213,0.01,0.001,2.1,145
2503210,연초,2025-04-20,15,6.8,9.1,1,2.6,3.6,,,,2.7,
2021110,밀양,2025-04-20,11,7.4,10.6,1.2,2,1.2,0.773,0.007,0.004,1.7,63
2503220,구천,2025-04-20,6,6.9,9,1,2.1,5.6,,,,1.5,
4001110,섬진강,2025-04-20,11,7.7,10,2.2,3.6,2.1,2.032,0.013,0,1.3,131
3303110,부안,2025-04-20,9,7,10.7,1.1,2.6,0.9,1.437,0.005,0.002,0.9,75
4007110,주암(본),2025-04-20,8,7.1,10.8,0.4,2.8,1.6,0.946,0.011,0.002,2.7,76
3001110,용담,2025-04-20,10,7.6,9.2,0.5,3.2,0.8,1.837,0.005,0,1.1,153
2021210,운문,2025-04-20,8,7.2,12.3,1.4,3.2,3.1,1.667,0.007,0.003,2.9,63
1006110,횡성,2025-04-20,9,7.3,9.4,1.8,2.2,1,1.972,0.006,0.002,1.5,123
1003110,충주,2025-04-20,8,7.8,11.7,1.9,2.3,1,2.261,0.01,0.002,1.4,248
2018110,남강,2025-04-20,14,7.9,7.6,0.9,1.9,0.8,1.01,0.002,0.002,2.2,110
4104610,주암(조),2025-04-20,8,7.7,11.4,0.3,2.1,0.6,1.075,0.01,0.003,1.4,62
5002201,평림,2025-04-20,10,7.7,10.2,1.1,4.1,0.4,1.282,0.031,0.005,3.1,
5101110,장흥,2025-04-20,9,7,11.6,2.5,3.4,0.9,0.706,0.02,0.002,2.7,76
2015110,합천,2025-04-20,9,9.2,10.2,1.2,2.7,2.8,1.235,0.016,0.004,1.3,111
1012110,소양강,2025-04-20,9,7.6,9.5,1.3,1.6,2,2.029,0.008,0.001,0.2,83
2001110,안동,2025-04-20,10,7.1,8.7,0.4,3,0.3,1.374,0.009,0.006,0.7,161
2002110,임하,2025-04-20,9,7.5,10,1,3.6,0.8,1.458,0.014,0.007,1.1,166
3008110,대청,2025-04-20,5,8.3,11.5,0.7,1.5,1.2,2.185,0.013,0.004,0.4,179
2008101,군위,2025-04-20,11,7.3,9.9,0.2,5.5,0.8,1.364,0.012,0.006,12.2,112
3001110,용담,2025-03-20,7,7.6,12.1,1.3,3.1,0.8,1.752,0.007,0,1.2,132
3303110,부안,2025-03-20,7,7,10.9,0.5,2.6,1,1.466,0.005,0,0.9,73
3008110,대청,2025-03-20,3,8,12.7,0.7,1.5,0.8,1.812,0.013,0.002,0.3,103
1012110,소양강,2025-03-20,6,7.1,10.1,1.2,2,0.3,2.194,0.005,0.001,0.1,81
5002201,평림,2025-03-20,7,7.9,11.3,1.9,5.4,1.6,1.099,0.036,0.008,2.3,
2008101,군위,2025-03-20,6,6.9,12.6,0.4,3,2.2,1.49,0.009,0.004,12.8,101
4007110,주암(본),2025-03-20,7,7.6,10.8,0.4,2.2,0.4,0.904,0.01,0.001,1.6,77
2503210,연초,2025-03-20,10,6.8,10.2,0.9,2.9,5,,,,1.8,
2002110,임하,2025-03-20,7,7.1,9.4,0.5,3.1,0.7,1.412,0.015,0.009,3.7,181
2001110,안동,2025-03-20,9,7.4,8.9,0.6,2.6,0.4,1.211,0.014,0.009,0.7,187
1003110,충주,2025-03-20,8,7.8,11.7,1.9,2.4,1,2.339,0.008,0.002,1.4,248
5101110,장흥,2025-03-20,7,7.4,11.6,2.2,2.7,1.6,0.952,0.003,0,0.8,73
2021210,운문,2025-03-20,5,7.2,13,1.7,3.3,3.3,1.542,0.007,0.001,2.3,62
4001110,섬진강,2025-03-20,7,7.5,10.1,2.2,3.3,2.1,1.882,0.017,0,1.3,134
2018110,남강,2025-03-20,9,7.8,10.2,1.3,2.1,2,1.815,0.004,0.002,0.9,112
1006110,횡성,2025-03-20,6,7.4,9.2,2,2,1,1.714,0.007,0.002,1.6,158
3203110,보령,2025-03-20,6,7.9,12.4,1.8,3.5,3.6,2.296,0.014,0.003,2.6,152
2021110,밀양,2025-03-20,7,7.5,10.8,0.9,1.2,1.2,0.823,0.004,0.004,1.9,63
2015110,합천,2025-03-20,8,8.2,11.2,0.5,2.6,3.6,1.583,0.02,0.013,1.2,111
2503220,구천,2025-03-20,7,6.6,9.6,0.9,1.8,4.8,,,,2,
4104610,주암(조),2025-03-20,8,7.5,11.3,0.5,2.3,1.2,1.017,0.01,0,3.3,77
3001110,용담,2025-02-20,6,7.4,12.2,1.2,3,0.4,1.692,0.007,0,0.5,124
1012110,소양강,2025-02-20,7,7.5,11,1,1.9,0.3,2.011,0.003,0.002,0.3,84
2008101,군위,2025-02-20,4,6.8,11,0.4,6.4,1.4,1.445,0.012,0.004,1.3,104
2503210,연초,2025-02-20,12,7,11,0.9,2.8,8,,,,2.7,
5101110,장흥,2025-02-20,7,6.6,10.2,1.6,2.1,1.3,0.751,0.017,0,0.7,73
1003110,충주,2025-02-20,6,8.4,11.8,2.6,2.8,0.8,2.641,0.012,0.003,1.2,251
3203110,보령,2025-02-20,5,7.9,12.3,1,3.4,1.2,2.296,0.009,0.002,2.5,171
1006110,횡성,2025-02-20,8,7.2,9.6,2.2,2.6,0.9,1.721,0.006,0.004,1.4,156
2021110,밀양,2025-02-20,7,7.5,11.4,0.9,0.8,3.6,0.762,0.009,0.003,2.8,66
2001110,안동,2025-02-20,7,7.5,7.8,0.8,3.3,0.5,1.28,0.015,0.007,1.1,199
5002201,평림,2025-02-20,6,7.9,11.9,1.3,4.9,0.8,1.445,0.018,0,2.9,
3303110,부안,2025-02-20,7,7.2,10.9,0.6,2.8,0.9,1.432,0.005,0.001,1.1,75
3008110,대청,2025-02-20,2,8.2,14.3,1.5,3,0.8,1.843,0.01,0.007,0.4,183
4104610,주암(조),2025-02-20,9,7.8,10.5,0.9,2.2,1,1.026,0.007,0,2.1,73
4001110,섬진강,2025-02-20,6,7.5,9.9,2.1,3.3,1.8,1.727,0.018,0,1.2,142
2021210,운문,2025-02-20,4,7.6,12.9,1.4,3.1,4.2,1.561,0.007,0,4.1,63
4007110,주암(본),2025-02-20,7,7,10.5,0.5,2.3,0.6,0.921,0.007,0.003,1.8,73
2018110,남강,2025-02-20,8,7.7,10.1,1.5,3.1,0.8,1.712,0.016,0.002,0.8,127
2503220,구천,2025-02-20,6,6.9,10,1,2.3,5.4,,,,3,
2015110,합천,2025-02-20,8,9.8,11.6,0.8,2.8,2.8,1.736,0.014,0.002,1,109
2002110,임하,2025-02-20,6,7.4,8.9,0.7,4.2,0.9,1.506,0.015,0.007,5.4,189
1003110,충주,2025-01-20,10,7.9,10.3,2.6,2.3,0.4,2.194,0.013,0.003,1.2,223
3001110,용담,2025-01-20,9,7.3,9.9,1.2,2.7,1.2,1.755,0.005,0,0.5,121
2015110,합천,2025-01-20,8,9.8,11.1,0.5,2.6,3.6,1.614,0.014,0.005,2.3,111
3203110,보령,2025-01-20,6,8.1,11.2,1.4,3.1,1.1,2.869,0.014,0.001,2.7,175
2008101,군위,2025-01-20,5,7,10.3,0.1,5.4,1.3,1.207,0.011,0,1,100
1006110,횡성,2025-01-20,5,7.2,8.2,2.2,2.6,1.2,1.253,0.011,0.003,1.7,154
2018110,남강,2025-01-20,8,7.5,7.8,1.6,2.6,2.8,1.288,0.004,0.002,3,89
3303110,부안,2025-01-20,8,6.7,8.8,1.1,2.4,1.3,0.294,0.003,0,1.2,76
5101110,장흥,2025-01-20,8,7.2,9.5,2.2,3.4,1.2,2.312,0.01,0.001,0.9,72
2503210,연초,2025-01-20,15,6.9,10.8,1,2.5,12,,,,2.3,
2001110,안동,2025-01-20,7,7.1,8,0.8,2.2,0.4,1.419,0.013,0.009,0.5,196
2503220,구천,2025-01-20,6,6.7,8,1,1.8,16,,,,2.9,
2002110,임하,2025-01-20,9,7,8.1,0.8,3.1,1.4,1.571,0.016,0.011,7.1,183
4104610,주암(조),2025-01-20,9,7.4,8,0.3,2.2,0.4,0.892,0.007,0.003,2.8,78
3008110,대청,2025-01-20,6,8.2,11.4,0.8,1.7,0.8,1.789,0.007,,0.9,138
5002201,평림,2025-01-20,7,7.8,11.4,1.3,3,0.4,1.187,0.018,0,2.2,
2021110,밀양,2025-01-20,8,7.5,9.8,0.5,2.2,0.4,1.95,0.012,0.007,4.2,73
1012110,소양강,2025-01-20,9,7.2,11.3,1.5,1.9,2,2.015,0.006,0.004,0.1,82
4007110,주암(본),2025-01-20,9,6.7,10,0.7,2.5,1,0.81,0.007,0.003,2.8,80
2021210,운문,2025-01-20,5,7.1,12,1.6,3.4,4.4,1.685,0.005,62,3.8,0
4001110,섬진강,2025-01-20,11,7.4,9.6,2.2,3.3,2.2,1.72,0.021,0,1.2,144
4104610,주암(조),2025-12-19,15,7.1,7.7,0.6,2.6,0.8,0.854,0.012,0.004,1.7,62
4001110,섬진강,2025-12-19,11,7.1,9.3,2.3,3.4,2.2,1.733,0.021,0.005,1.5,146
1012110,소양강,2025-12-19,12,7.1,7.3,0.7,1.7,2,1.845,0.009,0.005,0.1,82
2021210,운문,2025-12-19,11,7.4,9.9,1.8,3.4,4.5,1.52,0.011,0.006,4.5,59
2018110,남강,2025-12-19,11,7.4,8.1,1.6,1.3,2,1.895,0.007,0.005,3,76
3203110,보령,2025-12-19,11,7.7,9.2,0.9,2.4,1.5,2.01,0.013,0.001,3.2,164
2001110,안동,2025-12-19,10,5.7,5.8,1.1,3,0.6,1.339,0.012,0.006,0.5,208
2002110,임하,2025-12-19,11,7,6.9,1.4,4.5,1.8,1.593,0.02,0.011,2.7,189
5002201,평림,2025-12-19,11,7.4,10.3,1.1,3.9,1.6,1.108,0.018,0,4.4,
2015110,합천,2025-12-19,12,7.5,9.8,0.5,3,3.6,,0.009,0.002,1.9,112
5101110,장흥,2025-12-19,11,7.6,7.4,2,3.6,1.9,0.569,0.06,0.003,2.2,72
2021110,밀양,2025-12-19,12,7.6,9.1,0.7,2.3,1.2,0.961,0.006,0.006,3.1,78
1003110,충주,2025-12-19,13,8.1,8.9,1.2,1.8,1.2,2.27,0.008,0,2.1,244
2008101,군위,2025-12-19,10,7,9.1,0.4,4.7,1.5,1.378,0.012,0,2.1,93
1006110,횡성,2025-12-19,7,7.2,8.1,1.5,2.3,1.5,1.844,0.009,0.003,1.4,152
2012210,영천,2025-12-19,11,7.7,9.2,3.7,4.8,5.2,1.588,0.024,0.018,5.1,118
4007110,주암(본),2025-12-19,14,7,7.3,0.7,2.7,0.8,0.795,0.012,0.01,2,63
3303110,부안,2025-12-19,11,6.9,9.3,1,2.8,0.3,1.317,0.007,0.002,1,74
3008110,대청,2025-12-19,9,8.2,9.4,0.8,1.5,1.2,1.951,0.02,0.007,0.7,161
2503210,연초,2025-12-19,13,7.2,8.8,0.9,2.5,3.6,,,,2.7,
4105210,수어,2025-12-19,14,7.5,10.4,1.4,2.7,0.6,0.776,0.011,0.007,0.8,84
3001110,용담,2025-12-19,12,7.6,11,1.2,3.5,0.4,1.793,0.005,0,0.8,118
2503220,구천,2025-12-19,10,6.9,8.3,0.7,1.7,4.8,,,,1.9,
2503220,구천,2025-11-19,16,6.6,6.3,0.6,1.8,13.6,,,,2.7,
2503210,연초,2025-11-19,19,7.4,10.4,1,4.4,10.6,,,,3.9,
3303110,부안,2025-11-19,18,6.8,8.2,1,2.4,0.7,2.105,0.001,0,1,73
5002201,평림,2025-11-19,18,7.3,9.2,0.3,3.4,1.2,0.925,0.037,0.007,2.7,
3008110,대청,2025-11-19,14,8,8.5,0.7,1.3,2.8,2.279,0.018,0.004,0.9,147
2018110,남강,2025-11-19,16,7.5,7.5,1.2,2.2,0.8,1.883,0.011,0.011,3.2,78
4001110,섬진강,2025-11-19,14,7.1,9.4,2.3,2.9,2.3,1.731,0.022,0,1.5,152
2001110,안동,2025-11-19,8,6.9,5.3,1.5,3,0.8,1.541,0.017,0.011,0.7,181
1003110,충주,2025-11-19,17,7.4,6,1.2,1.8,1.6,2.34,0.016,0.001,1.7,215
2008101,군위,2025-11-19,14,7.2,8.4,0.7,7.4,6.6,2.109,0.015,0.003,2.9,90
4104610,주암(조),2025-11-19,19,6.6,4,0.1,2.7,1.8,1.082,0.027,0.003,2.4,64
4007110,주암(본),2025-11-19,18,6.9,6.6,0.9,2.9,4.8,0.905,0.019,0,2.1,60
3203110,보령,2025-11-19,17,7.8,8.8,1.3,1.6,1.6,1.759,0.008,0.001,3.6,152
2021210,운문,2025-11-19,15,7.1,7.7,1.7,3.7,5.3,1.656,0.02,0.011,5,56
2015110,합천,2025-11-19,14,7.8,9.1,1.3,2.6,1.6,2.389,0.01,0,3.4,117
2002110,임하,2025-11-19,11,6.9,5.3,1.8,3.9,25,1.756,0.028,0.017,31.3,176
4105210,수어,2025-11-19,19,7.6,9.5,1,2.8,0.9,0.945,0.01,0.008,1.1,102
5101110,장흥,2025-11-19,15,7.1,8.9,2.4,3.5,1.2,0.589,0.021,0.002,0.9,68
2021110,밀양,2025-11-19,16,7.5,8.5,1.3,6.1,1.2,0.921,0.009,0.003,3.5,55
1006110,횡성,2025-11-19,14,7,8.1,2.2,2.6,1,2.187,0.01,0.002,1.6,150
3001110,용담,2025-11-19,17,7.7,10.6,0.9,3.4,0.8,1.733,0.008,0,0.5,116
2012210,영천,2025-11-19,17,7.6,7.7,3.5,4.3,4,1.581,0.032,0.02,7.8,109
1012110,소양강,2025-11-19,11,7.4,8.1,1.1,1.6,0.7,1.828,0.001,0.001,0.1,82
4105210,수어,2025-10-19,24,7.8,9.1,1.1,3.1,0.6,1.054,0.011,0.008,0.9,96
2503220,구천,2025-10-19,16,6.3,4.5,0.8,1.3,4,,,,5.1,
2021110,밀양,2025-10-19,17,7.5,8.3,1.4,2.3,9.7,1.498,0.003,0.003,3.1,90
2001110,안동,2025-10-19,10,7.1,4.5,1.3,2.8,0.7,1.67,0.017,0.011,0.8,190
2002110,임하,2025-10-19,14,7.1,5.2,1.8,5.8,117,2.106,0.039,0.03,135.8,157
4001110,섬진강,2025-10-19,15,7.2,9.1,2.8,3.2,2.5,1.922,0.024,0,1.6,155
5101110,장흥,2025-10-19,17,6.9,6.8,2.2,2.9,2.1,0.657,0.008,0.003,2.8,72
2012210,영천,2025-10-19,19,7.5,5.7,4.2,5.4,29.6,1.692,0.071,0.032,47.2,99
3001110,용담,2025-10-19,19,7.5,9.7,0.9,3.4,1.2,1.694,0.007,0,0.7,124
1006110,횡성,2025-10-19,16,7.3,8.1,2.1,2.6,2,2.428,0.011,0.003,2.6,156
5002201,평림,2025-10-19,24,6.9,3.6,0.6,3.4,0.8,1.607,0.032,0.011,3.3,
2015110,합천,2025-10-19,11,7.8,8.6,0.3,3.8,0.4,1.852,0.015,0,2.3,116
4104610,주암(조),2025-10-19,18,6.6,2.9,0.6,2.6,0.6,1.085,0.01,0.002,1.4,64
3303110,부안,2025-10-19,23,6.6,7.7,1.2,2,0.9,1.402,0.003,0,0.8,72
2021210,운문,2025-10-19,17,6.9,7.2,1.6,3.2,12.1,1.601,0.021,0.01,11.8,56
3008110,대청,2025-10-19,13,7,7.7,1.2,1.9,1.6,2.626,0.027,0.012,1.5,170
2503210,연초,2025-10-19,21,6.7,7.5,1.1,2.8,10.5,,,,9.9,
1012110,소양강,2025-10-19,14,6.9,7.4,0.3,1.8,0.3,2.003,0.003,0.002,0.4,83
3203110,보령,2025-10-19,21,7.4,6.9,1.9,2.6,2.1,2.586,0.014,0.003,3,144
2018110,남강,2025-10-19,20,7.5,7.8,0.9,3.2,1.2,1.221,0.029,0.011,3.3,68
2008101,군위,2025-10-19,19,7.8,8.7,0.9,6.3,6,1.015,0.024,0.005,7.1,91
4007110,주암(본),2025-10-19,20,6.9,5.6,1.3,2.9,3.6,1.161,0.031,0.017,8,62
5101110,장흥,2025-09-19,17,7.6,6.5,2.1,2.7,1.7,0.468,0.018,0.001,2.1,64
1003110,충주,2025-09-19,18,8.1,3.8,1.5,2,0.4,2.214,0.006,0,0.6,254
4007110,주암(본),2025-09-19,17,6.7,2.9,0.8,2.8,2.2,0.905,0.013,0,1.3,68
2012210,영천,2025-09-19,23,7.3,6.7,4,4.9,0.8,1.514,0.011,0.007,2.3,127
2008101,군위,2025-09-19,26,9.5,10.4,1.2,5.1,1.6,1.137,0.011,0,1.1,106
2002110,임하,2025-09-19,15,7.4,3.5,1.4,3.3,0.7,1.579,0.018,0.015,0.6,170
2018110,남강,2025-09-19,24,7.1,7.1,1,2.9,10.8,1.78,0.056,0.011,32.2,85
1012110,소양강,2025-09-19,13,7.2,8.9,1.1,1.9,0.3,2.593,0.002,0.001,0.1,80
3008110,대청,2025-09-19,13,6.7,8.3,1.4,2.8,2,2.114,0.027,0.008,0.5,175
3303110,부안,2025-09-19,24,6.6,8.6,1.1,3,1.5,1.374,0.007,0.001,1,76
4104610,주암(조),2025-09-19,17,6.7,4.6,0.2,2.7,0.4,1.15,0.011,0.006,1.2,64
4105210,수어,2025-09-19,27,7.9,7.9,0.9,2.8,0.5,0.812,0.013,0.008,0.7,85
2021110,밀양,2025-09-19,23,6.8,8.3,1.3,2.4,13,1.563,0.007,0.002,2.4,48
2001110,안동,2025-09-19,11,7.1,5.7,1.1,2.9,0.4,1.784,0.015,0.007,0.8,215
2015110,합천,2025-09-19,11,8.1,8,1.4,3.1,0.4,1.734,0.032,0.018,1.4,118
2503210,연초,2025-09-19,25,6.6,5.8,0.9,3.2,9.6,,,,6.4,
4001110,섬진강,2025-09-19,17,7.5,9.1,2.2,3.3,2.7,1.745,0.014,0,1.8,145
3001110,용담,2025-09-19,23,7.8,8.7,0.7,3.2,0.8,1.735,0.011,0,0.8,124
2021210,운문,2025-09-19,19,7.4,6,2,3.8,10.6,1.712,0.02,0.006,11,63
5002201,평림,2025-09-19,24,6.9,3.6,0.6,3.4,1.2,1.607,0.032,0.011,3.3,
1006110,횡성,2025-09-19,14,7.1,7.6,1.8,2.4,1.4,1.972,0.012,0.003,2,154
2503220,구천,2025-09-19,18,6.6,4.1,1,2.4,4.6,,,,0.7,
3203110,보령,2025-09-19,26,7,5.4,1.9,4.2,2,1.841,0.015,0.002,4.4,138
2018110,남강,2025-08-19,26,7.1,7.5,0.3,4.1,2.8,1.884,0.023,0.011,77.9,71
3001110,용담,2025-08-19,25,7.6,9.1,1.3,3.3,0.8,1.17,0.007,0,0.4,125
2008101,군위,2025-08-19,29,9.4,9.7,1,4.8,1,1.048,0.015,0,0.5,110
2015110,합천,2025-08-19,11,8.7,9.2,0.9,3.7,4.4,1.662,0.006,0,1.1,115
3303110,부안,2025-08-19,16,6.7,8.3,1.2,2.6,1,1.953,0.005,0.001,1,73
3008110,대청,2025-08-19,14,7.1,9.5,1.2,2.5,2.4,2.295,0.017,0.002,2.5,172
5002201,평림,2025-08-19,17,7.5,5.3,2,2.4,1.2,1.22,0.033,0.01,2.8,
3203110,보령,2025-08-19,21,7.3,5.7,1.4,3.3,2.4,1.687,0.019,0.006,3.9,134
1003110,충주,2025-08-19,14,8.5,7.5,1.3,2.6,0.4,2.432,0.003,0,0.8,256
2503220,구천,2025-08-19,17,7,4,0.9,2,19.2,,,,2.1,
2001110,안동,2025-08-19,10,8.1,9.9,1.2,3.1,0.3,1.925,0.023,0.006,0.7,187
4001110,섬진강,2025-08-19,17,7.4,9.6,2.1,3.2,2.8,1.805,0.015,0,1.8,144
2021110,밀양,2025-08-19,23,7.2,8.9,1.5,2.8,10.1,1.535,0.02,0.018,7.1,52
2503210,연초,2025-08-19,26,7,5,0.9,3.3,9.6,,,,2.9,
2012210,영천,2025-08-19,27,7.8,8.4,2.7,5.3,2,1.348,0.021,0.01,2.2,127
2021210,운문,2025-08-19,18,7.8,7.1,2.1,3.8,16.9,1.651,0.019,0.004,17.7,58
1012110,소양강,2025-08-19,11,7.4,9.6,1,1.6,2,1.909,0.004,0.003,0.4,76
4105210,수어,2025-08-19,31,9.4,11.4,1,1.8,0.5,1.218,0.01,0.008,1.1,90
1006110,횡성,2025-08-19,16,7.2,8.1,2,2.6,1.2,1.856,0.01,0.002,1.8,160
2002110,임하,2025-08-19,16,7.8,5.1,1.1,5.2,0.7,1.802,0.021,0.01,0.5,170
5101110,장흥,2025-08-19,20,7.5,7.1,2.1,3.1,2.1,0.328,0.025,0.002,1.4,73
4104610,주암(조),2025-08-19,11,6.7,5.4,0.4,2.6,1,0.942,0.008,0,1.9,69
4007110,주암(본),2025-08-19,22,7.1,4.9,0.9,2.8,1.6,0.839,0.012,0.005,7.8,62
5101110,장흥,2025-07-19,25,7,7.8,2.6,3.1,1.7,0.341,0.016,0.002,3.6,94
3203110,보령,2025-07-19,16,7.2,7.1,1,3.4,3.2,1.492,0.023,0,3.4,134
1012110,소양강,2025-07-19,9,7,9.5,1.3,1.9,1,1.917,0.008,0.001,0.3,75
5002201,평림,2025-07-19,21,7,7.9,1,4.4,1.2,1.25,0.094,0.017,3.6,127
2015110,합천,2025-07-19,10,9.6,9.1,0.8,2.1,4.4,1.551,0.006,0,1.1,116
2018110,남강,2025-07-19,24,7.3,8.2,0.9,4,3.2,2.134,0.015,0.01,15.3,89
2001110,안동,2025-07-19,9,7.5,7.4,1.2,3.4,0.1,1.416,0.014,0.008,0.9,177
2021210,운문,2025-07-19,15,7.5,7.9,1.5,3.2,4.4,1.739,0.043,0.017,4.7,73
4105210,수어,2025-07-19,26,9.1,9.9,1.5,3.8,0.4,1.098,0.014,0.008,1,116
2002110,임하,2025-07-19,15,6.9,6.9,1.3,4.8,1,1.642,0.019,0.011,0.4,175
1006110,횡성,2025-07-19,17,7.1,7.8,2,2.6,1,1.872,0.008,0.002,1.4,162
4001110,섬진강,2025-07-19,17,7.4,9.8,2.3,4,3.2,1.819,0.015,0,1.9,145
2503220,구천,2025-07-19,15,6.6,5.7,0.9,2.6,18.4,,,,3.4,
4007110,주암(본),2025-07-19,20,7.1,8.9,0.6,2.7,0.6,0.716,0.003,0,2.4,79
2012210,영천,2025-07-19,21,7.6,7.8,2.5,5,3,1.605,0.021,0.017,11.5,134
2503210,연초,2025-07-19,25,6.9,6.9,1,4,8.4,,,,7.1,
3303110,부안,2025-07-19,18,6.7,8.7,1.1,2.4,0.4,1.228,0.006,0.002,0.8,76
4104610,주암(조),2025-07-19,9,6.3,8.8,0.6,2.5,0.4,0.981,0.004,0,1.6,77
2021110,밀양,2025-07-19,20,7.1,9.2,0.7,2,0.7,1.055,0.007,0.002,2.9,69
3008110,대청,2025-07-19,9,7.5,10.2,1.1,2.2,1.6,2.191,0.012,0.004,0.3,120
3001110,용담,2025-07-19,20,7.8,9.3,1,3.9,0.8,1.046,0.005,0,1.8,126
2008101,군위,2025-07-19,23,9.1,9,0.5,5.1,0.2,1.219,0.007,0,0.7,108
1003110,충주,2025-07-19,11,8.1,9,2.1,3,1,2.492,0.02,0.001,1.1,247
5002201,평림,2025-06-19,19,7.5,7.6,1.7,3.9,1.2,0.867,0.01,,2.6,125
2021110,밀양,2025-06-19,19,7.2,9.5,0.7,0.8,0.9,0.755,0.006,0.003,2.8,72
4104610,주암(조),2025-06-19,7,7,8.9,0.8,2.4,0.6,0.939,0.012,0.001,1,78
2021210,운문,2025-06-19,13,8,9.5,1.4,3.4,3.8,1.889,0.012,0.005,3.2,71
3203110,보령,2025-06-19,13,7.6,7.2,1.9,2.8,1.3,1.681,0.012,0.003,1.5,130
2018110,남강,2025-06-19,22,7.7,8.5,0.3,4.1,3.2,0.539,0.01,0.006,2.3,104
3008110,대청,2025-06-19,7,6.6,11.8,1.7,3,1.2,2.043,0.029,0.009,0.5,167
4001110,섬진강,2025-06-19,16,7.3,9.9,2.1,4.2,2.9,1.879,0.014,0,1.9,143
1006110,횡성,2025-06-19,16,7,10,1.9,2.6,1,2.042,0.01,0.003,1.4,152
2012210,영천,2025-06-19,20,8.3,8.2,3.9,5,6.5,1.353,0.016,0.008,4.4,155
4105210,수어,2025-06-19,24,9.1,10.2,1.9,2.7,1,1.069,0.015,0.01,1.2,109
4007110,주암(본),2025-06-19,12,5.7,8.1,0.4,2.5,0.8,0.765,0.005,0.002,1.1,79
3001110,용담,2025-06-19,20,7,10.1,1.4,3.7,1.6,1.416,0.009,0,1.2,127
5101110,장흥,2025-06-19,19,8.1,9.4,2.1,2.3,1.6,0.374,0.013,0,1.3,107
2015110,합천,2025-06-19,10,9.7,9.5,0.7,0.8,3.6,1.81,0.009,0.004,1.1,117
2001110,안동,2025-06-19,8,7,10.6,1,2.8,0.4,1.574,0.017,0.008,0.9,188
2503220,구천,2025-06-19,14,6.8,6.3,1,1.8,8.4,,,,1.5,
1003110,충주,2025-06-19,12,7.9,10.4,1.1,3.3,0.4,2.481,0.005,0,0.9,241
1012110,소양강,2025-06-19,12,7.1,10.1,0.9,2.4,1,1.959,0.005,0.003,1.6,72
2002110,임하,2025-06-19,13,7.9,10.4,1.6,4.6,0.1,1.842,0.018,0.009,0.4,189
2008101,군위,2025-06-19,23,8.2,9.2,0.4,4.1,0.2,1.057,0.012,0,0.8,108
2503210,연초,2025-06-19,21,7,6.7,0.9,3.2,9.6,,,,2.3,
3303110,부안,2025-06-19,15,6.7,8.9,1.1,2.6,0.8,1.284,0.005,0,0.8,74
5101110,장흥,2025-05-19,15,7.7,9.5,1.5,2.3,0.6,0.812,0.013,0.001,1.5,77
3008110,대청,2025-05-19,6,6.8,13.3,1.8,3.3,1.2,2.347,0.017,0.006,0.5,170
2002110,임하,2025-05-19,6,6.9,9.8,1.8,4.3,0.3,1.279,0.016,0.007,0.4,187
4007110,주암(본),2025-05-19,8,7,8.9,0.9,2.5,0.6,0.744,0.005,0.003,2.3,76
2021110,밀양,2025-05-19,15,7,9.7,0.8,1.3,2.1,1.025,0.009,0.003,3.1,60
2021210,운문,2025-05-19,12,7.9,10.6,1.4,3.1,4.6,1.625,0.009,0.004,4.7,69
2001110,안동,2025-05-19,6,7.5,9.6,1.3,2.8,0.1,1.123,0.013,0.006,0.3,192
1006110,횡성,2025-05-19,14,7.3,9.7,2.2,2.6,1.6,2.1,0.008,0.002,2,152
1012110,소양강,2025-05-19,11,7.6,9.5,1.4,2.2,1.4,2.117,0.009,0.002,0.2,74
5002201,평림,2025-05-19,14,7.5,9.3,1.5,2.8,1.2,0.918,0.011,,2,121
2503210,연초,2025-05-19,18,7.1,8.1,0.9,4,3.6,,,,1.3,
4104610,주암(조),2025-05-19,8,6.8,10.2,0.6,2.3,0.4,0.971,0.003,0,2.3,78
3001110,용담,2025-05-19,16,7.8,10.4,1.4,4.2,2,1.221,0.01,0,1.8,126
4001110,섬진강,2025-05-19,12,8.1,9.8,2.2,4.1,2.4,2.005,0.014,0,1.7,139
2015110,합천,2025-05-19,8,7.4,10.6,0.7,1.5,1.2,1.727,0.007,0.004,1,118
1003110,충주,2025-05-19,10,8.3,11.4,1.7,3.5,0.2,2.531,0.061,0.019,0.4,281
3203110,보령,2025-05-19,10,7.8,9.4,2.5,3,0.8,1.228,0.004,0,1,128
2018110,남강,2025-05-19,17,7.7,10.3,1.6,3,2.4,1.424,0.008,0.006,15.8,121
3303110,부안,2025-05-19,17,6.9,9.6,0.8,2.6,1.9,1.459,0.005,0,1,75
2008101,군위,2025-05-19,20,7.9,9.6,0.8,5,0.8,1.202,0.008,0.002,0.7,105
2012210,영천,2025-05-19,14,8,10,3,3.6,3.5,1.459,0.021,0.009,2.8,147
2503220,구천,2025-05-19,12,6.9,7.9,1.1,2.5,6,,,,1.1,
4105210,수어,2025-05-19,21,8.5,10.8,1.1,2.3,1.3,1.712,0.01,0.007,0.7,169
3008110,대청,2025-04-19,5,7.7,12.9,0.8,1.5,1.6,2.151,0.012,0.001,0.5,167
2021210,운문,2025-04-19,8,7.2,11.7,1.2,2.7,4.2,1.921,0.014,0.007,4.9,68
5002201,평림,2025-04-19,10,7.9,11.5,2,3.9,1.6,0.917,0.01,,3.6,
2002110,임하,2025-04-19,7,7.7,9.8,1.1,4.3,0.4,1.511,0.026,0.017,0.7,180
1012110,소양강,2025-04-19,7,7.5,11,1.6,2,1.7,2.127,0.023,0.002,1.6,73
2008101,군위,2025-04-19,10,7.1,11.8,1.1,4.9,2.2,1.552,0.014,0.007,4,102
1006110,횡성,2025-04-19,7,7.3,9,2.2,2.5,1,2.4,0.008,0.003,1.4,152
3001110,용담,2025-04-19,12,7.3,11.4,1,3.4,1.6,1.284,0.007,0,2.9,126
4105210,수어,2025-04-19,13,7.4,10.3,1.1,2.4,1,1.571,0.01,0.007,1,146
3203110,보령,2025-04-19,8,8,11,2.5,3.7,4.2,1.597,0.011,0.006,1.7,127
2001110,안동,2025-04-19,6,7.4,11,1,2.4,0.9,1.383,0.018,0.011,1.6,193
4007110,주암(본),2025-04-19,8,7.6,11.8,0.9,2.5,0.6,0.752,0.008,0.002,2.5,77
2012210,영천,2025-04-19,8,8,11.6,3.8,5.6,1.6,1.562,0.017,0.008,1.8,141
2503220,구천,2025-04-19,9,7,7.1,1,1.3,10.8,,,,1.9,
2503210,연초,2025-04-19,12,7,9.5,0.9,4,2,,,,2.1,
1003110,충주,2025-04-19,6,8.1,11.9,2.1,3,0.8,2.534,0.005,0.003,0.7,237
5101110,장흥,2025-04-19,9,7.2,11.6,2.1,3.4,0.9,0.919,0.016,0.001,1,101
2021110,밀양,2025-04-19,10,7.1,10.7,0.7,1.9,2.1,1.285,0.011,0.005,1.1,75
2018110,남강,2025-04-19,13,8.1,9.8,1.4,5.3,1.6,2.907,0.008,0.004,1.3,132
3303110,부안,2025-04-19,8,6.8,10.5,1.2,2.6,1.5,1.412,0.006,0.001,1,74
4001110,섬진강,2025-04-19,7,7.7,10.3,2.5,4.5,2.6,2.028,0.013,0,1.8,137
2015110,합천,2025-04-19,8,8,10.3,0.6,2.3,0.8,2.325,0.006,0.005,0.5,116
4104610,주암(조),2025-04-19,7,7.3,12,0.1,2.3,1,1,0.014,0.001,2.2,78
3008110,대청,2025-03-19,5,7.2,12.8,1,2,1.2,2.009,0.008,0.002,0.6,163
5101110,장흥,2025-03-19,7,7,11.8,1.8,3.2,1.4,1.121,0.018,0.002,1.2,76
2015110,합천,2025-03-19,9,7.9,13,0.4,4.5,1.6,1.794,0.01,0.009,0.7,128
2503210,연초,2025-03-19,10,7.1,11.3,1,3.5,5.2,,,,1.9,
2008101,군위,2025-03-19,5,7.6,12.7,1.1,4.9,1.1,1.237,0.006,0,1,118
3203110,보령,2025-03-19,4,7.8,11.4,1.9,3.2,1.1,1.742,0.013,0.004,1.2,127
1012110,소양강,2025-03-19,6,7.4,10.4,1.4,1.8,1.1,1.936,0.007,0.005,0.2,87
5002201,평림,2025-03-19,6,7.5,9.2,1.3,3.8,1.6,1.52,0.011,,2.1,
4104610,주암(조),2025-03-19,6,7.6,10.6,0.5,2.4,1,0.958,0.015,0.001,2.3,80
1003110,충주,2025-03-19,7,7.6,11.5,1.6,2.4,1.2,2.495,0.005,0,0.7,277
2021210,운문,2025-03-19,5,7.2,12.3,1.3,2.4,3.8,1.733,0.012,0.009,4.2,67
4105210,수어,2025-03-19,9,7.4,11.6,1.5,2.8,0.7,1.802,0.012,0.006,1.3,150
4001110,섬진강,2025-03-19,7,7.5,10.2,2.5,4.5,2.5,2.021,0.012,0,1.7,136
2018110,남강,2025-03-19,9,7.8,9.4,2,3,1.6,0.523,0.009,0.087,1.6,129
2001110,안동,2025-03-19,5,7.5,9.4,1.4,2.9,0.3,1.827,0.013,0.009,0.4,189
2012210,영천,2025-03-19,8,8.3,11.9,3,4,1.6,1.485,0.01,0.007,1.9,120
3001110,용담,2025-03-19,9,7,11.3,0.9,2.9,0.8,1.261,0.007,0,0.5,128
3303110,부안,2025-03-19,6,6.8,11.5,1,2.4,0.3,1.47,0.004,0,0.8,73
2002110,임하,2025-03-19,5,7.3,9.6,1.3,3.6,0.8,1.604,0.018,0.012,1,185
2021110,밀양,2025-03-19,8,7.2,11.3,1,1.8,0.6,1.033,0.014,0.003,0.8,37
4007110,주암(본),2025-03-19,6,7.6,10.8,0.4,2.4,1.2,0.697,0.012,0,2.5,79
1006110,횡성,2025-03-19,4,6.7,9.2,2,2.4,1,1.848,0.008,0.003,1.2,144
2503220,구천,2025-03-19,7,7,9.3,0.9,1.9,3.2,,,,1.7,
5101110,장흥,2025-02-19,6,7.6,7.6,3.5,2.6,3.6,1.119,0.024,0.002,2.2,89
4007110,주암(본),2025-02-19,6,7.9,10.4,0.5,2.4,1.6,0.779,0.004,0,2,79
5002201,평림,2025-02-19,3,7.5,9.1,1.2,4.3,1,1.104,0.013,,2.5,
2018110,남강,2025-02-19,5,7.8,8.7,0.8,2.7,1.2,1.307,0.017,,7.5,113
1012110,소양강,2025-02-19,6,7.4,9.1,1.5,1.9,1.2,1.896,0.005,0.003,0.5,74
4001110,섬진강,2025-02-19,5,7.4,10.5,0.8,1.4,0.2,1.423,0.011,0.005,0.3,151
1006110,횡성,2025-02-19,4,7.1,10.3,1.6,2.4,0.8,1.612,0.008,0.002,1.4,150
2001110,안동,2025-02-19,5,7.4,9.7,0.9,3.1,0.2,1.437,0.009,0.005,0.9,183
2002110,임하,2025-02-19,5,7.2,9.4,1.9,5.4,0.7,1.654,0.027,0.016,1.5,186
2012210,영천,2025-02-19,3,8,13.4,2.5,2.9,3.5,1.278,0.016,0.012,2.1,135
4104610,주암(조),2025-02-19,7,7.3,10.8,0.3,2.4,1.8,1.028,0.004,0,2.6,81
2021210,운문,2025-02-19,5,7.7,12.1,1.5,2.8,4.9,1.473,0.011,0,4.1,90
4105210,수어,2025-02-19,6,7.6,11.3,1,2,1.1,1.473,0.012,0.009,1.3,147
2503220,구천,2025-02-19,6,6.9,10,0.8,1.8,4,,,,3.5,
2008101,군위,2025-02-19,6,7.9,13.6,0.6,5.8,0.7,1.014,0.02,0,1.2,111
2015110,합천,2025-02-19,7,8.8,12.4,0.4,2.5,3.1,1.436,0.006,0.006,1.5,111
3001110,용담,2025-02-19,6,7.2,12,1.2,3.4,1.6,1.2,0.005,0,0.3,128
1003110,충주,2025-02-19,7,7.8,11.7,1.9,2.4,0.2,2.475,,0,0.5,252
3008110,대청,2025-02-19,4,6.9,12.8,1,2.1,1.2,2.297,0.041,0.007,0.5,160
3203110,보령,2025-02-19,4,7.8,11.8,2.4,3.8,1.9,1.507,0.007,0,1.4,127
3303110,부안,2025-02-19,5,6.6,11.2,1,2.8,0.2,1.488,0.004,0.002,0.6,76
2021110,밀양,2025-02-19,6,7.2,11,0.8,2.1,0.9,0.855,0.005,0,1.1,56
2503210,연초,2025-02-19,6,7.2,11.8,1,2.8,2.8,,,,1.7,
4105210,수어,2025-01-19,7,7.4,11.2,1.2,1.9,0.7,1.331,0.012,0.008,1,134
2008101,군위,2025-01-19,5,7.8,13.1,1.3,4.8,0.4,1.263,0.008,0.003,1,115
5002201,평림,2025-01-19,5,7.7,9.1,1.1,4.5,1.6,1.754,0.013,,2.5,
2015110,합천,2025-01-19,8,8.3,12.7,0.5,2.4,3.2,1.841,0.009,0,1.5,112
3203110,보령,2025-01-19,6,7.7,11,1.5,2.6,0.7,1.68,0.009,0.002,1,126
1006110,횡성,2025-01-19,6,7.1,9.2,2.2,2.6,1.2,1.564,0.007,0.002,1.6,154
2503220,구천,2025-01-19,7,6.9,9.8,0.9,2,2.4,,,,2.9,
5101110,장흥,2025-01-19,7,8.7,7.9,3.3,2.1,3.8,1.561,0.018,0,1.6,88
2503210,연초,2025-01-19,7,7.6,11,1.1,3.2,3.2,,,,1.8,
2001110,안동,2025-01-19,7,6.9,9.1,1.3,2.9,0.5,1.433,0.014,0.008,0.9,156
1003110,충주,2025-01-19,9,8,10.4,2.6,2.3,1.4,2.525,,0.001,1.7,230
4001110,섬진강,2025-01-19,7,7.4,10.3,2.6,4.3,2.2,1.684,0.015,0.004,0.5,148
2021210,운문,2025-01-19,6,7.3,10.7,1.4,3.1,4.8,1.485,0.007,0.006,5.5,66
3008110,대청,2025-01-19,7,8.3,18.1,1.1,3.2,1.2,2.183,0.03,0.007,0.6,160
2012210,영천,2025-01-19,4,7.7,12.7,3.4,4.1,1.2,1.486,0.018,0.013,1.9,113
3001110,용담,2025-01-19,9,7.3,9.9,1,3.2,1.2,1.332,0.012,0,0.5,121
1012110,소양강,2025-01-19,8,7,8,1.5,1.8,1,1.745,0.005,0.003,0.6,72
4104610,주암(조),2025-01-19,10,7.6,9.1,0.3,2.4,1.2,1.002,0.012,0.003,2.5,80
2002110,임하,2025-01-19,7,7.3,0.4,1.9,5,2.1,1.696,0.029,0.023,2.2,190
4007110,주암(본),2025-01-19,8,7.4,9.3,0.7,2.4,2,0.74,0.01,0,2.8,79
2018110,남강,2025-01-19,5,7.7,8.8,1.2,2.5,1.9,1.104,0.019,0.009,2.5,100
2021110,밀양,2025-01-19,8,6.8,10.2,0.9,1.8,1.4,1.108,0.021,0.001,0.6,56
3303110,부안,2025-01-19,7,6.9,10.2,1.2,2.4,1.1,1.332,0.005,0.003,0.6,78
3008110,대청,2025-12-18,11,7.5,14.4,0.6,1.8,0.4,2.45,0.074,0.005,0.4,152
2101210,안계,2025-12-18,12,,,,4.2,1.6,,,,1.5,
2018110,남강,2025-12-18,9,7.1,7.2,1.7,3.1,2.9,1.43,0.022,0.004,3.7,70
2015110,합천,2025-12-18,12,8.7,10.7,0.8,2.5,2,2.576,0.015,0.014,1.5,111
3303110,부안,2025-12-18,12,6.7,8.4,0.9,2.6,1.2,1.302,0.008,0,1.1,72
4105210,수어,2025-12-18,14,7.5,10,1.4,2.6,0.7,0.769,0.01,0.007,0.9,81
5002201,평림,2025-12-18,9,,,,4.6,2,,,,7.9,
2403201,감포,2025-12-18,13,,,,2.5,2,,,,3.8,
4007110,주암(본),2025-12-18,14,7,7.4,0.5,2.7,1,0.786,0.012,0.001,2.7,79
5101110,장흥,2025-12-18,9,7.4,12,2.1,3.1,2.8,0.725,0.013,0,2.3,87
2503210,연초,2025-12-18,21,7.1,7.9,,3.1,2.8,,,,1.8,
2503220,구천,2025-12-18,11,7,7.9,1,1.1,3,,,,3.7,
3203110,보령,2025-12-18,12,7.4,8.8,1.4,2.4,0.8,1.486,0.017,0.004,1.7,127
3001110,용담,2025-12-18,13,7.6,9.8,1.9,2.1,0.4,1.337,0.008,0.005,0.4,120
2021210,운문,2025-12-18,11,6.7,7.1,1.5,3,5.6,,,,4.5,78
4104610,주암(조),2025-12-18,15,7.2,7.1,0.7,2.6,0.8,1.066,0.012,0.002,3,80
2001110,안동,2025-12-18,11,7.3,7.6,1.5,2.1,0.6,1.943,0.016,0.007,1.4,177
2012210,영천,2025-12-18,12,,,,4.3,1.4,,,,2.9,
1003110,충주,2025-12-18,13,8.3,10.1,2.3,2.2,4,2.573,0.067,0.004,5.1,224
4001110,섬진강,2025-12-18,7,7.2,12.4,1.8,2.5,2.1,2.11,0.01,0.002,0.5,154
2002110,임하,2025-12-18,10,7.7,7.5,2.2,4.6,1.3,2.347,0.023,0.013,2.6,172
1006110,횡성,2025-12-18,7,7.2,7.7,2.4,2.8,1.2,1.982,0.01,0.003,1.6,150
1012110,소양강,2025-12-18,12,7,7,1.2,2.3,2,1.613,0.007,0.001,1.5,77
4007110,주암(본),2025-11-18,17,7,5.6,1.2,2.8,1.2,0.854,0.016,0.005,3.2,78
3203110,보령,2025-11-18,16,7.3,8.1,2.1,3.5,4.3,1.626,0.01,0.001,3.2,128
3001110,용담,2025-11-18,17,8.1,9.8,1.4,4.2,6.8,1.534,0.012,0,0.9,114
4104610,주암(조),2025-11-18,19,7,6.4,1.5,2.8,0.8,1.083,0.019,0.003,2.1,79
2015110,합천,2025-11-18,11,7.7,8,1.6,2,5.2,1.136,0.009,0.009,2.8,134
1006110,횡성,2025-11-18,14,7.2,8.2,2.6,3.3,1.2,2.002,0.01,0.003,1.6,142
3303110,부안,2025-11-18,16,6.6,8.1,0.9,2.6,0.9,1.429,0.005,0,0.8,74
2503220,구천,2025-11-18,12,7,6.2,1,1.4,10,,,,2.3,
2101210,안계,2025-11-18,18,,,,5.6,1.8,,,,4,
1003110,충주,2025-11-18,17,8.6,11.6,1.6,2.2,5.3,2.586,0.016,0.003,3.2,147
1012110,소양강,2025-11-18,11,7,7.5,1.7,2.4,2.3,2.081,0.008,0.004,1.1,78
2503210,연초,2025-11-18,19,7.1,8.8,,3.1,2.6,,,,4.7,
2001110,안동,2025-11-18,15,6.7,7.3,2.2,1.8,0.8,1.215,0.021,0.013,3.1,183
4105210,수어,2025-11-18,17,7.4,9.3,0.6,2.6,0.8,0.908,0.01,0.006,1.1,80
5002201,평림,2025-11-18,15,,,,5,1.2,,,,3.3,
2002110,임하,2025-11-18,14,7.2,6.8,1.6,3.5,34,1.729,0.031,0.02,42.1,188
2018110,남강,2025-11-18,14,6.9,6.4,1.5,3.1,3.2,1.777,0.02,0.008,4.7,84
2403201,감포,2025-11-18,16,,,,2.9,1.8,,,,4.6,
2012210,영천,2025-11-18,15,,,,4.1,1.8,,,,11.9,
4001110,섬진강,2025-11-18,6,7,9.9,2.5,3.8,2.5,2.112,0.01,0.002,0.6,150
2021210,운문,2025-11-18,15,6.2,6.1,1.4,2.6,4.4,,,,4.1,71
5101110,장흥,2025-11-18,17,7.2,8,2.1,3.7,2.4,1.534,0.007,0.002,1.7,77
3008110,대청,2025-10-18,19,8.1,11,1.4,2.8,0.4,2.324,0.03,0.006,1.9,141
2021210,운문,2025-10-18,16,6.7,4.4,2.2,3.1,2,,,,3.4,74
4007110,주암(본),2025-10-18,21,7,6.1,1.5,2.8,1.4,0.714,0.02,0.009,3.8,78
4104610,주암(조),2025-10-18,21,6.2,1.9,1.1,2.7,0.6,1.311,0.018,0.009,1.1,77
2001110,안동,2025-10-18,16,6.2,5.5,1.7,3,0.7,1.276,0.024,0.016,1.8,168
2015110,합천,2025-10-18,14,8.2,8.3,1,3.3,4,1.261,0.048,0.034,10,112
1012110,소양강,2025-10-18,11,7.2,8,1.7,2.6,1.3,1.836,0.004,0.002,1.7,77
3303110,부안,2025-10-18,22,6.5,6.8,1,2.6,1.2,1.589,0.005,0,0.5,79
3001110,용담,2025-10-18,19,7.8,8.6,1.6,3.5,1.6,1.925,0.006,0.005,0.9,121
2101210,안계,2025-10-18,21,,,,4.2,3.2,,,,10,
5002201,평림,2025-10-18,20,,,,5.7,1.2,,,,2.6,
2002110,임하,2025-10-18,16,7.6,9.7,1.4,4.3,2.4,2.112,0.027,0.018,5.5,210
2018110,남강,2025-10-18,18,6.2,7.6,1.7,4.2,5.3,1.808,0.07,0.035,0.6,56
2503210,연초,2025-10-18,23,7.1,7,1.3,3.7,12.2,,,,5.1,
1006110,횡성,2025-10-18,16,7.4,7.2,1.7,2.5,1.6,2.212,0.011,0.004,2.2,152
5101110,장흥,2025-10-18,19,7.3,6.5,1.8,4.3,3.4,0.596,0.021,0.002,1.1,79
2012210,영천,2025-10-18,20,,,,5.3,20,,,,55,
2503220,구천,2025-10-18,15,7.1,2.9,0.7,1.1,4.8,,,,2.5,
3203110,보령,2025-10-18,22,7,6.5,1.7,3.7,5.2,1.7,0.017,0.008,2.8,123
1003110,충주,2025-10-18,19,8.7,5.1,1.5,2.6,6,2.784,0.045,0.008,3.7,198
4105210,수어,2025-10-18,23,7.6,8.3,0.7,3.3,0.8,0.816,0.012,0.009,1.3,83
4001110,섬진강,2025-10-18,10,7.5,6.5,2.8,3.4,2.5,2.112,0.01,0.004,0.5,157
2403201,감포,2025-10-18,22,,,,2.6,2.3,,,,2.9,
4105210,수어,2025-09-18,27,8.4,8.2,1.4,3.5,0.9,0.709,0.009,0.008,1.2,160
3008110,대청,2025-09-18,23,8,16,1.6,1.1,4,2.344,0.033,0.022,3.7,142
2002110,임하,2025-09-18,9,7.5,8,1.6,4.5,3.9,2.035,0.037,0.02,5.3,202
2001110,안동,2025-09-18,18,8.2,3.5,1.4,2.7,0.4,0.956,0.012,0.007,0.4,170
1003110,충주,2025-09-18,20,7.4,11.7,1.8,3.2,6.5,3.096,0.02,0.003,6.7,217
2503210,연초,2025-09-18,26,7.1,8.2,1,3.9,6.4,,,,3.7,
4007110,주암(본),2025-09-18,24,7.1,5.6,1,2.9,3.6,0.702,0.017,0.003,5.8,72
4001110,섬진강,2025-09-18,14,8.5,12.5,2.7,3.6,2.8,1.554,0.01,0.004,0.5,155
2018110,남강,2025-09-18,22,6.5,7.3,1.3,3.9,3.6,1.108,0.062,0.003,100.1,56
2012210,영천,2025-09-18,25,,,,5.1,2.8,,,,3,
1012110,소양강,2025-09-18,11,7.2,9.1,1.7,3.1,1,1.889,0.01,0.006,2.6,80
4104610,주암(조),2025-09-18,20,6.6,2.9,0.2,2.7,2.2,1.107,0.014,0.005,4.4,88
2403201,감포,2025-09-18,25,,,,2.6,2.6,,,,3.3,
2101210,안계,2025-09-18,24,,,,4.3,2.4,,,,2.3,
2503220,구천,2025-09-18,17,7,8.5,0.8,2.1,3.6,,,,5.4,
2015110,합천,2025-09-18,12,7.9,7.6,0.9,3.1,7.2,1.915,0.018,0.017,3.4,133
5101110,장흥,2025-09-18,24,7.5,9,1.8,4.3,2.4,0.165,0.018,0.002,1.4,81
1006110,횡성,2025-09-18,18,6.9,7.6,2.1,2.6,1.6,2.112,0.009,0.003,2.4,152
3001110,용담,2025-09-18,20,7.9,8.2,2.1,2.8,0.9,1.629,0.012,0.005,1.8,135
3303110,부안,2025-09-18,27,6.8,8.2,1,3.2,1.1,1.131,0.007,0,0.5,70
3203110,보령,2025-09-18,24,6.9,6.8,1.5,2.7,2.9,1.896,0.016,0.004,5.5,124
4104610,주암(조),2025-08-18,12,6.8,5.3,0.2,2.5,1.8,1.186,0.013,0.004,3.4,101
3008110,대청,2025-08-18,18,8.3,9.7,2.3,4.6,0.4,2.395,0.023,0,2.3,180
3203110,보령,2025-08-18,24,6.9,6.9,1.5,3,1.2,2.211,0.015,0.004,4,140
4001110,섬진강,2025-08-18,22,8.5,12.4,3,4.2,2.1,2.122,0.01,0.004,0.5,145
2503210,연초,2025-08-18,24,7,7.8,1.1,3.4,4,,,,3,
4105210,수어,2025-08-18,33,9,10.5,2.2,4.2,1.2,0.649,0.015,0.011,1,188
3001110,용담,2025-08-18,17,7.8,9.1,1.6,2.4,0.4,1.597,0.004,0,1,138
2101210,안계,2025-08-18,27,,,,4.4,3.2,,,,2.8,
2018110,남강,2025-08-18,29,8.3,7.6,1.9,4.1,3.5,1.067,0.035,0.002,23,112
2012210,영천,2025-08-18,28,,,,5.1,3.2,,,,3.1,
2503220,구천,2025-08-18,21,7.1,8.2,0.8,2.1,1.2,,,,4.4,
4007110,주암(본),2025-08-18,23,7.3,6.3,0.2,3.2,5.4,1.386,0.028,0.007,6.9,80
2015110,합천,2025-08-18,12,7.7,8.3,1.5,3,4,1.512,0.003,0,1,181
1006110,횡성,2025-08-18,19,7.1,7.8,2.2,2.5,2,1.562,0.009,0.003,2.6,155
5101110,장흥,2025-08-18,32,8.4,8.8,2.3,3.9,2.7,0.841,0.012,0.004,0.6,95
3303110,부안,2025-08-18,22,6.4,6.4,1.2,3.4,1.2,1.208,0.008,0.001,1.3,79
1003110,충주,2025-08-18,20,8.3,4.6,1.7,3.4,4.7,3.467,0.032,0.006,2.3,220
1012110,소양강,2025-08-18,11,7.9,9.3,1.8,2.8,2,1.985,0.011,0.005,3.3,79
2403201,감포,2025-08-18,25,,,,2.6,2.8,,,,2.1,
4105210,수어,2025-07-18,25,8.9,7.7,3.1,1.5,1,0.945,0.01,0.008,1,122
3303110,부안,2025-07-18,26,6.9,8.3,1.2,3.2,4.5,1.405,0.011,0.003,2.1,82
5101110,장흥,2025-07-18,26,7.8,9.5,1.9,3.5,0.9,0.607,0.012,0.003,2.4,80
4007110,주암(본),2025-07-18,21,6.6,7.7,1.3,2.7,2.2,0.707,0.023,0,9.3,84
2012210,영천,2025-07-18,23,,,,5.2,4.2,,,,17.6,
3203110,보령,2025-07-18,19,7.1,7.1,1.5,3.6,1.8,2.211,0.025,0.01,13.7,130
2018110,남강,2025-07-18,22,8.2,8.9,1.7,3.6,2.9,1.733,0.035,0.003,25.3,65
1012110,소양강,2025-07-18,9,7.5,9.9,2,3.1,2.7,2.104,0.01,0.004,3.7,78
2503210,연초,2025-07-18,25,7.1,8.1,1.3,3.1,5.6,,,,11.3,
4001110,섬진강,2025-07-18,14,8.4,12.4,2.7,3.5,4.5,2.145,0.01,0.008,0.5,134
4104610,주암(조),2025-07-18,12,6.2,7.4,0.5,2.3,0.8,0.978,0.007,0,1.1,99
3008110,대청,2025-07-18,14,8.5,7.9,2.5,1.5,1.2,2.768,0.019,0.008,0.7,194
2101210,안계,2025-07-18,21,,,,4.1,2.4,,,,1.7,
1006110,횡성,2025-07-18,19,7.2,8.6,2.2,2.8,1.6,2.128,0.012,0.004,2.4,158
2015110,합천,2025-07-18,12,8.6,8,1,3.1,1.2,1.806,0.003,0,1.2,136
2503220,구천,2025-07-18,12,7,9,1.1,1.9,5.6,,,,9.4,
2403201,감포,2025-07-18,24,,,,2.6,3,,,,3.5,
1003110,충주,2025-07-18,16,8.4,8.9,1,2.4,3,3.166,0.036,0.01,1.9,216
3001110,용담,2025-07-18,15,7.7,9.7,1.1,2.2,0.4,1.792,0.009,0,1.2,124
2015110,합천,2025-06-18,23,7.9,9.3,1.7,2.4,1.6,1.807,0.011,0,3.5,225
2403201,감포,2025-06-18,23,,,,2.4,3,,,,2.8,
1003110,충주,2025-06-18,18,8.9,11.4,1,2.9,3.8,3.353,0.031,0.012,10.7,225
4007110,주암(본),2025-06-18,12,6.1,7.5,0.8,2.8,1.2,1.244,0.008,0.003,3,99
1006110,횡성,2025-06-18,17,7.3,8.5,2.1,2.5,1.8,2.072,0.012,0.004,2.6,126
3203110,보령,2025-06-18,13,7.2,7.1,1.7,3.2,0.8,2.543,0.011,0.002,2.1,197
2101210,안계,2025-06-18,22,,,,4.1,2,,,,1.9,
4104610,주암(조),2025-06-18,11,7.4,9.6,1,2.8,1,1.23,0.01,0.002,2.2,95
2002110,임하,2025-06-18,7,6.4,7.6,1.1,4.9,0.8,1.907,0.018,0.012,1.6,201
2012210,영천,2025-06-18,20,,,,3.9,3.2,,,,1.8,
3001110,용담,2025-06-18,16,7.5,10.3,1,2.5,1.2,1.529,0.006,0,1.5,115
1012110,소양강,2025-06-18,8,7.2,11,1.9,2.4,2,2.022,0.004,0.002,2.2,79
2001110,안동,2025-06-18,8,7.2,8.4,1.4,3.4,0.4,1.627,0.007,0.003,1,209
3008110,대청,2025-06-18,10,8.1,12.3,1.1,2.9,0.4,3.168,0.015,0.005,0.7,187
3303110,부안,2025-06-18,21,7,8.9,1,2.2,1.2,1.331,0.004,0,0.9,90
2018110,남강,2025-06-18,24,7.6,8.6,1.6,3.1,3.9,1.466,0.016,0.003,2,92
4105210,수어,2025-06-18,23,9.3,10.6,1.9,3.2,1.5,1.235,0.013,0.009,1.4,153
4001110,섬진강,2025-06-18,10,8.4,8.7,2,3,2.7,1.884,0.01,0.008,0.5,157
5101110,장흥,2025-06-18,23,8.4,10.7,2.3,3.5,1.1,0.997,0.016,0.005,0.9,88
1003110,충주,2025-05-18,8,8.7,10.9,1.2,2.8,0.2,2.537,0.004,0.001,0.7,268
2012210,영천,2025-05-18,15,,,,4.4,3.6,,,,3,
3303110,부안,2025-05-18,15,6.8,9.7,1,2.4,1.6,1.479,0.009,0,1,86
4104610,주암(조),2025-05-18,7,7.6,11.2,,2.6,,0.857,,,2.6,95
2001110,안동,2025-05-18,6,7.5,11.1,1.7,2.3,0.8,1.74,0.011,0.005,1.3,235
2015110,합천,2025-05-18,10,7.5,8.8,0.9,3.1,0.4,1.582,0.029,0,0.5,141
2101210,안계,2025-05-18,17,,,,4.4,2,,,,3.2,
2403201,감포,2025-05-18,17,,,,9.8,5.6,,,,3.4,
3001110,용담,2025-05-18,9,7.6,11.5,1.1,2.5,1.2,1.961,0.007,0,3.5,182
1012110,소양강,2025-05-18,6,7.3,11.4,1.8,2,0.7,1.786,0.004,0.001,1.1,77
4007110,주암(본),2025-05-18,9,7.1,9.7,0.8,2.7,1.8,0.798,0.01,0,2.8,99
1006110,횡성,2025-05-18,13,7.2,10.4,1.7,2.5,1,1.712,0.01,0.003,1.4,154
2018110,남강,2025-05-18,18,7.4,8.6,1.5,3.5,1.7,1.429,0.014,0.003,3,94
3008110,대청,2025-05-18,8,8.3,11.6,1.4,3.4,1.6,2.222,0.019,0.004,0.9,186
4105210,수어,2025-05-18,17,7.4,9.9,1.7,3,0.5,1.629,0.01,0.009,0.7,124
3203110,보령,2025-05-18,11,7.4,9.4,1.6,3.3,1.1,2.344,0.009,0.002,2.9,222
2002110,임하,2025-05-18,7,7.6,9.1,1.8,4.6,0.6,1.869,0.027,0.018,4.7,229
5101110,장흥,2025-05-18,15,7.6,10.7,2.3,3.7,1.5,0.842,0.008,0.002,2.4,84
4001110,섬진강,2025-05-18,8,8.2,10.7,2.8,3.6,2.7,2.334,0.009,0,0.5,135
1003110,충주,2025-04-18,8,8.5,12.9,1.5,2.8,1.4,2.338,0.004,0.001,0.9,251
3001110,용담,2025-04-18,9,7.5,11.9,1.3,2.4,0.8,1.596,0.008,0.003,6.2,172
2403201,감포,2025-04-18,12,,,,2.7,3.4,,,,2.8,
2101210,안계,2025-04-18,15,,,,4.1,1.9,,,,3,
4007110,주암(본),2025-04-18,6,6.9,11.8,1.4,2.6,1.6,0.614,0.023,0.016,3.3,92
1006110,횡성,2025-04-18,6,7.1,10.7,2.5,3,1,1.512,0.01,0.003,1.2,154
3008110,대청,2025-04-18,5,8.3,12,1,2.7,0.4,3.251,0.008,0,0.8,188
4104610,주암(조),2025-04-18,5,7.1,11.9,0.2,2.6,1,0.744,0.02,0.002,4.4,91
2015110,합천,2025-04-18,10,7.8,11,1.3,3,1.6,1.699,0.009,0.004,1.6,149
2012210,영천,2025-04-18,12,,,,3.9,1.6,,,,2.8,
5101110,장흥,2025-04-18,12,7.4,11.4,1.2,3.3,1.5,1.107,0.015,0.003,1.7,87
2018110,남강,2025-04-18,14,7.7,9.8,1.6,3.2,2.5,2.394,0.021,0.004,0.8,136
2001110,안동,2025-04-18,6,6.9,10.4,1.5,3,1.2,1.487,0.012,0.005,3.1,233
3203110,보령,2025-04-18,9,7.4,11,1.5,2.8,1.4,2.505,0.008,0,2.2,247
4001110,섬진강,2025-04-18,7,7.9,12.6,2,3.6,2.8,1.556,0.01,0.002,0.5,140
1012110,소양강,2025-04-18,5,7.3,11.3,1.5,2,0.3,1.876,0.008,0.002,0.8,77
4105210,수어,2025-04-18,15,7.5,10.2,1.9,3.2,0.4,1.987,0.009,0.007,0.8,156
3303110,부안,2025-04-18,14,6.8,10.8,1.1,2,2.8,1.466,0.008,0,1.1,93
2002110,임하,2025-04-18,5,7.4,10,1.2,4.9,1.3,1.45,0.036,0.02,3.2,231
4001110,섬진강,2025-03-18,4,7.2,13.5,2.1,3,2.7,1.641,0.008,0.001,0.5,154
3203110,보령,2025-03-18,6,8,12.4,1.8,3.8,2.2,2.869,0.01,0,2.1,276
2018110,남강,2025-03-18,8,7.5,11.1,1.6,3.3,2.1,2.038,0.016,0.003,1,176
1012110,소양강,2025-03-18,5,7.2,10.8,1.2,1.7,1,1.742,0.006,0.001,1.1,79
2002110,임하,2025-03-18,4,6.9,10.9,2,3.9,0.6,2.281,0.045,0.023,2.1,215
3008110,대청,2025-03-18,4,8.2,14,1.3,3.7,1.2,2.466,0.012,0.003,0.8,176
4007110,주암(본),2025-03-18,4,7.1,12.1,0.4,2.3,1.8,0.523,0.012,0,2.6,94
2015110,합천,2025-03-18,10,9.2,12.7,1.1,2.3,0.4,3.936,0.009,0,1.7,137
3001110,용담,2025-03-18,7,7.5,11.2,1.2,2.4,2.4,1.547,0.013,0.004,3.2,165
4105210,수어,2025-03-18,5,7.5,12.3,1.5,2.6,2.5,1.647,0.01,0.002,0.9,203
3303110,부안,2025-03-18,6,6.7,12,1,2.2,1.3,1.012,0.006,0,1.2,85
5101110,장흥,2025-03-18,5,7.5,13.7,1.9,4.3,1.2,1.202,0.024,0.003,1.9,88
1006110,횡성,2025-03-18,4,7,8.8,2.6,3.4,1,1.582,0.01,0.003,1.4,150
1003110,충주,2025-03-18,5,8.6,18.6,2.8,2.7,0.8,2.361,0.012,0,0.5,239
4104610,주암(조),2025-03-18,4,6.8,12,0.1,2.5,0.8,0.725,0.017,0.001,2.7,90
2001110,안동,2025-03-18,4,7.2,10.9,1,2.8,0.6,1.587,0.009,0.015,2.4,212
4001110,섬진강,2025-02-18,1,7.1,13.5,2.1,3,2.7,1.254,0.008,0.002,0.5,154
4104610,주암(조),2025-02-18,4,7.1,11.6,0.8,2.6,1.4,0.731,0.012,0,1,89
5101110,장흥,2025-02-18,2,7.6,11.7,1.4,3.5,2.3,0.824,0.004,0,1.6,87
3001110,용담,2025-02-18,6,7.6,10.2,0.8,2.3,0.7,1.657,0.008,0.002,1.8,124
4105210,수어,2025-02-18,2,7.3,11.7,1.2,2.3,1.8,1.079,0.009,0.006,1,178
2015110,합천,2025-02-18,4,8.7,8.8,0.9,3.1,1.6,1.401,0.005,0,1.5,147
2018110,남강,2025-02-18,4,7.3,13.1,1.3,3,1.9,1.79,0.012,0.003,1.5,167
3303110,부안,2025-02-18,3,6.8,12.7,1.1,2,1,1.489,0.008,0,1,85
4007110,주암(본),2025-02-18,3,7.6,12,1.2,2.2,1.8,0.52,0.01,0,1.8,94
1006110,횡성,2025-02-18,4,7,11.4,1.4,2.3,0.8,2.216,0.012,0.003,1.2,154
2002110,임하,2025-02-18,3,7.2,10.2,1.9,4.4,0.4,1.766,0.019,0.011,2.1,200
1012110,소양강,2025-02-18,5,7.2,9.5,1.2,1.8,0.4,1.799,0.005,0,2.3,75
3203110,보령,2025-02-18,1,8.3,12.5,1.6,3.2,0.4,2.85,0.006,0.001,1.7,259
3008110,대청,2025-02-18,3,8.4,12.5,1.7,3.4,0.4,2.354,0.02,0.002,1,178
1003110,충주,2025-02-18,5,9.1,14.7,1.8,2.2,0.4,2.249,0.008,0,2.1,254
3008110,대청,2025-01-18,6,8.4,10.3,1.8,1.5,1.2,2.242,0.012,0.001,1.7,181
2015110,합천,2025-01-18,6,8.8,10.6,0.9,3,1.6,1.309,0.005,0.003,3.5,141
2503210,연초,2025-01-18,12,7.3,9.7,1.1,3.4,5.2,,,,1.1,
4105210,수어,2025-01-18,5,7.5,12.1,1.2,2.2,1.6,1.034,0.007,0.005,0.6,170
1003110,충주,2025-01-18,5,9,16.8,2,2.4,1,2.367,0.014,0.001,2.7,216
1012110,소양강,2025-01-18,8,7.1,9.2,1.5,2.9,1,2.03,0.006,0.001,2,78
1006110,횡성,2025-01-18,5,7.2,10.9,1.4,2.4,0.8,1.982,0.012,0.004,1,142
2018110,남강,2025-01-18,4,7.5,12.5,1.1,2.9,0.9,1.646,0.017,0.001,1.2,129
4007110,주암(본),2025-01-18,6,7.8,11.5,0.7,2.7,0.8,0.499,0.014,0,3.2,96
2001110,안동,2025-01-18,6,6.9,7.4,1.6,2.7,1.1,1.883,0.016,0.011,4.3,211
2503220,구천,2025-01-18,7,7.1,9.1,0.7,1.4,4.4,,,,3.6,
3303110,부안,2025-01-18,6,7,11.6,1.2,2.2,1.9,1.731,0.007,0.003,1,86
5101110,장흥,2025-01-18,5,7.4,11.6,2.8,4,2.7,0.905,0.012,0,1.5,88
3203110,보령,2025-01-18,4,8.2,11.8,1.8,3.3,0.8,2.417,0.005,0.001,2,219
3001110,용담,2025-01-18,7,7.4,10.6,0.7,2.2,0.8,1.722,0.009,0.003,1.1,130
4001110,섬진강,2025-01-18,2,7.9,10.3,2.1,3.4,2.5,1.556,0.01,0.002,0.5,155
2002110,임하,2025-01-18,5,7.3,8.9,2,4.9,1.5,1.824,0.019,0.012,3.5,205
4104610,주암(조),2025-01-18,8,7.6,10.5,0.6,1.8,0.8,0.742,0.014,0.003,3.5,92
3001110,용담,2025-12-17,6,7.4,11.4,0.8,2.2,0.6,1.912,0.006,0,0.8,140
3008110,대청,2025-12-17,10,8.4,9.3,1.5,2.3,0.4,2.129,0.022,0.004,1.3,175
3203110,보령,2025-12-17,9,8,10.2,1.3,2.4,1.6,1.759,0.007,0.001,2.3,190
4007110,주암(본),2025-12-17,10,7.3,7.3,0.8,2.6,2,0.636,0.012,0.004,4.1,92
2015110,합천,2025-12-17,10,9,11.3,1.3,3.9,1.3,1.175,0.009,0.005,1.5,144
1006110,횡성,2025-12-17,8,7,7.8,2.5,3.4,1.2,1.832,0.012,0.003,1.6,166
2001110,안동,2025-12-17,9,7.4,8.9,1.7,2.7,0.5,1.755,0.017,0.01,0.4,202
2018110,남강,2025-12-17,8,7.4,10.8,1.6,3.6,3,1.952,0.008,0,4.4,120
2002110,임하,2025-12-17,8,7.1,9.9,2,4.6,0.7,1.852,0.026,0.014,1.6,199
4001110,섬진강,2025-12-17,4,7.1,10.4,2,3.4,2.5,1.452,0.01,0.004,0.5,150
5101110,장흥,2025-12-17,9,7.4,11,1.9,2.8,2.6,0.725,0.01,0,2.3,87
1012110,소양강,2025-12-17,11,7,8,0.9,1.9,1.4,1.843,0.01,0.004,3.7,77
4104610,주암(조),2025-12-17,13,7.8,9.5,0.5,1.7,2.2,0.946,0.016,0.004,3.4,90
3303110,부안,2025-12-17,8,6.7,8.8,1.1,1.8,2.9,1.282,0.007,0.001,1.6,87
1003110,충주,2025-12-17,12,8.6,12.6,0.9,2.5,4.2,2.351,0.022,0.001,6.9,236
4001110,섬진강,2025-11-17,11,7.7,7.9,1.5,2.6,2.4,1.552,0.01,0,0.5,142
3203110,보령,2025-11-17,17,7.7,8.8,1.7,3.4,2.8,1.733,0.012,0.002,3.6,170
2018110,남강,2025-11-17,16,7.3,8.1,1.7,3.6,3.9,1.012,0.007,0,3.9,132
3303110,부안,2025-11-17,14,6.8,9.1,1.2,2.2,1.8,1.2,0.002,0.001,1.5,83
4007110,주암(본),2025-11-17,18,7.3,7.5,0.6,2.8,2.2,0.655,0.013,0,2.2,92
1003110,충주,2025-11-17,19,7.6,7.6,0.7,2.5,2,2.271,0.015,0,2,223
1012110,소양강,2025-11-17,9,6.8,8.9,1.1,1.9,1.2,1.826,0.009,0.005,2.3,82
1006110,횡성,2025-11-17,14,7.3,8.4,2.4,3.2,1.2,1.828,0.013,0.004,1.6,130
3008110,대청,2025-11-17,17,8.7,8.2,1.2,2.6,0.8,2.331,0.006,0,0.8,171
3001110,용담,2025-11-17,15,7.5,8.4,0.9,2.4,1.1,1.785,0.011,0.003,1,130
5101110,장흥,2025-11-17,14,7.6,11.9,1.6,2.9,2.1,0.325,0.006,0,1,84
4104610,주암(조),2025-11-17,19,7.2,90,0.5,2.1,1.2,0.789,0.023,0.005,2.6,90
3303110,부안,2025-10-17,21,6.7,9.2,1.1,2.4,1.6,2.398,0.013,0.003,0.9,81
1012110,소양강,2025-10-17,9,6.8,7.3,1,2.2,1.2,2.146,0.011,0.005,4.8,74
3008110,대청,2025-10-17,19,8.2,6,0.7,2.4,0.4,2.298,0.039,0.003,1,168
1006110,횡성,2025-10-17,16,7.4,6.2,1.7,2.6,1.6,1.996,0.009,0.003,2,141
4001110,섬진강,2025-10-17,17,7.8,9.3,1.2,3.8,3.1,2.514,0.01,0.002,0.5,138
4007110,주암(본),2025-10-17,17,6.8,0.8,0.6,2.5,0.6,0.675,0.014,0.007,3.4,86
2015110,합천,2025-10-17,11,8.9,8.9,1.5,1.9,1.2,1.318,0.018,0,3.2,126
3203110,보령,2025-10-17,21,7.5,8.3,1.7,3.1,1.3,1.734,0.021,0.004,4.4,153
2018110,남강,2025-10-17,22,7.2,6.5,1.7,3.4,2.6,1.153,0.015,0.003,2.2,133
1003110,충주,2025-10-17,20,8.1,7.9,0.6,2.3,1.8,2.812,0.013,0.002,1.5,211
5101110,장흥,2025-10-17,23,7.9,7.8,2.2,3.5,2.2,0.415,0.016,0.002,4,94
4104610,주암(조),2025-10-17,16,6.3,3.5,0.4,2.2,1.2,0.828,0.024,0.006,1.6,84
3001110,용담,2025-10-17,18,7.5,8.6,0.9,2.1,1,1.95,0.012,0.003,1,135
4104610,주암(조),2025-09-17,11,6.8,4.7,0,1.8,0.6,0.867,0.007,0,1.8,81
2002110,임하,2025-09-17,21,7.3,7.1,2,4.8,2.4,1.924,0.032,0.018,7.6,205
2018110,남강,2025-09-17,25,7.2,7.6,1.6,3.3,2.5,1.403,0.017,0.003,3.7,146
1003110,충주,2025-09-17,14,8.1,7.9,0.6,2.5,1.8,2.878,0.048,0.024,4.5,248
3203110,보령,2025-09-17,24,7.2,6.5,1.8,3.2,3.7,2.579,0.03,0.017,3.7,153
3008110,대청,2025-09-17,19,8.5,10.4,1.8,1.9,0.4,2.579,0.03,0.012,0.9,142
5101110,장흥,2025-09-17,25,7.8,10.7,1.8,2.9,2.8,0.564,0.011,0.002,3.2,84
2015110,합천,2025-09-17,11,8.3,0,1.3,1.7,3.2,1.5,0.009,0,1.8,124
3303110,부안,2025-09-17,25,6.5,6.6,1.1,3.4,4.3,2.421,0.025,0.002,1.2,81
1012110,소양강,2025-09-17,13,7,7.3,1.4,2.2,6.4,2.175,0.017,0.009,8.2,83
3001110,용담,2025-09-17,21,7.5,9.8,0.9,2.3,0.9,1.85,0.008,0.003,0.8,130
4007110,주암(본),2025-09-17,24,7.1,1.4,0.5,3.2,2,0.518,0.013,0.004,3,97
4001110,섬진강,2025-09-17,22,8.8,8.7,2.5,4,2,1.769,0.01,0.005,1.5,147
1006110,횡성,2025-09-17,18,7.1,5,1.8,2.5,0.8,2.468,0.015,0.004,1,124
2001110,안동,2025-09-17,15,7,8.1,1.9,3,0.6,1.822,0.014,0.008,1.1,220
1006110,횡성,2025-08-17,19,7.3,7.2,1.8,2.6,2.2,2.958,0.022,0.006,3.1,162
2015110,합천,2025-08-17,13,8.5,3.8,1.7,2.2,1.2,1.541,0.011,0,4,126
1012110,소양강,2025-08-17,7,8.2,9.7,0.8,1.3,0.3,1.802,0.008,0.002,0.9,86
3001110,용담,2025-08-17,18,7.6,9.5,1.2,3,1.8,1.95,0.01,0.006,1.5,135
2018110,남강,2025-08-17,27,7.5,7.9,2.3,3.7,4.6,1.586,0.037,0.001,5.6,270
4104610,주암(조),2025-08-17,13,7.1,8.6,0.4,1.9,0.4,0.781,0.006,0.002,0.9,82
2001110,안동,2025-08-17,12,7.6,8.1,1.7,2.6,0.4,1.264,0.012,0.008,2.2,256
3303110,부안,2025-08-17,26,6.5,7.9,1.1,3.2,1.3,2.148,0.014,0.002,1,78
4007110,주암(본),2025-08-17,10,6.9,5.8,0.5,2,0.8,0.677,0.008,0.001,0.8,83
4001110,섬진강,2025-08-17,10,7.3,7.3,1.8,2.5,1.7,2.019,0.007,0.002,0.5,159
3008110,대청,2025-08-17,19,8.5,8.6,1.5,1.9,9.6,2.373,0.064,0.014,14.9,186
2002110,임하,2025-08-17,23,7.1,7.4,1.9,4.8,1.3,1.924,0.035,0.021,4.1,251
1003110,충주,2025-08-17,17,8.2,17.2,2.3,2.2,1.2,2.987,0.05,0.041,5.1,246
5101110,장흥,2025-08-17,29,7.8,7.6,2.2,3.2,2.1,0.225,0.006,0,1.5,83
3203110,보령,2025-08-17,24,7.3,6.6,1.7,3,2.5,1.99,0.023,0.008,5.4,196
3203110,보령,2025-07-17,24,7.3,7.2,1.9,3.6,4.5,1.884,0.016,0.004,10.9,202
3001110,용담,2025-07-17,21,7.5,8.4,0.8,2.8,1,1.45,0.007,0,1.2,141
1012110,소양강,2025-07-17,7,7,10.1,1.3,2.3,2,2,0.041,0.003,1.6,83
1006110,횡성,2025-07-17,18,7.1,9.1,1.8,3.2,14.8,3.202,0.041,0.016,16.4,148
2018110,남강,2025-07-17,27,7.2,7.7,2.5,3.6,2.9,0.952,0.017,0.003,1.8,281
4001110,섬진강,2025-07-17,6,7.3,10.4,2,3.2,2.6,2.14,0.012,0.003,0.5,140
1003110,충주,2025-07-17,20,7.5,15,2.3,2,0.4,2.262,0.005,0.003,1,268
2015110,합천,2025-07-17,12,7.6,5.6,2,2.2,3.2,1.536,0.047,0.045,2.5,126
3008110,대청,2025-07-17,21,8.4,10.9,3.3,2.1,9.6,2.493,0.061,0,5.5,172
3303110,부안,2025-07-17,26,7.1,8.4,1.1,2.4,1.3,1.063,0.007,0.002,1.2,84
4104610,주암(조),2025-07-17,10,6.1,9,0.3,2,0.6,0.685,0.009,0.001,4,85
5101110,장흥,2025-07-17,26,7.9,7,2,3.1,2,0.466,0.005,0,0.8,79
4007110,주암(본),2025-07-17,11,7.5,9.3,0.7,2.3,1.4,0.584,0.009,0.001,1.4,81
4007110,주암(본),2025-06-17,15,7.6,9.4,0.4,2.5,0.8,0.632,0.01,0.001,2.4,83
3001110,용담,2025-06-17,18,7.6,10.1,1,2.6,1.2,1.84,0.008,0.004,1,140
5101110,장흥,2025-06-17,24,7.6,7.7,1.2,2.2,2.4,0.652,0.021,0.003,2.1,105
1006110,횡성,2025-06-17,16,7.5,9.4,1.5,2.5,0.8,2.182,0.012,0.003,1.2,162
1003110,충주,2025-06-17,11,7.9,19.1,2.1,2.4,0.8,2.236,0.003,0.002,0.5,257
3008110,대청,2025-06-17,9,8,10,0.8,1,0.8,1.829,0.007,0.003,0.7,176
3203110,보령,2025-06-17,18,7.4,6,1.2,3.1,3.6,1.245,0.015,0.003,6.3,226
4001110,섬진강,2025-06-17,7,6.7,10.4,2,2.5,2,2.001,0.02,0.005,0.5,135
3303110,부안,2025-06-17,20,7.1,8.4,1,2,1.1,1.068,0.004,0,0.9,84
2001110,안동,2025-06-17,14,7.4,10.1,1.3,2.8,0.5,1.423,0.015,0.009,0.6,268
1012110,소양강,2025-06-17,8,7.1,10.5,1,1.8,0.4,1.866,0.003,0.001,0.6,82
2015110,합천,2025-06-17,10,6.6,2.1,1.3,2.1,2.8,1.675,0.008,0.003,1.9,126
2002110,임하,2025-06-17,17,7.6,8.9,1.4,4.1,1.1,1.721,0.02,0.013,1.5,232
2018110,남강,2025-06-17,23,7.9,7.5,2.3,3.4,1.6,0.991,0.02,0.002,0.8,175
4104610,주암(조),2025-06-17,4,6.5,11.3,0.6,2.2,1.4,0.71,0.01,0,1.9,89
4001110,섬진강,2025-05-17,7,7.5,12.9,1.9,2.4,1.4,1.886,0.015,0.004,1,135
1012110,소양강,2025-05-17,7,7.1,10.6,1.1,1.8,0.1,1.712,0.009,0,0.6,81
3008110,대청,2025-05-17,18,8.4,10.5,1.3,2.6,0.8,2.246,0.02,0.005,1.4,176
4007110,주암(본),2025-05-17,11,7.5,11.7,1.2,2.4,0.8,0.736,0.011,0.001,3.1,87
4104610,주암(조),2025-05-17,3,6.5,12.6,0.7,3,0.8,0.864,0.011,0.001,2.6,86
1006110,횡성,2025-05-17,14,7.6,10.2,1.7,2.4,1,2.046,0.012,0.003,1.4,164
2018110,남강,2025-05-17,18,7.8,7.2,2.2,2.2,1.5,1.523,0.012,0.008,0.3,212
5101110,장흥,2025-05-17,18,7.8,11.5,1.9,3,2,0.679,0.02,0.002,1.8,80
2001110,안동,2025-05-17,12,7.3,9.8,1.6,2.9,0.4,1.389,0.014,0.008,0.2,287
3303110,부안,2025-05-17,19,7,9.3,0.9,1.6,0.9,1.412,0.003,0,1,83
2015110,합천,2025-05-17,8,8.4,7,0.3,1.6,0.8,2.101,0.048,0,23.9,113
2002110,임하,2025-05-17,17,7,9.1,1.9,4.5,0.9,1.912,0.023,0.01,0.4,199
3203110,보령,2025-05-17,16,7.7,9,1.4,3.2,3.8,1.268,0.018,0.004,3.6,165
1003110,충주,2025-05-17,11,8.1,11.7,1.1,2.1,1.6,2.348,0.003,0.002,3.1,345
3001110,용담,2025-05-17,16,7.5,10.1,0.8,2.5,0.8,1.58,0.005,0,1.2,140
2002110,임하,2025-04-17,10,7.7,10.8,1.3,4.5,0.5,1.501,0.027,0.013,0.8,221
2001110,안동,2025-04-17,8,7.6,11.5,1.2,2.8,0.4,1.375,0.022,0.01,0.9,240
4104610,주암(조),2025-04-17,4,6.6,12.9,0.6,2.1,1,0.883,0.011,0.001,2,87
1012110,소양강,2025-04-17,6,7.1,10.5,0.8,1.3,0.1,1.615,0.006,0.002,0.4,82
3008110,대청,2025-04-17,7,8.4,11.8,1,2.8,1.2,2.429,0.014,0.004,0.4,179
2015110,합천,2025-04-17,8,7.8,7.5,1.3,2.2,0.4,1.686,0.334,0.269,5.6,122
4001110,섬진강,2025-04-17,7,7.5,12.9,1.5,1.9,1.4,1.628,0.039,0.001,0.6,135
5101110,장흥,2025-04-17,14,7.8,13.2,1.3,2.6,1.8,0.422,0.01,0.001,1,80
3001110,용담,2025-04-17,9,7.6,10.2,0.8,2.2,1,1.554,0.005,0,1,135
3203110,보령,2025-04-17,10,7.6,11.6,1.5,2.9,3.5,1.472,0.017,0.004,5.4,136
1006110,횡성,2025-04-17,7,7.5,10.4,1.6,2.2,0.8,2.144,0.014,0.004,1.2,170
4007110,주암(본),2025-04-17,7,7.4,12.7,0.8,2.4,1.2,0.784,0.01,0.001,2.5,88
1003110,충주,2025-04-17,7,8.4,11.5,0.9,2.2,0.6,2.135,0.003,0.001,0.5,315
3303110,부안,2025-04-17,10,7,10.5,1,1.8,0.4,1.01,0.005,0,0.8,81
2018110,남강,2025-04-17,12,6.9,8.2,1.7,2.9,1.7,1.763,0.007,0.002,1.2,130
1003110,충주,2025-03-17,4,8.4,10.5,1.1,2.5,1.2,2.2,0.004,0.001,0.8,326
5101110,장흥,2025-03-17,6,7.7,12.9,2.1,3,2,0.524,0.015,0.002,1,79
3001110,용담,2025-03-17,8,7.5,9.8,0.8,2.3,1,1.551,0.004,0,0.8,135
4104610,주암(조),2025-03-17,6,6.9,12.4,0.9,2.2,1.4,0.854,0.012,0.001,1.9,80
1006110,횡성,2025-03-17,4,7.4,10.6,1.6,2.2,0.8,2.192,0.014,0.004,1.2,168
3203110,보령,2025-03-17,5,7.7,12.4,1.8,3.2,3.1,1.682,0.022,0.008,3.2,128
1012110,소양강,2025-03-17,6,7.2,10.4,0.8,1.4,1,1.752,0.007,0.001,0.5,81
4007110,주암(본),2025-03-17,6,7.7,12.4,0.9,2.4,1,0.79,0.013,0.001,1.8,81
3008110,대청,2025-03-17,5,8.2,11.4,1.4,3.8,0.4,2.332,0.01,0,1.2,166
4001110,섬진강,2025-03-17,3,7.7,13.8,1.8,2.2,2,1.961,0.004,0,0.5,78
2015110,합천,2025-03-17,6,7.5,12.6,1.2,2.1,1.2,2.825,0.043,0.003,1.2,187
2018110,남강,2025-03-17,7,7.3,11.3,1.6,2.7,1.6,1.95,0.007,0.003,1.7,117
3303110,부안,2025-03-17,4,7.1,10.5,0.9,2,0.8,1.117,0.004,0,1,77
1012110,소양강,2025-02-17,3,7.2,10.4,0.9,1.6,0.1,1.618,0.011,0.002,0.4,80
3008110,대청,2025-02-17,2,8.4,12.1,1.3,2.8,1.2,2.247,0.011,0.002,0,204
4007110,주암(본),2025-02-17,5,7.5,11.4,1.2,2.8,1.4,0.762,0.011,0.001,2.1,77
2015110,합천,2025-02-17,7,7.4,12,0.9,2.2,1.2,1.449,0.026,0.006,3,212
4001110,섬진강,2025-02-17,2,7.1,14,1.5,2.5,1.2,1.703,0.012,0,0.5,141
1006110,횡성,2025-02-17,4,7.3,10.6,1.3,2.2,0.8,2.226,0.012,0.004,1.2,162
2001110,안동,2025-02-17,5,7.1,9.9,1,2.9,1.1,1.599,0.025,0.013,1.9,254
2002110,임하,2025-02-17,5,7.1,9.3,1.5,5.1,0.6,1.851,0.036,0.018,2,297
5101110,장흥,2025-02-17,5,7.5,12.5,1.7,2.5,2.2,0.552,0.016,0.001,1.2,79
2018110,남강,2025-02-17,4,7.3,10.1,1.3,2.8,1.5,2.089,0.018,0.007,1.2,108
1003110,충주,2025-02-17,4,8.3,12.6,2.1,2.5,1.4,2.28,0.017,0.014,3,340
3001110,용담,2025-02-17,8,7.7,10.2,1.1,2.7,1,1.608,0.008,0.004,0.8,135
3203110,보령,2025-02-17,3,7.8,11.8,1.6,3,2.6,1.724,0.021,0.007,2.5,124
3303110,부안,2025-02-17,4,7.1,10.2,0.8,1.6,0.8,0.993,0,0,1,81
4104610,주암(조),2025-02-17,6,8.1,11.6,1.3,2.8,1.2,0.864,0.011,0.001,2.4,75
1012110,소양강,2025-01-17,7,7.3,8.9,0.9,1.4,0.5,1.255,0.008,0.003,0.5,82
2015110,합천,2025-01-17,10,7.3,12.4,0.9,3.5,5.6,3.36,0.017,0.006,0.8,208
1003110,충주,2025-01-17,9,8.8,10.6,1.8,2.5,2.2,2.053,0.018,0.014,3.6,251
3303110,부안,2025-01-17,9,6.7,11.5,0.9,1.4,1,0.903,0.005,0.003,1.1,95
4001110,섬진강,2025-01-17,4,7.4,14,1,2,1,1.786,0.012,0.004,0.5,154
2001110,안동,2025-01-17,7,7.1,8.5,1.1,3,0.9,1.557,0.027,0.009,0.4,299
2002110,임하,2025-01-17,6,7,8.1,1.7,5.8,1.3,2.171,0.038,0.016,2.2,255
1006110,횡성,2025-01-17,5,7.3,10.6,1.5,2,0.8,2.172,0.014,0.004,1.4,150
2018110,남강,2025-01-17,6,7,10.2,1.1,2.6,3.8,2.438,0.017,0.006,2.4,124
5101110,장흥,2025-01-17,7,7.6,12.6,1.8,2.6,2,0.642,0.022,0.003,1.6,78
3203110,보령,2025-01-17,6,7.8,11.6,1.9,3.2,2.7,1.594,0.002,0,3.8,123
4104610,주암(조),2025-01-17,9,7.7,10.3,1.6,2.5,1,0.685,0.01,0.001,3.9,79
4007110,주암(본),2025-01-17,8,7.6,10.1,1.5,2.4,0.9,0.607,0.013,0.001,3.7,82
3001110,용담,2025-01-17,8,7.7,11.4,1.2,2.8,1.2,1.471,0.006,0,0.8,133
3008110,대청,2025-01-17,9,8.1,9.5,1.3,3.5,1.2,2.654,0.008,0,0.6,165
3203110,보령,2025-12-16,10,7.8,9.3,1.7,3,3,1.185,0.009,0,3.6,125
2018110,남강,2025-12-16,10,7.6,9.8,2.5,4.2,2,1.724,0.099,0.008,3,142
3001110,용담,2025-12-16,8,7.6,14.2,0.9,2.3,1.4,1.567,0.007,0,0.8,145
4001110,섬진강,2025-12-16,5,7.3,13,1.7,2.8,1.4,2.062,0.008,0,0.7,162
1006110,횡성,2025-12-16,10,7.2,7.6,1.8,2.4,0.8,2.242,0.014,0.004,1.4,152
3008110,대청,2025-12-16,9,8.3,9.5,1.1,3.4,1.6,2.084,0.007,0,0.2,183
4104610,주암(조),2025-12-16,14,6.5,9.1,1.6,2.6,1,0.946,0.012,0.001,2.4,77
2001110,안동,2025-12-16,16,7.1,8.3,1.1,3,0.2,1.658,0.019,0.013,0.4,181
1003110,충주,2025-12-16,13,9.1,11.8,1.8,2.5,3.6,2.082,0.019,0.015,3.9,245
2015110,합천,2025-12-16,12,7.2,12,1.2,2.1,2.8,2.05,0.023,0.011,1.7,209
5101110,장흥,2025-12-16,9,7.8,11.3,1.6,2.5,1.7,0.601,0.02,0.003,1.4,77
3303110,부안,2025-12-16,10,6.7,6.9,0.8,1.9,1.6,0.958,0.006,0,1.1,85
4007110,주암(본),2025-12-16,13,6.7,7.5,1.4,2.6,1.1,0.696,0.012,0.001,2.5,79
1012110,소양강,2025-12-16,9,7.6,11.1,1.1,1.6,0.8,1.312,0.008,0.002,1,96
3008110,대청,2025-11-16,13,8.1,6.8,3.5,4.7,0.4,2.159,0.027,0.002,2.3,160
3001110,용담,2025-11-16,18,7.7,9.2,1,3,0.4,1.601,0.009,0,1.5,135
2001110,안동,2025-11-16,15,7.7,0.3,1.2,3.2,0.3,1.724,0.026,0.012,0.4,170
2018110,남강,2025-11-16,14,7.6,6.8,1.4,6.5,4.8,2.143,0.02,0.004,7.2,120
1006110,횡성,2025-11-16,13,7.3,7.2,1.8,2.4,0.8,1.982,0.012,0.004,1.4,148
3203110,보령,2025-11-16,16,7.6,7.6,1.5,2.7,3.1,1.646,0.017,0.005,3.4,123
2002110,임하,2025-11-16,15,7.2,7.9,1.5,6,0.6,2.145,0.049,0.013,2.2,160
2015110,합천,2025-11-16,16,7.4,8.3,1.3,2.1,3.2,1.51,0.063,0.004,7.6,211
4007110,주암(본),2025-11-16,17,6.7,8.2,1.5,2.7,1,0.623,0.013,0.001,2.3,78
1012110,소양강,2025-11-16,13,7.9,11.2,1.1,1.9,0.7,1.515,0.007,0.002,1,74
5101110,장흥,2025-11-16,16,7.5,12.4,1.9,2.8,2.3,0.682,0.024,0.002,1.1,77
1003110,충주,2025-11-16,14,8.1,10.5,1,2.3,0.8,2.246,0.006,0.001,0.8,278
4001110,섬진강,2025-11-16,11,7.5,11.1,1.7,2.8,2.8,1.661,0.009,0.003,1.4,139
3303110,부안,2025-11-16,15,6.6,8,0.9,2,1,1.035,0.004,0,1.1,79
4104610,주암(조),2025-11-16,19,6.8,7.1,1.5,2.5,1.4,0.727,0.012,0.001,2,79
4104610,주암(조),2025-10-16,21,6.2,1,1.3,2.6,1.2,0.92,0.012,0.002,1.8,78
3001110,용담,2025-10-16,21,7.6,8,1.1,3,0.4,1.783,0.007,0.003,1.6,119
3303110,부안,2025-10-16,19,6.7,8,1,2.7,2.3,0.898,0.004,0,1,74
1012110,소양강,2025-10-16,15,7.7,10.9,1.1,2,3.4,1.461,0.007,0.002,3.6,76
4001110,섬진강,2025-10-16,14,7.7,12.1,1.6,2.7,5,1.632,0.01,0,35.5,168
4007110,주암(본),2025-10-16,21,6.6,7.3,1.2,2.6,1.5,0.709,0.015,0.002,3.2,77
3203110,보령,2025-10-16,23,7.6,7.6,1.4,2.5,3.6,1.956,0.016,0.006,4.2,121
1003110,충주,2025-10-16,19,8.1,8.5,0.6,2.7,1.4,2.685,0.007,0.004,2,281
3008110,대청,2025-10-16,17,7.9,4.5,1.3,2.6,2,2.528,0.034,0.015,4.5,145
2015110,합천,2025-10-16,19,7.2,9.1,1.8,2.1,1.2,1.792,0.034,0.017,2,200
1006110,횡성,2025-10-16,17,7.3,6.6,2,2.4,1,1.929,0.011,0.003,1.6,142
5101110,장흥,2025-10-16,24,8.2,7.8,1.8,2.8,2.5,0.661,0.022,0.003,1.4,82
2018110,남강,2025-10-16,22,7.4,6.2,1.5,6.8,9.4,2.113,0.045,0.019,10.2,98
2015110,합천,2025-09-16,20,7.7,10.6,0.6,1.3,2.8,1.86,0.018,0.003,2.7,102
1003110,충주,2025-09-16,19,7.8,7.4,1.5,3,0.2,3.03,0.026,0.012,2,272
5101110,장흥,2025-09-16,24,8,7.9,1.9,2.7,2.4,0.717,0.017,0.002,1.6,79
3303110,부안,2025-09-16,22,6.8,8.2,0.9,2.8,2.4,0.904,0.006,0,1.2,87
3001110,용담,2025-09-16,22,7.6,7.8,1.6,3.7,2.2,1.939,0.012,0.004,3.3,128
1006110,횡성,2025-09-16,19,7.1,6,2.1,2.6,1.2,2.77,0.013,0.003,2,132
3203110,보령,2025-09-16,24,7.6,7.3,1.4,2.6,3.6,1.75,0.012,0.004,3.5,119
4001110,섬진강,2025-09-16,9,8.1,13.7,1.2,2,2.8,2.172,0.008,0.003,1.2,256
4104610,주암(조),2025-09-16,21,6.4,1.8,1.1,2.5,1,1.04,0.012,0.003,2.8,77
4007110,주암(본),2025-09-16,25,7.4,6.5,1.2,2.6,1.2,0.777,0.013,0.001,3.4,80
3008110,대청,2025-09-16,18,8,4.8,0.3,3.6,3.6,2.935,0.046,0.021,8.9,145
1012110,소양강,2025-09-16,16,6.9,8.5,1.2,2.2,3.1,1.561,0.01,0.002,12.4,70
4105210,수어,2025-09-16,,7,6.9,1.4,2.4,2.5,0.963,0.008,,,
2018110,남강,2025-09-16,26,7.6,6.4,1.8,5.3,6,0.909,0.02,0.003,9,86
4105210,수어,2025-08-16,,7.1,7.2,1.4,2.5,2.6,1.217,0.008,,,
3001110,용담,2025-08-16,24,7.6,8.1,0.9,1.4,4.6,1.983,0.017,0.009,2.9,124
4007110,주암(본),2025-08-16,18,6.8,2.2,1.2,2.7,1.1,0.869,0.016,0.001,3.6,80
2018110,남강,2025-08-16,28,8.3,5.2,1.5,4.4,3.4,1.625,0.025,0,4.8,152
3008110,대청,2025-08-16,18,8.4,5.6,0.8,5.2,5.6,2.941,0.071,0.045,13.3,146
3203110,보령,2025-08-16,24,7.6,7.4,1.3,2.5,3.3,1.919,0.012,0.005,3.5,109
1012110,소양강,2025-08-16,15,6.9,8.8,1.1,2.5,4.2,1.684,0.012,0.004,14,70
2015110,합천,2025-08-16,15,7.5,11.1,0.1,1.8,9,3.474,0.035,0.021,5,108
1003110,충주,2025-08-16,17,7.7,8.6,0.3,4,8.6,3.131,0.039,0.024,2.7,252
4104610,주암(조),2025-08-16,20,6.7,3,1.4,2.6,1.2,0.996,0.01,0.002,3.1,78
5101110,장흥,2025-08-16,31,8.2,7.2,1.7,2.6,2.4,0.699,0.022,0.003,1.4,150
4001110,섬진강,2025-08-16,9,7.4,14,1.3,2.1,1,2.021,0.011,0.004,1,141
2001110,안동,2025-08-16,14,6.8,7.7,1.4,2.7,1.6,1.751,0.021,0.012,2.2,159
2002110,임하,2025-08-16,22,6.6,7.9,1.7,4.5,6.7,2.061,0.041,0.032,9.2,181
1006110,횡성,2025-08-16,22,7.3,6.3,2.2,2.6,1.2,3.208,0.012,0.003,2.6,136
3303110,부안,2025-08-16,28,6.7,8.4,1,2.8,1.3,0.918,0.007,0.005,1,74
1012110,소양강,2025-07-16,14,7.2,10.3,0.9,2.1,0.2,1.532,0.006,0.002,0.4,84
5101110,장흥,2025-07-16,24,8,9.4,1.9,2.7,2.6,0.627,0.021,0.002,2.6,77
1003110,충주,2025-07-16,17,8,12.1,0.5,4,24,5.76,0.162,0.142,28.9,286
4105210,수어,2025-07-16,,6.9,9.4,1.2,2.4,2.5,0.813,0.008,,,
2001110,안동,2025-07-16,13,7.1,7.9,1.2,2.9,0.3,1.925,0.023,0.016,1.1,181
3008110,대청,2025-07-16,15,8.1,7,2.8,3.5,13.6,2.865,0.069,0.021,21,173
2015110,합천,2025-07-16,12,7.6,10.6,0.8,1.6,0.6,1.895,0.014,0.006,8.5,112
3203110,보령,2025-07-16,18,7.6,7.4,1.3,2.3,3.3,2.038,0.015,0.005,17.3,107
2018110,남강,2025-07-16,25,7.9,10.2,1.6,5.1,12.2,1.679,0.078,0.008,15.8,96
4007110,주암(본),2025-07-16,14,6.7,4.1,1.4,2.6,1.4,1.041,0.025,0.002,4.5,82
3303110,부안,2025-07-16,24,7.1,9.4,1,2.6,1,0.968,0.008,0.006,1.2,78
4001110,섬진강,2025-07-16,7,6.7,14.2,1.4,2.4,1.2,2.299,0.004,0.004,0.4,142
3001110,용담,2025-07-16,23,7.6,8.9,1.3,2.5,2.4,2.009,0.008,0.004,4.5,132
1006110,횡성,2025-07-16,23,7.1,8.4,1.6,2.4,1,2.262,0.01,0.004,1.4,162
2002110,임하,2025-07-16,19,6.6,6.1,1.8,4.6,7.2,2.421,0.068,0.037,21.1,143
5101110,장흥,2025-06-16,23,8.5,8.2,1.7,2.5,2.2,0.664,0.024,0.003,0.8,81
2015110,합천,2025-06-16,10,9.6,12.3,0.9,2.3,2,1.513,0.013,0.005,6.1,118
4105210,수어,2025-06-16,,7.1,10.1,1.2,2.4,1.9,0.961,0.009,,,
3008110,대청,2025-06-16,9,8.2,10.1,1.4,2.8,1.6,2.448,0.045,0.004,0.9,189
2002110,임하,2025-06-16,19,7.6,8.1,2.3,3.2,0.3,1.909,0.026,0.017,1.8,145
3001110,용담,2025-06-16,21,7.5,9.8,1.2,2.2,1,2.171,0.006,0.003,1.5,135
3203110,보령,2025-06-16,18,7.8,7.9,1.3,2.3,2.5,2.259,0.012,0.003,1.4,117
3303110,부안,2025-06-16,22,7.1,9.4,0.8,2.4,0.9,1.011,0.005,0.004,0.9,79
1006110,횡성,2025-06-16,16,7.7,8.9,1.7,2.5,1,2.76,0.009,0.003,1.9,170
4001110,섬진강,2025-06-16,8,8.1,13.3,1.3,2.1,0.8,2.329,0.005,0,0.8,142
2018110,남강,2025-06-16,18,8,8,1.5,3.6,4.8,1.374,0.023,,6.4,215
1003110,충주,2025-06-16,11,8.4,12.4,0.4,2.2,1.4,2.265,0.003,0.003,1.8,256
1012110,소양강,2025-06-16,7,7.2,10.6,0.9,2,0.9,1.511,0.005,0.003,1.1,84
4104610,주암(조),2025-06-16,14,6.1,7.8,1.5,2.6,1.5,1.164,0.015,0.003,1.6,78
2001110,안동,2025-06-16,11,7.7,9.6,1.3,2.4,0.2,1.557,0.026,0.017,0.7,166
4007110,주암(본),2025-06-16,16,6.7,6,1.2,2.5,1.5,1.032,0.024,0.003,1.8,79
1003110,충주,2025-05-16,20,8.1,9.6,1.2,1.8,5,4.481,0.005,0.002,5.1,541
2002110,임하,2025-05-16,10,7.2,8.8,2,3.9,0.9,2.208,0.024,0.016,0.9,162
3203110,보령,2025-05-16,12,7.7,10.2,1.2,1.9,2.5,2.118,0.015,0.005,1.9,119
1006110,횡성,2025-05-16,15,7.2,10,1.7,2.4,1,2.684,0.011,0.004,2.3,166
2001110,안동,2025-05-16,11,7.4,10.4,1.4,2.5,0.4,1.598,0.013,0.01,0.2,156
5101110,장흥,2025-05-16,16,8.2,11.8,1.6,2.5,2.7,0.686,0.024,0.004,2.4,77
2018110,남강,2025-05-16,16,7.8,8.5,0.8,2.4,3.2,1.67,0.072,0.009,5,145
4104610,주암(조),2025-05-16,7,6.3,11.1,1.4,2.5,1.4,0.951,0.015,0.003,2.1,81
2015110,합천,2025-05-16,7,7.3,10.7,0.8,2.1,1.5,1.815,0.012,0.006,0.5,108
4001110,섬진강,2025-05-16,7,7.2,12.7,1.4,2.3,1.2,2.179,0.008,0.005,1.1,142
3303110,부안,2025-05-16,17,7.3,9.4,1,2.4,1.3,1.21,0.004,0,1.3,79
3001110,용담,2025-05-16,16,7.5,10.2,1.1,2.5,0.5,2.482,0.007,0.003,1.6,143
4105210,수어,2025-05-16,,7.1,10.3,1.2,2.3,1.8,0.081,0.01,,,
4007110,주암(본),2025-05-16,14,7.2,9.2,1.1,2.4,1.1,0.689,0.012,0.002,2.2,82
3008110,대청,2025-05-16,8,7.7,10.3,1.3,2,1,3.223,0.015,0,2,186
1012110,소양강,2025-05-16,7,7.2,8.3,0.9,1.8,1.1,1.597,0.007,0.003,1,93
1006110,횡성,2025-04-16,9,7.6,10.6,1.6,2.2,1.2,2.386,0.016,0.005,1.8,150
2002110,임하,2025-04-16,10,7.7,10.8,2.1,3.7,0.7,1.682,0.022,0.016,1.9,148
1003110,충주,2025-04-16,7,7.8,20.4,1.4,2.3,3,2.111,0.004,0.003,1.5,244
4105210,수어,2025-04-16,,7.2,11.1,1.3,2.3,1.7,1.072,0.012,,,
2018110,남강,2025-04-16,11,7.8,12.3,1.2,2.8,1.8,2.598,0.026,0.013,2.7,160
3008110,대청,2025-04-16,6,7.8,11.6,1,2.8,1.2,2.03,0.008,0,1.4,183
3203110,보령,2025-04-16,9,7.8,14.6,1.8,3,2.4,2.133,0.016,0.001,2,127
3001110,용담,2025-04-16,9,7.5,11.6,1.1,2.3,1.2,2.177,0.003,0,2.1,300
2001110,안동,2025-04-16,8,7.6,11.5,1.5,2.7,0.4,1.301,0.01,0.008,0.3,153
4104610,주암(조),2025-04-16,11,7.2,11,1.6,2.4,1.2,0.918,0.016,0.002,1.6,83
2015110,합천,2025-04-16,6,7.4,11.3,0.8,2.4,0.4,1.528,0.019,0.009,0.5,106
5101110,장흥,2025-04-16,16,8.1,12.7,1.8,2.6,1.7,0.742,0.021,0.002,2.1,69
1012110,소양강,2025-04-16,5,7.4,11,1.2,2,0.4,1.598,0.008,0.004,0.3,76
4001110,섬진강,2025-04-16,4,7.5,13.6,1.4,2.3,2.1,2.262,0.005,0.003,1.2,152
4007110,주암(본),2025-04-16,10,7,10.5,1.7,2.6,1,0.681,0.011,0.001,1.6,88
3303110,부안,2025-04-16,11,7.2,10.8,0.9,2.9,1.6,1.159,0.003,0,1.1,83
3001110,용담,2025-03-16,6,7.4,12.7,1.1,3,0.8,1.632,0.008,0.005,1,204
2002110,임하,2025-03-16,5,7.6,10.7,2.1,3.8,0.7,2.068,0.025,0.021,0.9,126
2015110,합천,2025-03-16,6,7.3,11.8,1,2.4,1.6,1.735,0.012,0.005,0.7,112
1012110,소양강,2025-03-16,7,7.5,13.2,1.1,1.8,0.3,1.617,0.006,0.003,0.5,81
3008110,대청,2025-03-16,4,7.4,11.8,1.5,2.4,0.6,2.493,0.01,0,1.9,181
4007110,주암(본),2025-03-16,5,7.6,12.3,1.9,2.4,1.3,0.611,0.009,0.002,2.4,88
4105210,수어,2025-03-16,,7.2,12.5,1.4,2.4,1.7,1.061,0.013,,,
3203110,보령,2025-03-16,6,7.9,13.4,1.4,2.4,2.6,2.078,0.011,0.006,1.5,123
4001110,섬진강,2025-03-16,3,7.2,13.6,1.4,2.3,2.2,2.388,0.013,0.006,2.6,154
1003110,충주,2025-03-16,6,8.1,13.1,1.1,2.4,0.8,1.957,0.001,0,11.4,230
1006110,횡성,2025-03-16,5,7.5,10.2,1.3,2.2,1,2.286,0.016,0.005,1.4,170
2001110,안동,2025-03-16,5,7.1,11.3,1.3,2.6,0.4,1.426,0.012,0.009,0.7,136
5101110,장흥,2025-03-16,8,7.6,13.5,1.7,2.2,2.4,0.719,0.02,0.003,4.4,85
2018110,남강,2025-03-16,7,7.6,13.3,0.9,2,1.6,2.802,0.02,0.007,3.2,150
3303110,부안,2025-03-16,8,7.1,11.1,0.9,2.9,0.6,0.983,0.008,,1.1,82
4104610,주암(조),2025-03-16,6,7.9,12.2,1.6,2.4,1.4,0.963,0.021,0.001,1.8,81
2002110,임하,2025-02-16,4,7.1,9.6,1.9,3.8,0.3,1.762,0.021,0.017,0.5,125
1006110,횡성,2025-02-16,4,7.7,10.7,1.4,2.1,0.8,2.216,0.013,0.005,1,178
3001110,용담,2025-02-16,3,7.4,13.7,1,1.8,1.2,2.335,0.01,0.006,1.4,130
4001110,섬진강,2025-02-16,2,7.3,13.6,1.4,2.8,0.8,1.787,0.008,0.006,0.8,166
3008110,대청,2025-02-16,4,7.3,11,1.1,2.9,0.4,2.134,0.006,0,0.9,178
2018110,남강,2025-02-16,4,7.5,14.9,1,2.2,1.2,1.965,0.019,0.003,3.5,140
4105210,수어,2025-02-16,,7.2,12.8,1.2,2.3,1.8,1.127,0.014,,,
4007110,주암(본),2025-02-16,5,6.4,12.3,1.1,2.7,1.1,0.561,0.014,0.001,0.6,85
5101110,장흥,2025-02-16,5,7.2,10.7,1.6,2.8,2.2,0.772,0.024,0.003,1,76
3203110,보령,2025-02-16,2,7.9,9.1,1.7,2.9,2.4,1.979,0.015,0.004,1.3,115
1012110,소양강,2025-02-16,8,7.7,12.3,1.1,1.8,0.4,1.53,0.006,0.002,0.4,81
2001110,안동,2025-02-16,5,7,10.1,1.1,2.3,0.2,1.212,0.014,0.009,0.6,130
3303110,부안,2025-02-16,4,7,11.5,1,3,2,1.016,0.011,0.007,1.1,78
2015110,합천,2025-02-16,5,7.7,13.8,0.9,2.5,2.4,1.75,0.011,0.004,1.5,110
1003110,충주,2025-02-16,8,7.5,12.2,1.2,1.4,0.2,1.963,0.002,0,7.2,232
3203110,보령,2025-01-16,6,8,8.9,1.8,2.6,2.2,1.897,0.008,0,1.5,113
1012110,소양강,2025-01-16,8,7.4,10.5,1.2,1.7,0.8,1.411,0.008,0.002,0.3,81
3001110,용담,2025-01-16,8,7.3,10.8,1,2,0.6,1.469,0.009,0.003,1.4,138
1003110,충주,2025-01-16,9,7.7,10.6,1.8,2.5,0.6,1.933,0.004,0.002,0.2,259
2002110,임하,2025-01-16,6,7,8.1,1.6,3.9,1,1.627,0.017,0.015,2.2,160
2015110,합천,2025-01-16,5,7.7,12.8,0.9,2.4,2.6,1.728,0.01,0.004,1.4,99
2018110,남강,2025-01-16,5,7.6,10.5,1.4,2.9,1.6,1.579,0.022,0.006,3.5,132
3303110,부안,2025-01-16,11,6.9,11.1,1.1,3,1.1,1.811,0.006,0.004,1.5,80
2001110,안동,2025-01-16,7,7.1,8.5,1.2,2.3,0.3,1.337,0.012,0.01,0.4,170
4007110,주암(본),2025-01-16,8,6.7,10.2,1.2,2.8,1.2,0.629,0.013,0.001,4.6,85
5101110,장흥,2025-01-16,7,7.3,15.9,1.7,2.5,1.8,0.749,0.022,0.003,3.1,90
4105210,수어,2025-01-16,,7.2,11.3,1.3,2.6,1.9,1.254,0.017,,,
1006110,횡성,2025-01-16,4,7.7,10.4,1.6,2.2,1,2.276,0.014,0.005,1.2,186
3008110,대청,2025-01-16,7,7,7.2,1.6,2.6,1.6,2.161,0.009,0.001,2.5,177
4001110,섬진강,2025-01-16,1,7.5,14.8,1.3,2.2,1,1.757,0.017,0.004,0.8,181
4007110,주암(본),2025-12-15,14,7,7,0.9,3,1.5,0.62,0.015,0.001,4,80
4001110,섬진강,2025-12-15,4,8.2,13.7,1.8,3,1.2,1.684,0.005,0.004,0.9,167
3203110,보령,2025-12-15,10,7.8,7.4,1.5,2.5,2.6,1.849,0.021,0.008,2,115
2021110,밀양,2025-12-15,10,7.1,9,0.7,1,1,1.2,0.012,0,2,54
3303110,부안,2025-12-15,11,6.5,10.2,1,3,2,0.879,0.008,0.004,1.9,77
3008110,대청,2025-12-15,12,8.3,7.8,2.2,2.4,0.6,1.872,0.01,0,1.3,162
1003110,충주,2025-12-15,13,8.3,7.9,1.4,2.5,0.6,1.586,0.007,0.002,0.9,263
2015110,합천,2025-12-15,13,7.2,11.2,1,2.4,1.8,1.688,0.022,0.006,1,121
5101110,장흥,2025-12-15,11,7.3,14,1.7,2.7,2.3,0.72,0.021,0.002,2,90
3001110,용담,2025-12-15,10,7.4,10.1,0.8,2,0.2,1.65,0.014,0.005,1.3,140
1012110,소양강,2025-12-15,11,7.4,11.3,1.1,2,0.3,1.413,0.008,0.003,1.1,82
1006110,횡성,2025-12-15,9,7.2,10.5,1.7,2.2,1.4,2.311,0.013,0.004,1.8,151
2018110,남강,2025-12-15,13,7.6,10.2,1.6,2.9,4,1.831,0.03,0.005,3.5,133
2021110,밀양,2025-11-15,15,7.1,9,0.8,1,0.8,0.951,0.014,0,2.5,53
2018110,남강,2025-11-15,17,7.3,9.8,1.4,2.7,4.2,1.13,0.019,0,3.9,138
3303110,부안,2025-11-15,16,6.9,9.4,1,3,0.8,0.852,0.005,0,1.1,75
2015110,합천,2025-11-15,15,7.3,11.4,1,2.5,2.2,1.638,0.024,0.008,2,124
1003110,충주,2025-11-15,17,8.2,8,1.2,2.2,0.8,1.79,0.008,0.002,1.4,246
4001110,섬진강,2025-11-15,11,7.3,11.1,1.7,2.9,2.2,1.306,0.009,0.004,1.8,144
4007110,주암(본),2025-11-15,18,6.9,7.8,1.6,2.9,1.1,0.537,0.013,0.002,1.8,77
2001110,안동,2025-11-15,10,7.7,8.1,1.2,2.4,0.3,1.207,0.015,0.012,0.4,170
3008110,대청,2025-11-15,15,8.2,7.5,1.3,2.3,0.6,2.053,0.037,0.016,0.6,159
3001110,용담,2025-11-15,15,7.6,9.2,1,2.4,1.1,1.652,0.007,0.004,2.1,105
5101110,장흥,2025-11-15,15,7.6,10.1,1.7,2.9,2.3,0.734,0.022,0.002,2.7,88
3203110,보령,2025-11-15,16,7.8,8.2,1.5,2.4,3.1,0.975,0.016,0.003,1.7,110
1012110,소양강,2025-11-15,14,7.6,10.3,1.1,1.9,1.1,1.417,0.008,0.003,1,78
1006110,횡성,2025-11-15,13,7.1,9,1.7,2.1,1.4,2.347,0.014,0.006,1.9,145
2002110,임하,2025-11-15,15,7.2,7.9,1.6,3.9,0.6,1.559,0.024,0.02,2.2,160
3303110,부안,2025-10-15,22,7.2,8.6,0.9,2.9,1,0.966,0.003,0.003,1.1,72
2002110,임하,2025-10-15,21,7.6,8.4,1.9,4.1,1.2,1.578,0.027,0.013,2.2,168
2001110,안동,2025-10-15,11,7.5,7.9,1.4,2.5,1,1.336,0.015,0.012,0.4,172
1006110,횡성,2025-10-15,18,7.2,9.1,1.6,2.2,1.3,2.654,0.013,0.002,2.1,150
1012110,소양강,2025-10-15,14,7.6,8.7,1.2,1.9,0.8,1.512,0.01,0.003,1,80
3001110,용담,2025-10-15,22,7.7,9.2,1,2.3,1,1.571,0.009,0.004,2,124
5101110,장흥,2025-10-15,23,7.6,13,1.7,2.7,2.5,0.766,0.026,0.003,2,92
2015110,합천,2025-10-15,16,7.5,10.2,0.8,2.8,2.4,1.626,0.018,0.007,1,116
1003110,충주,2025-10-15,19,8.1,6.7,1.2,2.3,0.8,2.037,0.013,0.002,1.3,252
2018110,남강,2025-10-15,23,7.4,10.1,1.3,3.1,2.8,1.308,0.018,0.005,6.4,131
3008110,대청,2025-10-15,19,8.3,5.6,0.9,3.2,1.2,2.209,0.011,0,1.2,158
4001110,섬진강,2025-10-15,14,7.9,11.5,2.2,2.9,4,1.528,0.011,0,3.5,131
4007110,주암(본),2025-10-15,20,7.1,7.7,1.6,3,1,0.492,0.009,0.002,1.6,77
2021110,밀양,2025-10-15,18,7.1,8.1,0.6,2,1.5,1.211,0.017,0,2,53
3203110,보령,2025-10-15,21,7.4,10.7,1.3,2.2,3,1.157,0.008,0,2,116
1003110,충주,2025-09-15,16,7.8,7.8,1.3,2.2,1,2.267,0.009,0.003,1.2,261
1012110,소양강,2025-09-15,12,7.5,10.1,0.9,1.9,1.2,1.444,0.012,0.001,2.7,81
4001110,섬진강,2025-09-15,6,7.5,12.5,1.4,2.4,1.8,1.825,0.008,0,0.9,124
2021110,밀양,2025-09-15,21,7.3,9.2,0.8,1.8,1.2,1.2,0.015,0,1.9,53
2001110,안동,2025-09-15,11,7.5,7.9,1.4,2.5,1,1.391,0.018,0.011,1.7,189
4007110,주암(본),2025-09-15,17,6.4,2.2,1.7,2.8,1.2,0.749,0.012,0.003,3.8,68
1006110,횡성,2025-09-15,25,7.4,8.9,1.4,2,1.1,2.845,0.018,0.007,1.5,145
2018110,남강,2025-09-15,25,7.2,10.4,1.6,4.1,5.8,1.42,0.036,0.008,2.9,131
2002110,임하,2025-09-15,21,7.6,8.4,1.9,4.3,1,1.722,0.03,0.02,1.3,182
3001110,용담,2025-09-15,24,7.7,9,0.9,2.3,1,1.723,0.008,0,2.4,122
5101110,장흥,2025-09-15,27,8.2,12.9,1.9,2.9,2.3,0.728,0.021,0.002,1.6,81
3203110,보령,2025-09-15,24,7.6,6.9,1.6,2.9,2.7,1.456,0.011,0.005,3.2,114
2015110,합천,2025-09-15,18,7.6,9.2,0.8,2.8,2.2,1.826,0.015,0.007,1.2,110
3303110,부안,2025-09-15,27,7.3,8.3,1.1,3,1.4,0.981,0.003,0,1.2,73
3008110,대청,2025-09-15,20,8,5.6,1.8,3.2,0.4,2.12,0.011,0.002,0.5,160
4001110,섬진강,2025-08-15,6,7.4,12.2,1.4,2.4,1.2,1.713,0.007,0.004,1.2,126
5101110,장흥,2025-08-15,23,8.2,16.2,1.9,2.8,2.2,0.768,0.022,0.002,1.7,76
2001110,안동,2025-08-15,11,7.5,7.9,1.5,2.5,0.5,1.558,0.018,0.011,1.7,189
2018110,남강,2025-08-15,25,7.7,10.8,1.7,3.1,42.7,2.114,0.023,0.007,5.6,102
2002110,임하,2025-08-15,21,7.6,8.4,2,4.3,1,1.91,0.029,0.021,1.3,182
1006110,횡성,2025-08-15,25,8.1,11.2,1.5,2.2,1.2,2.346,0.02,0.009,1.2,154
3303110,부안,2025-08-15,28,7.2,8.5,0.9,2.7,1.2,1.131,0.004,0.003,1,74
3001110,용담,2025-08-15,27,7.8,8.7,0.8,2.3,1.2,1.8,0.004,0.004,1.4,125
3008110,대청,2025-08-15,19,8.3,7.6,0.6,3,0.4,2.297,0.009,0.002,0.5,162
1003110,충주,2025-08-15,21,8,9.1,1.2,2.2,1,2.182,0.009,0.001,2,270
4007110,주암(본),2025-08-15,22,5.8,2.3,2.1,2.9,1.6,0.952,0.017,0.004,1.8,79
1012110,소양강,2025-08-15,12,7.4,11.1,1.3,1.9,4.4,1.464,0.013,0.002,6,82
3203110,보령,2025-08-15,24,7.4,8.2,1.7,3,2.8,1.801,0.015,0.006,2.1,106
2015110,합천,2025-08-15,16,7.7,10.8,0.7,2.4,1.8,1.823,0.012,0.006,1,112
2021110,밀양,2025-08-15,26,7,9,0.7,1.6,1.1,1.285,0.02,0,3.1,48
5101110,장흥,2025-07-15,21,7.8,11.7,1.8,3,2,0.82,0.025,0.003,1.5,80
1012110,소양강,2025-07-15,13,7.3,7.7,1.2,1.8,0.8,1.538,0.009,0.001,1,81
1006110,횡성,2025-07-15,27,8.3,10.2,1.7,2.1,1,2.893,0.021,0.01,0.1,175
3303110,부안,2025-07-15,25,7.1,8.7,0.9,2.5,0.9,1.133,0.005,0.003,0.9,79
2015110,합천,2025-07-15,11,7.6,10.4,0.9,2.2,1.8,1.758,0.008,0.004,1.2,112
3008110,대청,2025-07-15,17,8,9.3,0.7,2.9,0.6,2.372,0.007,0.005,0.8,160
3203110,보령,2025-07-15,22,8.1,11.6,1.5,2.7,2.5,1.773,0.012,0.004,4,107
2021110,밀양,2025-07-15,22,7.2,10.2,0.6,1.1,1,1.42,0.011,0,3.1,49
1003110,충주,2025-07-15,15,7.7,10.2,1.1,2.2,0.6,2.619,0.015,0.001,1.8,255
4001110,섬진강,2025-07-15,20,7.9,9.8,2.2,3.6,2.4,1.182,0.012,0.005,2.2,121
3001110,용담,2025-07-15,22,7.5,9.5,0.7,2.2,1.2,1.768,0.006,0.005,1.1,121
4007110,주암(본),2025-07-15,19,6.5,6,1.7,2.8,1.5,0.861,0.016,0.003,3.9,76
2018110,남강,2025-07-15,24,7.3,11.4,2,3.5,3.6,1.498,0.027,0.008,3.1,106
1006110,횡성,2025-06-15,21,7.9,11,2.3,2.8,2,3.921,0.061,0.021,0.3,151
3008110,대청,2025-06-15,11,8.3,10.7,0.5,3.3,0.4,2.82,0.005,0.001,0.7,159
3203110,보령,2025-06-15,19,8.2,8.5,1.4,2.5,2.4,1.756,0.012,0.004,3.7,119
2001110,안동,2025-06-15,9,7.3,10.4,1.3,2.8,0.5,1.571,0.02,0.013,0.7,166
2021110,밀양,2025-06-15,20,7.3,9.2,0.9,2.7,0.8,1.305,0.015,0,3,48
5101110,장흥,2025-06-15,24,7.3,8.4,1.7,2.6,2.1,0.985,0.022,0.003,1.5,77
2018110,남강,2025-06-15,22,7.3,12.2,1.4,3.2,6,1.6,0.052,0,3,112
4007110,주암(본),2025-06-15,20,8.7,9.9,1.4,2.6,1.8,0.641,0.013,0.002,2.1,72
3001110,용담,2025-06-15,20,7.5,9.8,0.8,2.4,1.4,1.764,0.006,0.003,2.4,120
1012110,소양강,2025-06-15,12,7.4,11.7,1.3,2,0.4,1.689,0.008,0.002,0.3,80
4001110,섬진강,2025-06-15,10,7.9,11.3,2.2,3,3.6,1.119,0.009,0,3.5,116
1003110,충주,2025-06-15,13,7.8,10,1.2,2.2,0.4,2.323,0.011,0.001,2.5,257
2002110,임하,2025-06-15,17,7,8.8,2.2,3.6,1.5,1.973,0.03,0.02,1.8,145
2015110,합천,2025-06-15,7,7.4,10.6,0.7,2.2,1.4,1.746,0.009,0.005,0.8,113
3303110,부안,2025-06-15,22,7.1,9.2,0.9,2.8,1.9,1.129,0.006,0.004,1,75
1003110,충주,2025-05-15,8,7.5,11.2,1.1,2,0.8,2.384,0.007,0.002,1.2,257
3008110,대청,2025-05-15,9,7.7,11.5,0.7,3.1,0.6,2.14,0.008,0.001,0.9,156
3303110,부안,2025-05-15,17,7.1,10.4,0.8,2.6,1.4,1.312,0.005,0,1,74
4001110,섬진강,2025-05-15,6,8.1,11.6,1.6,2.7,2,1.836,0.003,0,0.2,118
2015110,합천,2025-05-15,7,7.5,10.7,0.6,2.3,1.4,1.794,0.011,0.005,0.6,111
2018110,남강,2025-05-15,17,8.2,12.7,1,2.8,3.3,2.06,0.022,0.005,4.5,99
2001110,안동,2025-05-15,11,7.4,10.4,1.5,2.6,0.5,1.598,0.021,0.013,0.7,136
5101110,장흥,2025-05-15,19,7.1,8.6,1.7,2.6,2.3,0.752,0.018,0.004,1.9,78
2002110,임하,2025-05-15,13,7.2,8.8,2.7,4.6,2.5,2.208,0.03,0.021,3.5,136
3203110,보령,2025-05-15,14,7.5,10.8,1.3,2.4,2,1.788,0.011,0.005,1.9,125
1012110,소양강,2025-05-15,9,7.1,12.7,1.2,2,0.3,1.631,0.01,0.002,0.8,78
4007110,주암(본),2025-05-15,11,7.7,10.9,1.2,2.4,1.5,0.649,0.01,0.002,2.6,78
1006110,횡성,2025-05-15,15,7.3,10.3,1.6,2.2,1.8,3.102,0.023,0.008,1.6,146
3001110,용담,2025-05-15,13,7.6,10.1,0.9,2,1.4,1.835,0.005,0.004,1.4,104
2021110,밀양,2025-05-15,15,7.2,10.2,0.3,0.7,1.1,1.325,0.012,0,2.4,47
5101110,장흥,2025-04-15,10,7.1,12.3,1.8,2.8,2.4,0.777,0.011,0.002,1.4,75
2015110,합천,2025-04-15,7,7.3,10.8,0.9,2.6,1.4,1.645,0.017,0.007,0.6,103
1003110,충주,2025-04-15,8,8.3,13.5,1.2,2.3,0.6,2.352,0.01,0.001,0.8,248
3303110,부안,2025-04-15,10,6.8,11.9,0.9,2.6,1.6,1.171,0.004,0,1.1,74
1012110,소양강,2025-04-15,6,7.1,11,1,1.8,0.7,1.619,0.01,0.001,0.8,76
2002110,임하,2025-04-15,5,7.1,11.1,2.4,4.5,1.8,2.029,0.03,0.016,3.8,103
3001110,용담,2025-04-15,7,7.7,9.8,0.9,2.1,1.2,1.689,0.005,0,1.2,80
2018110,남강,2025-04-15,12,7.6,13.3,0.8,1.6,1.3,2.057,0.022,0.006,3.5,129
4007110,주암(본),2025-04-15,11,8.1,11.9,1.5,2.8,2,0.644,0.007,0.001,3.6,70
1006110,횡성,2025-04-15,10,7.5,10.2,1.3,2,1.3,2.845,0.028,0.009,2.1,148
3008110,대청,2025-04-15,7,7.5,12.1,1.3,3.3,0.4,2.283,0.007,0.001,1,153
3203110,보령,2025-04-15,9,7.5,11.4,1.3,2.4,1.5,1.738,0.018,0.003,1.5,125
4001110,섬진강,2025-04-15,8,8.1,13.2,1.5,2.5,2.2,1.615,0.005,0,1.1,111
2021110,밀양,2025-04-15,14,7.2,10.3,0.8,1,1.7,1.172,0.02,0,2.2,52
2001110,안동,2025-04-15,6,7.1,10.8,1,2.5,0.5,1.552,0.02,0.01,1,110
2001110,안동,2025-03-15,6,7.1,10,1.2,2.2,0.5,1.501,0.013,0.008,1.1,108
1003110,충주,2025-03-15,5,8.1,13.4,1.1,2.4,0.6,2.214,0.011,0.002,0.9,238
3008110,대청,2025-03-15,7,7.6,12.3,2.8,2.9,0.8,2.33,0.005,0,0.3,158
1006110,횡성,2025-03-15,5,7.4,9.8,1.4,1.9,1.5,2.455,0.021,0.007,2.4,146
2018110,남강,2025-03-15,6,8.4,13.6,0.8,2,3.6,2.167,0.011,0,1.6,129
4007110,주암(본),2025-03-15,5,7.5,12.2,1.2,2.8,2.4,0.672,0.008,0.001,4.4,70
4001110,섬진강,2025-03-15,4,7.9,13.2,2.1,3.5,1,1.926,0.005,0,0.3,117
3303110,부안,2025-03-15,5,6.9,11.5,0.9,2.8,1,1.205,0.005,0,0.8,73
3001110,용담,2025-03-15,3,8.2,13.2,1,2.6,0.5,1.655,0.007,0,1.4,183
3203110,보령,2025-03-15,5,7.5,13.3,2,3,2.1,2.112,0.015,0.004,1.1,126
2002110,임하,2025-03-15,5,7.3,10.6,2.1,4.4,1.5,1.992,0.027,0.014,2.6,106
1012110,소양강,2025-03-15,5,7.3,12.5,1,1.8,0.3,1.434,0.008,0.002,0.5,75
5101110,장흥,2025-03-15,8,7.2,14.4,1.9,2.9,2.5,0.686,0.024,0.002,1,78
2021110,밀양,2025-03-15,5,7.4,11.5,0.8,1.4,1.3,1.5,0.016,0,2.1,52
2015110,합천,2025-03-15,6,7.4,11.3,1,2.4,1.6,1.731,0.014,0.006,0.8,102
4001110,섬진강,2025-02-15,3,7.5,13.4,1.7,2.8,0.6,1.916,0.007,0,0.7,114
3001110,용담,2025-02-15,4,7.3,12,0.9,2.5,0.4,1.658,0.006,0,1,110
2015110,합천,2025-02-15,6,7.4,11.2,0.8,2.4,1.6,1.775,0.012,0.006,0.8,100
4007110,주암(본),2025-02-15,6,7.1,10.5,1.1,2.6,1.3,0.677,0.008,0.001,4.1,73
2021110,밀양,2025-02-15,7,7.3,11.1,0.7,1.5,1.5,1.312,0.02,0,2.2,52
1006110,횡성,2025-02-15,4,7.5,10.9,1,1.3,1,1.594,0.012,0.006,1,146
3203110,보령,2025-02-15,3,7.4,13.2,2.2,3.3,2.1,2.255,0.015,0.006,1,124
3008110,대청,2025-02-15,7,7.7,11.9,1,2.7,0.7,1.488,0.01,0.006,0.1,160
2001110,안동,2025-02-15,5,7,10.3,1.2,2.3,0.5,1.491,0.019,0.006,1.1,108
3303110,부안,2025-02-15,8,6.8,11.5,0.9,2.5,1.2,1.179,0.004,0,1.2,75
1012110,소양강,2025-02-15,5,6.9,11.7,0.8,1.9,0.6,1.392,0.007,0.001,1.1,73
5101110,장흥,2025-02-15,8,6.9,14.7,1.6,2.5,2.4,0.605,0.025,0.002,8.4,82
2002110,임하,2025-02-15,4,7.1,9.7,2.1,4.1,0.5,2.012,0.026,0.009,1.3,106
2018110,남강,2025-02-15,4,7.4,13.4,0.6,2.4,4.5,1.756,0.017,0.005,1.5,108
1003110,충주,2025-02-15,5,8,13.4,1.2,2.2,0.4,2.259,0.005,0.002,0.9,238
2021110,밀양,2025-01-15,8,7,10.2,1,1.5,2,1.083,0.017,0,1.6,49
3203110,보령,2025-01-15,4,7.5,11.7,2.2,3.6,2.2,2.076,0.02,0.006,1.2,125
1012110,소양강,2025-01-15,7,7.3,11.4,1,1.8,1.8,1.509,0.008,0.001,1.1,74
2002110,임하,2025-01-15,7,7.4,9.1,2.2,4.2,1.5,1.989,0.029,0.008,2.7,110
2001110,안동,2025-01-15,6,7,8.8,1.3,2.6,0.5,1.542,0.022,0.006,1.3,114
3303110,부안,2025-01-15,10,6.8,11.3,1,2.5,1.5,1.097,0.004,0,1.7,73
4007110,주암(본),2025-01-15,7,6.9,8.5,0.9,2.5,1.3,0.516,0.007,0.001,2.8,75
2018110,남강,2025-01-15,4,8.2,13.4,1.2,3.4,1.8,1.922,0.034,0,1.8,108
3008110,대청,2025-01-15,7,7.4,10.2,0.9,3.5,1.2,1.986,0.006,0.003,0.4,162
5101110,장흥,2025-01-15,7,6.9,15,2,2.8,2.8,0.689,0.022,0.003,1.4,96
1006110,횡성,2025-01-15,5,7.6,10.4,1.1,1.4,1,1.812,0.015,0.007,1.8,154
2015110,합천,2025-01-15,8,7.7,10.6,0.9,2.4,2.2,1.852,0.012,0.005,1.2,100
4001110,섬진강,2025-01-15,2,7.6,14.6,0.7,1.2,0.6,0.514,0.006,0,0.6,108
3001110,용담,2025-01-15,6,7.3,12,0.9,2.6,0.4,1.618,0.007,0,1.6,110
1003110,충주,2025-01-15,7,8,13.4,1.4,2.2,0.2,2.281,0.01,0.004,2.1,243
3001110,용담,2025-12-14,12,7.4,6.1,0.9,2.6,0.4,1.737,0.008,0.005,1.7,80
3203110,보령,2025-12-14,11,7.5,11.2,2.2,2.9,2.4,2.046,0.017,0.005,1.3,125
1006110,횡성,2025-12-14,10,7.4,9.8,1.3,1.7,1.1,1.946,0.017,0.007,1.7,150
3008110,대청,2025-12-14,12,7.2,8.7,1.2,3.2,0.8,1.699,0.011,0.002,0.8,156
1012110,소양강,2025-12-14,11,7.3,9.8,1.2,1.7,0.9,1.767,0.012,0.004,1.8,112
4001110,섬진강,2025-12-14,4,7.5,13.4,1.7,2.8,1.2,1.417,0.017,0.007,1.2,101
3303110,부안,2025-12-14,13,6.6,10.4,0.9,2.6,1.8,1.771,0.011,0.004,2,71
2001110,안동,2025-12-14,12,7.1,7.8,1.6,2.5,1.5,1.621,0.018,0.006,1,135
4007110,주암(본),2025-12-14,13,6.7,6.9,1.2,2.7,0.9,0.642,0.01,0.002,4.4,76
2015110,합천,2025-12-14,13,7.7,10.8,1,2.4,2.2,1.755,0.02,0.008,1.3,100
1003110,충주,2025-12-14,12,7.8,10.3,2.2,2.4,0.4,2.369,0.018,0.004,1.5,240
2021110,밀양,2025-12-14,13,6.7,9.2,1.2,1.8,2.2,0.848,0.01,0,2.1,44
5101110,장흥,2025-12-14,12,7,10.1,1.9,2.9,2.1,0.685,0.024,0.002,2.2,94
2002110,임하,2025-12-14,12,7,7.5,2.5,4.7,2.5,2.089,0.026,0.017,2.2,126
5101110,장흥,2025-11-14,19,6.9,11.9,2,2.9,2.2,0.612,0.021,0.003,1.3,118
1012110,소양강,2025-11-14,14,7.3,8.8,0.9,1.8,1.6,1.785,0.011,0,1.2,70
4007110,주암(본),2025-11-14,16,6.6,5.9,1.3,2.8,0.9,0.845,0.014,0.004,2.2,64
4001110,섬진강,2025-11-14,11,7.7,12.4,1.7,2.8,1.2,1.4,0.024,0.011,2.5,101
2001110,안동,2025-11-14,15,6.9,6.9,1.8,2.6,0.5,1.701,0.019,0.008,0.3,140
2018110,남강,2025-11-14,16,7.9,14,1.1,3.2,4.2,1.139,0.027,0.014,3.9,111
2015110,합천,2025-11-14,15,8,11.2,1.2,2.5,2.4,1.928,0.017,0.007,1.8,103
3203110,보령,2025-11-14,15,7.6,9.6,2.1,3.6,3.2,2.243,0.017,0.003,1.6,125
3303110,부안,2025-11-14,16,6.6,9.5,0.9,2.8,0.8,1.064,0.005,0,1.2,69
1006110,횡성,2025-11-14,15,7.2,9,1.3,1.4,1.3,2.269,0.013,0.006,2.1,145
3001110,용담,2025-11-14,16,7.5,7,0.7,2.7,0.4,1.833,0.008,0,0.9,85
1003110,충주,2025-11-14,16,7.7,7.9,1.4,2.5,0.8,2.456,0.025,0.008,1.3,235
2021110,밀양,2025-11-14,17,6.7,7.6,1.1,1.6,2.1,0.862,0.011,0,2.8,44
3008110,대청,2025-11-14,18,7.1,7.4,1.1,3,1.3,1.533,0.016,0.004,1.1,161
2002110,임하,2025-11-14,16,7.7,6,2.8,4.6,4.5,2.286,0.031,0.012,6.7,135
2001110,안동,2025-10-14,17,7.6,6.8,1.5,2.1,0.5,1.771,0.02,0.006,0.3,166
1006110,횡성,2025-10-14,20,7.4,9.1,1.4,1.7,1.3,2.413,0.014,0.005,1.5,141
3203110,보령,2025-10-14,22,7.3,10.8,2.8,4.6,3.6,2.41,0.031,0.09,0.3,124
5101110,장흥,2025-10-14,23,6.9,10.6,1.9,2.6,2.2,0.627,0.018,0.002,1.4,82
4001110,섬진강,2025-10-14,19,7.9,11.5,1.3,2.2,1.2,0.914,0.014,0,2.5,125
2002110,임하,2025-10-14,20,7.9,6.8,2.5,4.5,13.5,2.424,0.029,0.008,19.9,149
2018110,남강,2025-10-14,20,7.9,10.2,1.5,3.8,6,1.239,0.031,0.026,1.2,128
3008110,대청,2025-10-14,21,8.4,11.7,1,3.1,0.8,1.454,0.014,0.004,1.3,172
4007110,주암(본),2025-10-14,20,6.6,5.1,1.2,2.8,1.5,1.124,0.024,0.006,3,64
2015110,합천,2025-10-14,16,8,10.9,1.1,2.8,3,1.875,0.014,0.006,3.9,108
3001110,용담,2025-10-14,21,7.2,4.8,0.8,2.8,0.8,1.966,0.015,0,0.8,93
3303110,부안,2025-10-14,23,7,8.8,1,3,1.5,1.039,0.005,0,1.2,69
1003110,충주,2025-10-14,20,7.6,7.7,1.4,2.4,0.4,2.732,0.02,0.003,1,229
2021110,밀양,2025-10-14,20,6.5,8.2,1.4,1.7,2.9,1.064,0.009,0,3.6,42
1012110,소양강,2025-10-14,14,7.1,7.2,1.3,2,2.4,1.899,0.012,0.001,1.2,71
2015110,합천,2025-09-14,15,8.1,10.8,1.2,3,2.8,2.186,0.019,0.009,3.2,121
3008110,대청,2025-09-14,19,6.1,5.3,1.2,3.3,2,2.128,0.02,0.014,2.8,147
3001110,용담,2025-09-14,21,7.1,5,1.2,3,0.6,1.987,0.013,0,2.1,98
4007110,주암(본),2025-09-14,20,6.6,4.2,1.2,3,1.4,1.443,0.021,0.008,6.2,63
4001110,섬진강,2025-09-14,22,8.1,11.4,1.9,3.2,3,0.986,0.019,0.004,2.1,110
2001110,안동,2025-09-14,17,7.2,8.1,1.5,2.6,1,1.672,0.018,0.005,2.1,178
2018110,남강,2025-09-14,22,7.6,11.4,1.6,3.6,18.6,1.325,0.029,0.012,28.4,116
1012110,소양강,2025-09-14,15,7.2,7.2,1.2,2.2,1.7,2.112,0.014,0.002,1.9,73
3303110,부안,2025-09-14,24,6.2,6.9,1,3.2,2,1.285,0.006,0,1.2,70
2021110,밀양,2025-09-14,19,6.6,8.5,1.3,1.6,3.1,1.627,0.02,0,6.6,43
3203110,보령,2025-09-14,26,7.3,9.7,1.9,3.1,2.8,2.158,0.014,0.007,3.1,123
2002110,임하,2025-09-14,18,7.1,7.7,2.5,4.4,15.5,2.309,0.031,0.009,22.1,156
5101110,장흥,2025-09-14,25,7.8,9.9,2,2.8,2.8,0.638,0.022,0.018,2.3,81
1003110,충주,2025-09-14,19,7.8,6.9,1.4,2.5,1,2.539,0.021,0.003,1.9,230
1006110,횡성,2025-09-14,21,7.4,9,1.7,2,1.3,2.764,0.018,0.007,1,140
3001110,용담,2025-08-14,21,7.4,7.7,0.8,2.2,0.2,1.571,0.01,0,0.7,128
2015110,합천,2025-08-14,12,7.9,9.4,0.8,2.7,2.6,1.765,0.013,0.007,1.5,120
2021110,밀양,2025-08-14,24,6.7,8.3,1.4,2.1,7.2,1.544,0.027,0,6.6,47
1003110,충주,2025-08-14,21,7.9,8.7,1.2,2.4,0.4,2.391,0.017,0.009,1.5,274
5101110,장흥,2025-08-14,28,7,8.8,1.7,2.8,2.9,0.783,0.018,0.002,2.8,95
1006110,횡성,2025-08-14,24,7.5,5.5,1.6,2.5,1.3,2.678,0.02,0.007,0.9,138
2002110,임하,2025-08-14,19,7.3,7.9,2.3,3.9,2,2.119,0.028,0.007,3.6,166
4007110,주암(본),2025-08-14,23,7.1,5.5,1.4,3,1.2,0.993,0.018,0.006,8.7,73
3303110,부안,2025-08-14,25,6.6,7.9,1,2.9,2.3,1.106,0.007,0,1.8,71
2018110,남강,2025-08-14,23,7.1,8.3,1.3,3.4,10.8,1.569,0.032,0.018,11.3,111
3203110,보령,2025-08-14,24,7.2,8.6,1.7,2.6,2.6,1.975,0.012,0.007,2.3,124
2001110,안동,2025-08-14,14,7.2,8.1,1.4,2.7,1,1.662,0.019,0.004,1.9,134
4001110,섬진강,2025-08-14,19,7.8,9.8,1.9,3.2,2.6,1.626,0.023,0.003,2.1,84
3008110,대청,2025-08-14,20,6.5,6.7,1.2,2.8,0.8,1.437,0.008,0.001,0.8,173
1012110,소양강,2025-08-14,11,7.5,10.3,1.4,2.1,0.6,2.211,0.013,0.002,1.2,53
2001110,안동,2025-07-14,12,7.2,8.1,1.6,2.7,0.5,1.681,0.019,0.004,1.9,134
4001110,섬진강,2025-07-14,18,8,10,1.5,2.5,8.2,2.018,0.025,0,2.5,100
3203110,보령,2025-07-14,25,7.2,7.4,1.6,2.5,2.4,1.946,0.011,0.004,0.4,124
3008110,대청,2025-07-14,17,7.3,9,1.1,2.8,1,1.361,0.007,0.001,0.7,169
4007110,주암(본),2025-07-14,16,7.6,8.6,1.3,2.6,0.6,0.694,0.014,0.002,0.6,86
2015110,합천,2025-07-14,12,7.8,9.5,0.9,2.6,2.4,1.816,0.014,0.007,1.6,119
3001110,용담,2025-07-14,18,7.7,9.2,0.6,2.1,0.4,1.76,0.009,0,0.7,115
1006110,횡성,2025-07-14,24,7.5,9.4,2.3,2.5,1.8,2.312,0.017,0.008,1.4,124
2002110,임하,2025-07-14,19,7.3,7.9,2,4.2,0.5,2.209,0.027,0.006,3.4,166
3303110,부안,2025-07-14,24,7.1,8.8,1,3,0.7,1.047,0.008,0,1.4,69
2021110,밀양,2025-07-14,10,6.6,9.4,0.9,1.2,1,1.042,0.018,0,2,55
1003110,충주,2025-07-14,15,8.1,8.3,1.4,2.4,0.8,2.736,0.025,0.009,4.3,281
2018110,남강,2025-07-14,15,7.8,5.3,1.5,3.2,2.8,0.918,0.028,0.011,4.2,138
1012110,소양강,2025-07-14,8,7.4,10.5,1.2,1.7,0.2,2.01,0.012,0.002,0.5,78
5101110,장흥,2025-07-14,26,6.9,9.5,1.8,3,3.2,0.682,0.022,0.003,2.1,99
2015110,합천,2025-06-14,12,8,10.2,0.9,2.7,2,1.782,0.013,0.005,1,116
1003110,충주,2025-06-14,10,8,13,1.2,2.1,4,2.88,0.033,0.008,1.7,257
3008110,대청,2025-06-14,12,7.4,10.7,1.1,2.8,1,1.253,0.008,0.002,0.8,169
3303110,부안,2025-06-14,23,7.1,8.7,1,2.8,1.5,1.212,0.007,0,1.1,70
2001110,안동,2025-06-14,11,7.2,10.5,1.7,2.7,0.5,1.751,0.022,0.006,1.9,134
2002110,임하,2025-06-14,19,7.3,8.7,2.4,4,0.5,2.312,0.024,0.005,3.4,166
1006110,횡성,2025-06-14,23,7.6,9.2,2,2.6,1.4,1.752,0.018,0.011,1.3,121
3001110,용담,2025-06-14,15,7.7,10.3,0.7,2.4,0.4,1.555,0.004,0,1,110
3203110,보령,2025-06-14,23,7.1,10.1,1.6,2.7,4.6,2.021,0.012,0.003,2.1,121
4001110,섬진강,2025-06-14,24,8.3,11.2,1.7,2.8,0.6,0.974,0.004,0,5.3,122
4007110,주암(본),2025-06-14,11,6.6,8.9,1.4,2.6,0.4,0.666,0.011,0.001,0.7,80
2021110,밀양,2025-06-14,22,7,9.1,0.5,0.8,0.8,1.154,0.159,0,1.4,52
2018110,남강,2025-06-14,18,7.8,6.2,1.1,3,4,1.124,0.032,0.01,3.4,112
1012110,소양강,2025-06-14,7,7.3,11,1.2,1.8,0.4,1.939,0.012,0.001,0.5,73
5101110,장흥,2025-06-14,20,6.9,10.3,1.8,2.9,5.3,0.615,0.021,0.003,2.7,106
3001110,용담,2025-05-14,12,7.6,10.7,0.8,2.6,0.2,1.568,0.006,0,1.9,105
2001110,안동,2025-05-14,9,7.3,9.8,1.6,2.9,0.5,1.799,0.024,0.006,3.1,119
4001110,섬진강,2025-05-14,20,7.4,11.2,1.7,2.8,1.2,1.21,0.008,0,3.7,112
2018110,남강,2025-05-14,15,8.4,6.7,1.5,3.1,4,1.959,0.034,0.022,3.2,140
3203110,보령,2025-05-14,13,7.1,11.2,1.6,2.8,2.4,1.897,0.01,,1.8,118
1006110,횡성,2025-05-14,9,7.6,9.7,1.5,1.7,2.9,1.864,0.021,0.013,2.4,100
2015110,합천,2025-05-14,12,7.8,9.2,0.8,2.4,1.8,1.756,0.013,0.006,1.5,118
3008110,대청,2025-05-14,19,7.1,11.2,0.8,2.4,0.6,1.742,0.018,0.003,1.3,157
2002110,임하,2025-05-14,12,7.4,10.1,2.3,4.2,1,2.413,0.028,0.005,2,155
4007110,주암(본),2025-05-14,7,8.2,10.7,1.2,2.6,0.9,0.669,0.01,0.001,3.5,75
2021110,밀양,2025-05-14,16,7,8.9,0.8,1.2,0.4,1.332,0.016,0.001,0.3,50
1003110,충주,2025-05-14,8,8.3,12.1,1.1,2.1,0.6,2.592,0.05,0.004,1.5,235
1012110,소양강,2025-05-14,6,7.2,11.7,1,1.6,0.8,1.897,0.01,0.002,0.9,67
5101110,장흥,2025-05-14,19,7.5,9,1.9,2.7,3.8,0.701,0.019,0.003,4.9,76
3303110,부안,2025-05-14,16,7.2,10,1,3,1.8,1.035,0.007,0,1.1,66
2001110,안동,2025-04-14,7,7.3,10.5,1.7,3,0.5,1.741,0.022,0.004,3.1,120
3001110,용담,2025-04-14,8,7.5,11.6,0.7,2.4,0.4,1.351,0.007,0,0.8,104
5101110,장흥,2025-04-14,16,7.6,11.8,1.9,2.7,3.8,0.572,0.013,0,2.3,114
3008110,대청,2025-04-14,10,7.8,11.8,0.9,2.5,1,1.306,0.009,0.004,1.1,160
3303110,부안,2025-04-14,12,7.1,10.6,1,3.3,2.5,1.08,0.007,0,1.2,64
3203110,보령,2025-04-14,10,7.2,11,1.5,2.5,2.3,1.962,0.013,0,2,118
1003110,충주,2025-04-14,6,8.3,13.3,1.3,2.4,1,2.832,0.048,0.004,2,227
2002110,임하,2025-04-14,6,7.6,10.6,2.4,4.4,1,2.31,0.03,0.009,2,133
1012110,소양강,2025-04-14,6,7.3,12.1,0.9,1.8,0.5,1.797,0.008,0.001,0.6,66
4001110,섬진강,2025-04-14,13,8,11.1,1.7,2.8,0.2,1.691,0.008,0,2.1,112
2015110,합천,2025-04-14,9,7.6,11.2,0.8,2.6,1.6,1.934,0.013,0.006,1,109
4007110,주암(본),2025-04-14,6,6.9,11.9,1,2.6,0.8,0.681,0.01,0.001,1.7,78
1006110,횡성,2025-04-14,8,7.4,10.9,1.7,2.4,2,1.942,0.02,0.01,2.1,104
2021110,밀양,2025-04-14,8,7,10.8,0.8,1.8,1.4,1.375,0.01,0,1.7,57
4007110,주암(본),2025-03-14,5,7.3,11.8,1,2.5,0.7,0.691,0.01,0.002,1.9,79
2002110,임하,2025-03-14,6,7.1,10.5,2.2,4,2,2.213,0.028,0.006,1.2,111
3008110,대청,2025-03-14,7,7.5,12.7,1.1,2.9,0.8,1.236,0.014,0.008,1.1,155
3001110,용담,2025-03-14,5,7.3,11.1,0.7,2.2,0.4,1.385,0.005,0,1.5,106
1006110,횡성,2025-03-14,5,7.5,10.4,1.1,1.3,1.2,1.674,0.015,0.006,1.3,111
1012110,소양강,2025-03-14,6,7.2,10.9,0.8,1.8,0.4,1.743,0.008,0.001,0.6,61
1003110,충주,2025-03-14,6,8.2,13.3,1.4,2.4,1.2,2.832,0.058,0.007,2.1,124
5101110,장흥,2025-03-14,9,7.6,10.3,2,2.6,3.8,0.6,0.024,0.002,1.8,109
2021110,밀양,2025-03-14,5,6.9,11.5,0.9,1.4,1.1,1.174,0.013,0.001,2.6,57
4001110,섬진강,2025-03-14,9,8.4,14.3,1.7,2.8,0.2,0.977,0.004,0,0.7,115
2018110,남강,2025-03-14,7,7.2,11.9,0.9,2.6,2.8,1.311,0.019,0.009,2.1,134
2015110,합천,2025-03-14,5,7.8,11.9,0.9,2.5,1.4,1.775,0.01,0.004,0.8,105
2001110,안동,2025-03-14,5,6.8,11.2,1.6,2.8,0.5,1.688,0.024,0.004,1.7,108
3203110,보령,2025-03-14,5,7.3,12.7,1.5,2.3,2.4,2.036,0.013,0.004,1.4,119
3303110,부안,2025-03-14,7,6.9,11.8,1,3,1,1.326,0.006,0,0.8,66
1003110,충주,2025-02-14,2,8.5,13.7,1.4,2.3,1.2,2.448,0.05,0.007,1.6,124
2001110,안동,2025-02-14,5,7.7,9.3,1.1,2.5,1,1.488,0.019,0.004,1.7,108
4007110,주암(본),2025-02-14,5,7.6,12.3,0.9,2.4,0.8,0.702,0.011,0.001,2.2,87
2015110,합천,2025-02-14,7,7.4,11.4,0.8,2.6,1.4,1.788,0.013,0.005,1,93
2002110,임하,2025-02-14,3,7.4,10.9,2.1,3.7,1.5,1.901,0.024,0.005,1.2,111
1012110,소양강,2025-02-14,7,7.2,9.7,0.8,1.7,0.6,1.755,0.008,0.002,1,65
4001110,섬진강,2025-02-14,3,8,14.6,1.7,2.8,0.2,1.554,0.004,0,0.3,117
5101110,장흥,2025-02-14,7,7.7,13.5,2.4,2.7,4.7,0.572,0.021,0.001,5.4,83
3001110,용담,2025-02-14,4,7,9.4,1,2.5,0.6,1.208,0.011,0,1,96
3008110,대청,2025-02-14,7,7.8,11.6,1,2.7,0.4,1.599,0.015,0.008,0.8,156
3303110,부안,2025-02-14,4,6.7,12.2,0.9,3.1,1,1.007,0.005,0,1.4,72
1006110,횡성,2025-02-14,3,7.7,9.4,1.7,2.1,1.3,1.924,0.019,0.007,1.8,110
2018110,남강,2025-02-14,5,6.9,11.5,1,2.6,2.6,1.356,0.019,0.004,1.9,135
3203110,보령,2025-02-14,7,7.5,11.2,1.5,2.5,2.2,2.013,0.013,0.004,1.7,122
2021110,밀양,2025-02-14,4,7,11.5,0.8,1.6,1.2,1.325,0.014,0.001,2.1,53
2015110,합천,2025-01-14,8,7.8,10.9,0.9,2.1,1.8,2.041,0.012,0.005,1.1,90
5101110,장흥,2025-01-14,7,7.2,10.8,2.6,2.8,1,0.769,0.019,0.002,1.5,78
1006110,횡성,2025-01-14,4,8.4,10.5,1.1,1.4,0.4,1.74,0.021,0.009,2.8,105
3203110,보령,2025-01-14,6,7.5,11.6,1.2,1.9,2.4,1.966,0.01,0,1.7,118
4001110,섬진강,2025-01-14,3,8.7,15.6,1.8,3,1.6,1.45,0.005,0,0.4,118
2001110,안동,2025-01-14,6,7.3,10.3,1.2,2.5,1,1.543,0.019,0.003,1.7,114
1012110,소양강,2025-01-14,8,7.2,8.6,0.8,1.8,0.8,1.752,0.009,0.001,1.2,66
2018110,남강,2025-01-14,5,8.2,18.6,1,2.8,2.4,1.542,0.019,0,1.8,106
1003110,충주,2025-01-14,6,8.2,12.5,1.3,2.3,1.1,2.448,0.045,0.006,2,223
2002110,임하,2025-01-14,5,7.3,8.6,2,3.6,1.5,2.011,0.026,0.006,3.1,115
2021110,밀양,2025-01-14,5,6.9,10.4,0.8,1.5,1.1,1.34,0.005,0,2,55
3001110,용담,2025-01-14,7,6.9,8.6,1,2.5,0.4,1.464,0.007,0,1.9,100
3303110,부안,2025-01-14,6,6.7,10.6,1.3,3.2,1.2,1.205,0.008,0,2.1,59
4007110,주암(본),2025-01-14,7,7.1,9.7,0.9,2.6,0.7,0.721,0.012,0.001,1.8,87
3008110,대청,2025-01-14,9,7.2,10.2,0.9,2.7,1.7,1.034,0.013,0.008,1,152
2002110,임하,2025-12-13,10,6.9,8.4,2,3.8,3,1.896,0.018,0.002,5.7,159
5101110,장흥,2025-12-13,10,7,11.4,1.8,2.5,1.4,0.641,0.017,0,1.6,77
3008110,대청,2025-12-13,13,7.3,8.6,0.9,2.4,1,1.418,0.018,0.013,3.3,148
2021110,밀양,2025-12-13,8,6.9,10.1,0.9,1.8,1.3,0.925,0.024,0,1.9,56
1003110,충주,2025-12-13,11,7.6,10.9,0.9,2.3,1.4,2.237,0.034,0.012,5.3,212
3203110,보령,2025-12-13,9,7.5,11,1.3,2.4,2.3,1.34,0.009,0.002,1.7,120
2015110,합천,2025-12-13,9,7.8,11.3,1.2,2.4,2.1,1.821,0.012,0.008,1.8,86
3001110,용담,2025-12-13,10,6.9,7.5,0.7,2.5,1,1.592,0.009,0,1.2,120
1012110,소양강,2025-12-13,12,7.2,8.9,0.9,2,1.2,1.917,0.012,0.012,2.4,63
4007110,주암(본),2025-12-13,19,7.9,8.9,0.8,2.6,0.5,0.711,0.013,0.001,1.4,84
3303110,부안,2025-12-13,10,6.7,7.9,1.2,3.1,1.5,1.049,0.005,0,1.2,53
4001110,섬진강,2025-12-13,3,7.1,14.2,1.9,3.1,2,1.452,0.005,0,4,106
2001110,안동,2025-12-13,9,7.1,6.2,1.6,2.5,2,1.441,0.02,0.003,2.6,125
2018110,남강,2025-12-13,10,8.1,10.9,1.1,3.2,2.6,1.189,0.018,0.005,1.9,103
1006110,횡성,2025-12-13,8,8.3,8,1.1,1.6,0.5,2.109,0.016,0.006,1.3,115
1006110,횡성,2025-11-13,16,8.3,8.6,1.5,2.1,1.2,2.101,0.014,0.007,1.7,137
4007110,주암(본),2025-11-13,18,6.7,6.1,0.9,2.8,0.8,0.795,0.015,0.002,2.4,87
3008110,대청,2025-11-13,17,7.7,6.4,1.1,3,2.3,1.35,0.011,0.003,1.8,146
2001110,안동,2025-11-13,9,7.2,6.6,1,2.7,2,1.543,0.018,0.003,4.1,190
3203110,보령,2025-11-13,16,7.5,10.8,1.1,2.4,2.2,2.022,0.01,0,3.1,119
3001110,용담,2025-11-13,16,6.5,6.9,0.7,3.1,0.6,2.064,0.005,0,1.3,130
2021110,밀양,2025-11-13,14,6.8,8.9,0.9,1.9,0.8,1.178,0.004,0.002,2.2,50
4001110,섬진강,2025-11-13,11,8.6,12.8,2,3.4,1,1.325,0.007,0,3,106
1012110,소양강,2025-11-13,16,6.8,7.1,1.1,2,2.3,2.041,0.015,0.002,5.3,60
1003110,충주,2025-11-13,14,8,10.6,1.5,2.7,1,2.482,0.024,0.011,3.2,221
3303110,부안,2025-11-13,18,6.6,8.6,1.1,3.1,2,1.08,0.004,0,0.8,57
2018110,남강,2025-11-13,17,7.8,10.8,0.8,2.8,4.6,1.231,0.026,0.007,3.4,99
2015110,합천,2025-11-13,13,8.1,10.1,1,2.2,2.5,1.725,0.018,0.007,3.7,84
2002110,임하,2025-11-13,19,7.6,9,2.4,4,2,1.843,0.022,0.001,4.7,188
5101110,장흥,2025-11-13,15,6.9,9.6,2.1,2.9,1.3,0.865,0.024,0,0.9,74
2001110,안동,2025-10-13,10,7.4,7.4,1.4,2.1,2,1.789,0.02,0.003,3.4,188
1012110,소양강,2025-10-13,18,7.3,8.1,1.4,2.1,4.8,2.11,0.017,0.009,11.1,64
2015110,합천,2025-10-13,13,8,9.2,0.6,2.5,2.7,1.488,0.041,0.014,5.5,93
3008110,대청,2025-10-13,22,7.5,5.6,1.1,2,1.2,1.823,0.028,0.002,2.1,145
4007110,주암(본),2025-10-13,22,6.4,4.8,1.2,2.8,0.8,0.989,0.021,0.003,1.9,66
3001110,용담,2025-10-13,19,6.5,4.1,0.8,2.5,0.8,1.664,0.008,0,1.3,115
2002110,임하,2025-10-13,22,7.2,8.1,2,3.7,1,1.873,0.019,0.004,1.7,162
3303110,부안,2025-10-13,23,6.2,6.9,1.3,3.6,1.3,1.102,0.004,0,0.7,56
1006110,횡성,2025-10-13,21,8.3,8.4,2,2.6,1,2.631,0.016,0.006,1.5,159
4001110,섬진강,2025-10-13,13,8.4,12.6,1.7,2.9,1,1.45,0.01,0,3.4,105
3203110,보령,2025-10-13,21,7.3,9.2,1.4,2.6,2.3,2.487,0.012,0.006,3.2,121
2018110,남강,2025-10-13,22,7.7,3.6,0.8,3,3.8,1.256,0.018,0.006,2.6,106
1003110,충주,2025-10-13,18,8.2,11.4,1.4,2.6,1.1,2.725,0.036,0.019,2.7,283
5101110,장흥,2025-10-13,20,6.6,8.1,2.2,3.7,1.6,0.647,0.022,0.001,1.3,75
2021110,밀양,2025-10-13,20,6.9,8.3,1,2.1,0.4,1.032,0.024,0.009,1.1,64
2008101,군위,2025-09-13,22,7.4,8.3,0.9,5.2,0.5,2.17,0.017,0.004,1.9,105
2001110,안동,2025-09-13,11,7.1,6.8,1.7,2.4,0.5,1.621,0.02,0.002,0.9,134
2015110,합천,2025-09-13,17,8.1,8.9,0.7,2.6,2.2,1.853,0.019,0.003,8.8,86
2021110,밀양,2025-09-13,26,6.9,7.1,0.7,1.4,0.9,1.104,0.022,0,1.1,64
5101110,장흥,2025-09-13,29,7.4,9,2.2,3.2,0.9,0.707,0.042,0,2.5,76
1006110,횡성,2025-09-13,25,8.3,8.9,1.6,2.3,0.7,2.918,0.015,0,3.9,101
1003110,충주,2025-09-13,22,7.5,9.8,1.1,2.2,3.6,2.032,0.027,0.02,4.1,212
4007110,주암(본),2025-09-13,14,6.5,3.3,1.8,3,1.2,1.423,0.028,0.004,1.1,83
3203110,보령,2025-09-13,25,7.3,8.9,1.4,1.9,2.4,2.512,0.013,0.004,3.4,113
2018110,남강,2025-09-13,25,8.3,5.8,1.1,3.6,3,0.935,0.03,0.022,1.6,91
1012110,소양강,2025-09-13,15,7.4,10.2,1.4,2.4,6.8,2.135,0.02,0.002,23,43
3303110,부안,2025-09-13,23,6.1,8.7,1.6,3.8,2.5,1.42,0.007,0,1,53
4001110,섬진강,2025-09-13,19,8.1,11,1.8,3,4,1.45,0.014,0,4,104
2002110,임하,2025-09-13,22,7,9.3,2,3.9,1,1.891,0.017,0.003,0.9,166
3001110,용담,2025-09-13,18,6.6,3.7,0.9,2.7,0.4,1.894,0.01,0,1.1,119
3008110,대청,2025-09-13,22,7.4,3.3,1.2,2.5,1.4,2.18,0.013,0.001,0.8,144
3203110,보령,2025-08-13,27,7.1,8.7,1,1.8,2.5,2.452,0.014,0.003,4.6,112
1003110,충주,2025-08-13,18,8.2,10,1.4,1.7,0.8,2.592,0.042,0.017,14.2,183
5101110,장흥,2025-08-13,26,7.6,11.3,1.9,2.8,1.2,0.901,0.032,0.002,1.6,64
3001110,용담,2025-08-13,22,6.4,6.5,1,3,0.4,1.681,0.013,0.004,2.7,94
2018110,남강,2025-08-13,28,8.2,8.4,1.6,3.4,5.8,1.856,0.039,0.022,4.2,83
2021110,밀양,2025-08-13,27,6.9,7.3,1,2.2,1.6,1.226,0.039,0.003,2.3,57
2001110,안동,2025-08-13,15,7.1,6.9,1.5,2.6,1,1.387,0.023,0,1.2,120
4001110,섬진강,2025-08-13,22,7.6,10.1,1.9,3.2,3.8,1.622,0.018,0.001,4.7,94
2008101,군위,2025-08-13,21,8.5,10.4,0.9,5.1,0.9,2.328,0.012,0.003,4,106
2015110,합천,2025-08-13,15,8,7.2,0.7,2.4,6.2,2.052,0.046,0.028,12.8,84
1006110,횡성,2025-08-13,25,8.1,8.4,2.4,3.6,8.7,2.863,0.029,0.018,17.7,143
3303110,부안,2025-08-13,24,6.7,8.1,1.4,3.4,1.5,1.221,0.004,0,1.1,63
2002110,임하,2025-08-13,25,7.1,6.1,2.3,4,1.2,1.628,0.026,0.006,4.4,176
4007110,주암(본),2025-08-13,20,7.1,3.3,1.5,3.2,1.4,1.212,0.016,0.002,0.8,65
3008110,대청,2025-08-13,22,7,4.2,1,3,2,2.241,0.022,0.001,0.9,155
1012110,소양강,2025-08-13,17,7.9,10.1,1.9,3.5,10.4,2.261,0.021,0.002,33.3,68
2021110,밀양,2025-07-13,23,6.9,8.3,1,1.7,0.5,1.411,0.006,0.003,0.5,57
1003110,충주,2025-07-13,23,7.5,8.2,1.5,2.2,0.3,2.448,0.04,0.014,3,208
2001110,안동,2025-07-13,14,7.8,7.2,1.5,3,1.5,1.417,0.021,0,0.8,112
2018110,남강,2025-07-13,27,8.4,8.6,1.3,3.6,32.4,1.983,0.042,0.015,24.6,82
3008110,대청,2025-07-13,17,7.8,7.4,1.1,3.1,2,2.047,0.015,0.003,1.4,144
4007110,주암(본),2025-07-13,8,8,7.4,1.3,3,1.8,0.731,0.017,0.003,6.2,64
4001110,섬진강,2025-07-13,19,8,9.9,1.4,2.9,1.4,1.626,0.014,0.001,3.9,96
3303110,부안,2025-07-13,22,6.6,8.8,1.4,3.5,1.3,0.921,0.005,0,1.9,63
2002110,임하,2025-07-13,21,7,7.9,2,4.1,1.5,1.661,0.019,0.002,1.9,168
3203110,보령,2025-07-13,26,7.2,8.6,1.3,2.4,3.2,1.865,0.013,0.007,3.8,107
5101110,장흥,2025-07-13,24,7.5,11.3,2,2.8,2,0.849,0.057,0.002,2.5,64
2015110,합천,2025-07-13,13,7.9,8.9,0.6,2.2,1.7,1.822,0.014,0.006,1.2,86
1012110,소양강,2025-07-13,13,7.2,8.5,1.1,2.2,0.8,2.105,0.015,0.001,0.9,80
2008101,군위,2025-07-13,19,9.2,9.8,1,5.1,3.2,2.083,0.015,0.005,5.6,101
3001110,용담,2025-07-13,20,7.3,9.7,0.8,2.7,0.6,1.579,0.016,0,1.2,92
1006110,횡성,2025-07-13,19,7.7,8.9,1,1.7,2.1,3.945,0.015,0,2.2,102
2002110,임하,2025-06-13,11,7.7,9.3,1.8,3.9,0.5,1.596,0.017,0,1.2,115
4007110,주암(본),2025-06-13,7,6.4,10.7,2,3,1.6,0.809,0.016,0.003,2.5,72
2015110,합천,2025-06-13,10,7.7,9.2,0.7,2.2,0.7,1.601,0.011,0.003,0.9,90
2008101,군위,2025-06-13,15,7.5,11.5,0.8,4.4,0.4,2.002,0.016,0.005,2.4,105
1003110,충주,2025-06-13,19,8.1,11.2,1.5,2.4,0.2,2.64,0.035,0.024,2.7,208
1006110,횡성,2025-06-13,17,7.8,9.6,1.1,1.5,2,3.575,0.008,0,3.2,97
2021110,밀양,2025-06-13,22,6.9,8.9,0.9,1.8,1.3,1.017,0.007,0,3.1,51
5101110,장흥,2025-06-13,22,7.5,9,2,2.8,2.2,0.998,0.016,0.002,3.1,75
2018110,남강,2025-06-13,21,7.9,9.4,1,2.4,3.4,1.406,0.03,0.003,2.4,92
3008110,대청,2025-06-13,13,7,9.3,1.1,3.2,1.8,2.055,0.026,0.003,1.7,130
1012110,소양강,2025-06-13,8,7.2,9.6,1.3,2.2,1,1.816,0.011,0.006,1.4,77
3203110,보령,2025-06-13,24,7.3,9,0.9,2.2,2.8,1.245,0.011,0.006,4.5,108
4001110,섬진강,2025-06-13,18,8.4,10.8,1.3,2.9,0.4,1.736,0.014,0.001,5,104
3001110,용담,2025-06-13,15,7.4,10.6,1,3.4,2.2,1.538,0.014,0.004,1.3,96
3303110,부안,2025-06-13,19,6.9,10,1.3,3.1,0.7,1.065,0.003,0,1.6,62
2001110,안동,2025-06-13,15,7.4,8.1,1.5,3.3,0.8,1.534,0.013,0,1.2,116
2018110,남강,2025-05-13,17,8.6,9.9,1,2.5,5.6,1.428,0.01,0.003,4.5,160
4007110,주암(본),2025-05-13,7,7.3,11.1,2,2.8,1,0.745,0.019,0.002,1.5,62
1012110,소양강,2025-05-13,9,7.1,12.1,1.1,2,0.8,1.858,0.008,0.001,0.7,92
2002110,임하,2025-05-13,11,7.7,9.3,1.8,3.9,0.5,1.596,0.017,0,1.2,115
3203110,보령,2025-05-13,18,7.2,9.1,1.2,2.3,2.4,2.849,0.006,0.002,2,105
4001110,섬진강,2025-05-13,14,8,11.8,1.3,2.9,0.4,1.736,0.014,0.001,5,115
2021110,밀양,2025-05-13,15,6.9,9.1,0.8,1.6,1.6,0.978,0.014,0.006,2.3,50
2008101,군위,2025-05-13,20,9,10.6,1.4,4.9,2.3,2.04,0.015,0.98,1,101
1006110,횡성,2025-05-13,12,7.6,11.7,1.2,2.2,1.5,2.885,0.01,0.004,1.8,103
5101110,장흥,2025-05-13,16,7.8,9.8,2.3,3.2,3.7,0.838,0.022,0,2.9,65
3008110,대청,2025-05-13,8,7.9,11.2,1.2,3.1,0.8,1.95,0.011,0.001,0.8,140
3303110,부안,2025-05-13,14,7,10.9,1.1,2.8,0.7,1.219,0.005,0,1.3,61
2001110,안동,2025-05-13,10,7.9,9.6,1.5,3.2,0.5,1.535,0.092,0,1.1,113
3001110,용담,2025-05-13,13,7.3,10.5,0.7,2.7,0.8,1.481,0.008,0,2.1,90
1003110,충주,2025-05-13,11,7.8,10.4,1.4,1.9,0.4,2.448,0.031,0.011,2.8,206
2015110,합천,2025-05-13,8,7.6,11.5,0.5,2.2,1.4,2.506,0.014,0.003,2.2,88
2002110,임하,2025-04-13,8,7.6,10.1,1.7,4,1,1.597,0.018,0.001,1.5,110
3008110,대청,2025-04-13,6,7.8,11.9,1.1,2.8,1.2,1.117,0.013,0.002,0.8,138
2021110,밀양,2025-04-13,12,6.9,10.1,0.7,1.6,0.8,0.989,0.012,0.005,1.2,53
2018110,남강,2025-04-13,13,7,11.6,0.8,2.2,2,1.651,0.011,0.007,1.7,84
1006110,횡성,2025-04-13,8,7.5,12.6,1.5,2.1,1.5,2.542,0.015,0.002,0.5,103
1003110,충주,2025-04-13,7,8,12.2,1.6,2.4,0.6,2.016,0.035,0.014,2.6,206
4007110,주암(본),2025-04-13,6,7.5,12.5,0.8,2.4,1.4,0.723,0.017,0.003,3.1,59
5101110,장흥,2025-04-13,11,7.9,8.6,1.8,2.7,1.6,1.023,0.016,0,2.3,64
3303110,부안,2025-04-13,9,6.7,11.8,0.8,2.9,1,1.235,0.006,0,1.6,61
4001110,섬진강,2025-04-13,9,7.6,13.8,1.2,2.9,1.2,1.532,0.008,0.001,1.2,97
3203110,보령,2025-04-13,9,7.3,9,1.3,1.4,2.8,1.898,0.016,0.007,2.7,112
1012110,소양강,2025-04-13,8,7.7,11.5,1.1,2.2,0.7,1.785,0.008,0.002,0.8,78
2001110,안동,2025-04-13,9,7.5,11.1,1.1,2.6,0.5,1.493,0.016,0,1.1,108
2008101,군위,2025-04-13,9,8.4,14,1.3,4.7,3.9,2.093,0.012,0.004,2.1,101
3001110,용담,2025-04-13,7,7.2,12.1,0.7,2.6,0.8,1.397,0.012,0,1.7,95
2015110,합천,2025-04-13,6,7.6,12.5,0.7,2.5,3.4,2.572,0.03,0.017,2,85
3001110,용담,2025-03-13,5,7.1,11.6,0.9,2.8,0.4,1.613,0.022,0.006,2.5,92
2018110,남강,2025-03-13,11,6.6,13.6,0.9,2.6,3.8,2.554,0.026,0.004,4.6,123
2008101,군위,2025-03-13,4,7.6,15.1,1.5,4.6,1.4,1.934,0.015,0.001,2.2,102
2001110,안동,2025-03-13,7,6.8,10,1.2,2.7,1,1.529,0.013,0,1.6,100
2021110,밀양,2025-03-13,7,6.9,10.8,0.9,1.8,1.2,1.164,0.007,0.004,1.9,58
1006110,횡성,2025-03-13,6,7.2,10.4,1.9,2,1.6,3.224,0.02,0.005,1.2,91
2015110,합천,2025-03-13,6,7.4,12,1,2.7,2.2,2.112,0.024,0.006,3.2,83
2002110,임하,2025-03-13,8,6.9,11.5,1.9,4.2,1,1.563,0.018,0,2.8,101
4007110,주암(본),2025-03-13,5,7.4,12.3,1.1,2.4,0.8,0.812,0.014,0.001,3.8,59
3303110,부안,2025-03-13,7,6.3,12,0.9,3,1.1,1.286,0.008,0,1.3,65
5101110,장흥,2025-03-13,6,7.6,10.8,1.9,2.6,0.7,0.889,0.018,0,2.8,86
3008110,대청,2025-03-13,5,8.7,12.3,1.1,2.9,1.3,1.448,0.016,0.003,1,136
3203110,보령,2025-03-13,3,7.3,9.8,1.1,2.5,2.6,2.215,0.016,0.006,2.8,107
1003110,충주,2025-03-13,9,8.3,13.6,1.4,1.7,0.4,2.112,0.035,0.008,2.8,181
1012110,소양강,2025-03-13,4,7.4,11.1,1,2.1,0.5,1.815,0.006,0.001,0.7,68
4001110,섬진강,2025-03-13,4,7.1,14.2,1.2,3.1,1.3,1.569,0.013,0.001,1.2,95
3203110,보령,2025-02-13,3,7.3,10.9,1,2.3,2.3,1.678,0.014,0.006,2.5,108
3303110,부안,2025-02-13,6,6.5,12.1,0.8,3.1,1.1,0.929,0.004,0,1.6,63
2002110,임하,2025-02-13,7,7.5,10,1.5,3.7,1,1.491,0.02,0,2.1,116
1012110,소양강,2025-02-13,5,7,11.5,1,1.9,1.1,1.774,0.005,0.001,1,53
4001110,섬진강,2025-02-13,4,7.2,13.1,1.1,2.8,1.3,1.625,0.009,0.001,2.4,94
3001110,용담,2025-02-13,5,6.9,10.1,0.7,2.8,0.4,1.933,0.008,0,4,90
2015110,합천,2025-02-13,6,7.2,11.2,0.6,2.9,1.9,1.599,0.042,0.018,3,83
1006110,횡성,2025-02-13,2,7,12.5,0.9,1.3,0.9,3.045,0.01,0.004,1.1,92
1003110,충주,2025-02-13,5,8.1,11.2,1.4,2.1,0.2,2.112,0.023,0.005,2.7,224
2021110,밀양,2025-02-13,5,6.8,10.9,0.9,1.7,1.1,1.295,0.003,0.001,1.9,58
5101110,장흥,2025-02-13,7,7.5,10.8,1.7,2.9,3.1,1.152,0.024,0.001,3.6,70
2001110,안동,2025-02-13,7,7.1,9.7,1,2.7,1,1.506,0.014,0,1.5,116
4007110,주암(본),2025-02-13,5,7.2,11.5,1.3,2.2,0.6,0.798,0.012,0.002,3.6,59
2018110,남강,2025-02-13,4,7.1,14.7,1.3,2.8,4.8,1.992,0.026,0,5.4,117
3008110,대청,2025-02-13,5,8,12,1.1,3.2,1.4,1.28,0.014,0.003,1,122
2008101,군위,2025-02-13,4,7.1,12.5,1.8,5,1.9,1.915,0.035,0.003,2.2,102
4007110,주암(본),2025-01-13,6,6.6,9.7,1.1,2.6,0.9,0.812,0.013,0.001,4.2,71
3008110,대청,2025-01-13,6,8.2,11.6,0.9,2.2,0.8,1.492,0.013,0.005,1.5,128
2008101,군위,2025-01-13,3,7.3,14.3,1.6,5.4,1.7,1.723,0.017,0.005,1.5,111
2002110,임하,2025-01-13,8,7.2,8.9,1.2,4,1.5,1.529,0.02,0,3.4,106
3001110,용담,2025-01-13,6,6.8,8.7,0.8,2.7,0.8,1.606,0.01,0.006,2.6,90
2021110,밀양,2025-01-13,3,6.8,11.4,0.7,1.3,1.3,0.948,0.016,0.004,1.9,73
1003110,충주,2025-01-13,4,8,14.7,1.5,5.6,0.8,2.016,0.024,0.011,4.2,66
1012110,소양강,2025-01-13,5,7.7,10.6,1,1.8,0.5,1.761,0.006,0.001,0.8,39
2018110,남강,2025-01-13,3,7.6,13.4,1.1,2.4,3.2,1.719,0.025,0,3.9,128
4001110,섬진강,2025-01-13,5,7,10.2,1.4,3,1.8,1.513,0.011,0.004,3.3,94
3203110,보령,2025-01-13,3,7.3,9.9,0.9,2.2,2.4,1.725,0.014,0.005,2.6,108
2015110,합천,2025-01-13,7,7.1,9.8,1.2,2.8,1.2,1.525,0.016,0.01,3.2,80
3303110,부안,2025-01-13,7,6.5,10.4,0.7,3.1,1.4,0.853,0.007,0,1.4,59
1006110,횡성,2025-01-13,1,7,13.2,0.8,1.5,1,3.012,0.014,0.005,1,88
2001110,안동,2025-01-13,9,7.3,8.9,0.9,2.8,1,1.517,0.013,0,2.8,110
5101110,장흥,2025-01-13,7,7.2,9.9,1.2,2.6,2.2,0.685,0.025,0.001,1.3,67
1006110,횡성,2020-12-12,8,7.2,8.2,1.4,2,0.4,3.385,0.008,0.003,1.8,100
3203110,보령,2020-12-12,8,7.4,9.2,0.9,2.4,2.5,1.723,0.015,0.005,2.8,107
2001110,안동,2020-12-12,11,7.5,6.8,1.3,2.8,1,1.481,0.011,0.002,1.4,117
2015110,합천,2020-12-12,12,77,9.8,1,2.8,2,1.761,0.012,0.007,4.3,79
3001110,용담,2020-12-12,11,7.1,8,0.8,2.7,0.4,1.385,0.013,0.006,0.9,90
2002110,임하,2020-12-12,10,7.2,6.9,1.8,4,2.5,1.551,0.018,0.001,5.1,113
3303110,부안,2020-12-12,11,6.5,9.5,0.6,3.2,1.2,0.944,0.007,0.004,1.6,58
2018110,남강,2020-12-12,9,8,8.3,0.9,2.7,4.2,1.433,0.026,0,5.2,98
1003110,충주,2020-12-12,12,7.4,12.7,0.9,2.3,1.6,2.171,0.036,0.012,4.5,227
5101110,장흥,2020-12-12,11,7.2,11.9,1.1,2.5,1.8,0.712,0.013,0.001,3,68
3008110,대청,2020-12-12,9,7.9,10.2,1,3.1,0.9,1.437,0.01,0.004,2.1,119
1012110,소양강,2020-12-12,11,6.9,8.6,1,1.8,0.2,1.742,0.012,0.002,1.4,70
2021110,밀양,2020-12-12,10,6.8,10.9,0.7,1.2,2.8,0.995,0.018,0.005,3.6,50
4007110,주암(본),2020-12-12,12,6.7,8.6,1.1,2.4,1.8,0.844,0.018,0.002,2.8,57
4001110,섬진강,2020-12-12,10,7.1,8.5,1.5,3.4,3.3,1.706,0.015,0.005,4.1,89
2015110,합천,2020-12-11,17,6.9,10.1,0.7,3,1.5,1.883,0.017,0.012,5.3,85
3001110,용담,2020-12-11,16,7.4,11.1,0.8,2.9,0.4,1.774,0.022,0.01,1,57
1003110,충주,2020-12-11,15,7.9,11.3,1.5,2.8,1.2,2.658,0.008,0.003,2.3,211
1012110,소양강,2020-12-11,13,7,8.1,1.1,1.6,0.5,1.669,0.01,0.005,0.9,64
3203110,보령,2020-12-11,13,7.4,8.9,0.8,2.2,2.5,1.686,0.014,0.005,2.8,102
2018110,남강,2020-12-11,15,7.2,8.3,0.9,2.3,3.4,1.161,0.022,0.003,5.9,96
2001110,안동,2020-12-11,15,7.3,6,1.5,2.8,2.5,1.461,0.014,0,4.8,120
4007110,주암(본),2020-12-11,17,6.8,6.7,1.1,2.8,2,0.842,0.009,0.002,1.4,58
2002110,임하,2020-12-11,16,6.8,5,1.8,3.9,11,1.505,0.022,0,26.1,110
3303110,부안,2020-12-11,17,6.6,7.9,1.1,3.4,1.2,0.916,0.01,0.003,1.7,71
3008110,대청,2020-12-11,17,6.9,7.3,0.7,3.7,1.4,1.562,0.018,0.006,4.4,100
4001110,섬진강,2020-12-11,16,7,8.4,1.6,3.4,3.6,1.735,0.022,0.009,4.2,90
5101110,장흥,2020-12-11,17,6.8,11.3,1.1,2.6,2.7,0.787,0.013,0.001,2.6,65
2021110,밀양,2020-12-11,14,6.9,9.2,0.7,1.4,1.1,1.25,0.038,0.002,0.8,38
1006110,횡성,2020-12-11,15,6.9,7.4,1,1.8,0.2,2.437,0.011,0.002,1,90
3303110,부안,2020-12-10,20,6.2,7.6,1,3.4,1.2,1.522,0.01,0.005,1.6,67
5101110,장흥,2020-12-10,24,7.2,10.3,0.7,3.2,3.7,1.003,0.02,0.001,3,64
4007110,주암(본),2020-12-10,19,6.5,5.8,0.8,2.2,1.4,1.165,0.007,0.002,2.2,54
3008110,대청,2020-12-10,19,8,6.7,1.3,3.4,5.2,1.54,0.012,0.008,15.1,78
2021110,밀양,2020-12-10,20,6.8,8.8,1,1.8,1.1,0.88,0.011,0.003,1.4,68
2015110,합천,2020-12-10,18,7.2,10.1,1.1,3.4,27.1,1.87,0.168,0.062,83,67
2018110,남강,2020-12-10,17,7.1,6.7,0.8,3,15,1.415,0.075,0.026,28.6,62
1003110,충주,2020-12-10,18,8,12.2,1.4,2.7,2.1,2.745,0.034,0.019,2.7,231
2001110,안동,2020-12-10,17,7.2,4.2,1.4,3,1.5,1.502,0.02,0,3.2,108
4001110,섬진강,2020-12-10,22,7.6,8.9,1.5,3.4,3.5,1.938,0.038,0.012,3.9,106
3203110,보령,2020-12-10,21,7.5,9.5,0.8,2,2.5,1.428,0.013,0.004,1.8,96
1012110,소양강,2020-12-10,14,6.9,7.3,1.3,2.2,0.8,1.905,0.012,0.002,1.4,62
3001110,용담,2020-12-10,19,7.4,6.2,0.7,2.8,0.4,2.067,0.036,0.017,1.7,91
2002110,임하,2020-12-10,17,6.6,4.9,1.7,3.9,15.5,1.499,0.023,0,37,91
1006110,횡성,2020-12-10,19,7.9,9.1,2,2.5,0,2.616,0.014,0.013,0.4,98
1003110,충주,2020-12-09,24,7.1,10.8,1.4,2.6,4.8,2.149,0.022,0.017,7,553
5101110,장흥,2020-12-09,26,9,11.9,1.6,4.8,4.4,2.341,0.047,0.004,10.1,73
2002110,임하,2020-12-09,18,6.9,3.7,2.2,4,7,1.522,0.027,0,14.5,119
2021110,밀양,2020-12-09,23,6.6,8.1,0.4,2.7,3.2,1.808,0.01,0.002,4.3,58
3203110,보령,2020-12-09,25,7.4,8.6,0.7,2,2.2,1.375,0.01,0.002,2.1,109
4001110,섬진강,2020-12-09,23,7.2,8.2,1.5,3.4,3.7,2.048,0.024,0.005,6.4,102
3303110,부안,2020-12-09,24,6,5.9,1,3.2,1.6,1.898,0.011,0.006,4.3,67
3001110,용담,2020-12-09,21,7.5,8.5,1,3.3,2.4,2.119,0.022,0.007,4,102
2015110,합천,2020-12-09,17,7.4,8.6,0.8,2.8,3,1.733,0.046,0.022,6.4,84
1006110,횡성,2020-12-09,21,7.9,9.9,1.4,2.4,0.5,2.714,0.02,0.01,2.7,92
4007110,주암(본),2020-12-09,20,5.9,6,1.7,2.2,1,1.426,0.013,0.002,1.8,62
2001110,안동,2020-12-09,17,7,4.1,1.8,2.9,3,1.441,0.017,0,5.6,108
1012110,소양강,2020-12-09,12,7.3,8,1.3,2.1,0.8,1.842,0.007,0.003,1.2,65
2018110,남강,2020-12-09,22,7,6.4,0.5,3.7,12.6,2.213,0.7,0.024,26.2,54
3008110,대청,2020-12-09,21,7.3,8.6,2.9,5.8,2.7,2.207,0.073,0.018,12.6,74
3008110,대청,2020-12-08,17,7.7,6.3,0.8,2,1.8,2.205,0.082,0.014,2.1,91
2002110,임하,2020-12-08,13,6.6,4.8,2,3.9,2,1.594,0.033,0.009,3.3,124
2018110,남강,2020-12-08,34,8.9,8.2,1,3.3,3.4,1.474,0.032,0.003,6.2,154
5101110,장흥,2020-12-08,27,8.9,9,0.9,2.4,1.3,1.021,0.016,0.001,3.6,76
1003110,충주,2020-12-08,19,7.9,9,1.2,2,3.9,3.394,0.034,0.014,4.4,208
4007110,주암(본),2020-12-08,8,7.7,6.7,1,2.2,2,1.425,0.008,0.002,1.6,65
3001110,용담,2020-12-08,23,7.6,8.9,1.2,3.3,3.6,1.948,0.039,0.005,3.2,98
2001110,안동,2020-12-08,10,6.8,5.6,1.5,2.8,2,1.356,0.025,0,3.1,110
3203110,보령,2020-12-08,27,7.5,8.4,0.9,2.2,2.4,1.286,0.007,0,2.2,108
2021110,밀양,2020-12-08,28,6.9,7.2,0.5,2.1,2.2,1.896,0.012,0,1.6,73
2015110,합천,2020-12-08,14,7.6,8.1,0.6,2.6,3.2,1.934,0.017,0,2.2,101
4001110,섬진강,2020-12-08,27,7.5,8.5,1.4,3.3,2.4,2.137,0.02,0.004,4.6,104
3303110,부안,2020-12-08,26,6.9,4.8,1.1,3.4,1.4,1.454,0.02,0.003,2.7,72
1006110,횡성,2020-12-08,27,8.2,9.8,1.9,2.7,1.5,2.914,0.018,0.004,2.9,114
1012110,소양강,2020-12-08,15,7,8.6,1.3,2.3,0.8,1.928,0.007,0,1,78
4001110,섬진강,2020-12-07,25,7.4,8.6,1.2,3,2.1,1.537,0.008,0.003,4.5,103
2021110,밀양,2020-12-07,23,7.6,8.1,0.8,1.6,0.6,1.215,0.019,0.002,1.2,51
1006110,횡성,2020-12-07,23,7.9,8.1,1.6,2.8,0.5,2.311,0.02,0.007,0.8,101
1012110,소양강,2020-12-07,11,7.2,11.6,1.3,2.2,0.6,1.869,0.02,0.001,1,72
2018110,남강,2020-12-07,34,8.9,8.2,1,3.2,3.2,0.509,0.01,0.005,6.2,154
5101110,장흥,2020-12-07,24,8.3,9.8,1,3.7,2.5,1.197,0.008,0,5,80
2002110,임하,2020-12-07,12,7.6,7,2.2,3.7,2.5,1.554,0.029,0.01,1.1,138
4007110,주암(본),2020-12-07,7,6.8,8.6,1.3,2.6,0.2,0.863,0.016,0.005,1.7,63
2015110,합천,2020-12-07,13,7.3,8.3,0.7,2.7,1.8,1.371,0.008,0,1.7,104
3001110,용담,2020-12-07,20,7.6,8.5,1,2.7,1.4,1.622,0.011,0.003,2,101
1003110,충주,2020-12-07,24,7.3,2.1,1.5,2.5,0.6,2.72,0.043,0,3.5,629
3008110,대청,2020-12-07,15,7.9,8.3,1.4,3.1,0.6,1.856,0.013,0.003,0.8,126
3203110,보령,2020-12-07,27,7.4,8.6,1.1,2.4,2,1.356,0.003,0,2.4,109
3303110,부안,2020-12-07,24,7.2,6.1,1.1,2.8,1.2,1.194,0.008,0.001,1.7,70
2001110,안동,2020-12-07,10,8,7.8,1.5,2.6,1,1.296,0.019,0,1.5,130
2021110,밀양,2020-12-06,20,6.9,8.7,0.4,1.5,0.2,1.273,0.006,0.002,0.7,50
4001110,섬진강,2020-12-06,20,7.6,8.7,1.2,2.9,1.9,1.856,0.01,0.003,2.4,102
2001110,안동,2020-12-06,8,7.5,10.1,1.9,2.8,1.5,1.431,0.011,0,1.8,112
1006110,횡성,2020-12-06,21,8.1,9.8,1,1.8,0.4,2.013,0.034,0.021,1.2,99
4007110,주암(본),2020-12-06,7,7.3,9.5,1.3,2.4,0.5,0.813,0.011,0.002,0.9,64
2002110,임하,2020-12-06,8,7.5,9.4,2.5,3.8,3,1.579,0.009,0,3.6,128
3203110,보령,2020-12-06,23,7.8,9.1,0.9,2,1.2,1.009,0.012,0.005,3,103
2018110,남강,2020-12-06,22,7.7,6.2,1,3.3,4.4,1.984,0.025,0.002,3.4,90
2015110,합천,2020-12-06,9,7.2,8.8,0.4,2.2,0.8,1.477,0.008,0.003,1.6,98
3001110,용담,2020-12-06,17,7,9.4,0.8,2.7,1.6,1.715,0.146,0.13,5.4,97
1003110,충주,2020-12-06,24,7.2,10,1.3,2.3,1,2.606,0.169,0.134,12,639
5101110,장흥,2020-12-06,23,8.2,9,1.6,3.2,1,0.949,0.01,0.002,3.2,74
3008110,대청,2020-12-06,13,7.5,9.2,1.4,2.7,1,1.851,0.011,0.003,1.2,93
3303110,부안,2020-12-06,23,7.1,7.4,0.9,3.6,1.4,1.19,0.017,0.007,1.3,70
1012110,소양강,2020-12-06,11,7.1,12.1,1.1,2.1,0.8,2.002,0.01,0.001,1,99
3203110,보령,2020-12-05,21,7.4,10.2,1.2,2.6,2.4,0.558,0.001,0,1.9,100
1003110,충주,2020-12-05,22,6.9,6.1,1.3,2.4,1.2,2.077,0.03,0.024,1.5,734
3001110,용담,2020-12-05,15,7.4,11.5,0.9,2.6,3.4,1.712,0.009,0.003,3,104
2001110,안동,2020-12-05,9,7.5,9.8,1.9,2.7,1.5,1.469,0.011,0,1.7,128
4007110,주암(본),2020-12-05,8,7.6,11.5,1.5,2.6,0.4,0.852,0.015,0.002,0.9,68
2002110,임하,2020-12-05,7,7,9.8,2.2,3.8,3,1.631,0.015,0,3.6,136
2018110,남강,2020-12-05,18,7.2,5.3,0.9,2.8,4.6,2.25,0.026,0,5.8,81
4001110,섬진강,2020-12-05,17,7.7,8.6,1.2,2.9,2.1,1.734,0.009,0.002,2.9,102
3008110,대청,2020-12-05,12,7.9,10.4,1.6,3.6,0.8,2.151,0.018,0.005,0.7,120
2021110,밀양,2020-12-05,14,6.8,9.9,0.9,1.6,0.8,1.108,0.003,0,0.7,54
3303110,부안,2020-12-05,17,6.7,8.2,0.8,3.4,1.4,1.099,0.025,0.007,1.2,68
2015110,합천,2020-12-05,9,7.2,10.2,0.9,2.4,0.8,1.837,0.006,0.004,0.6,98
1012110,소양강,2020-12-05,7,7.2,12,1.2,2.3,0.1,1.992,0.017,0.001,0.2,95
1006110,횡성,2020-12-05,14,8.2,10.8,0.9,1.4,0.6,1.761,0.019,0.011,0.8,81
5101110,장흥,2020-12-05,14,7.6,9.7,1.6,3.2,2.4,1.18,0.02,0.002,2.6,74
3203110,보령,2020-12-04,14,7.4,10.8,1,2.6,2,1.042,0.011,0.003,2,110
2015110,합천,2020-12-04,7,7.2,10.1,0.5,2.5,1,1.362,0.01,0.004,1.5,94
4001110,섬진강,2020-12-04,6,7.5,10.9,1.1,2.8,1.2,1.684,0.009,0.002,2.6,100
5101110,장흥,2020-12-04,12,7.4,12.5,2.4,3.2,2.8,0.786,0.034,0.002,3,83
1012110,소양강,2020-12-04,7,7.1,12.8,1,2,0.6,1.829,0.007,0.002,0.5,51
2021110,밀양,2020-12-04,8,7,11.2,0.4,1.8,1,1.958,0.014,0.004,2,60
1003110,충주,2020-12-04,10,7.8,7.5,1.3,2.3,1.8,2.537,0.031,0.028,15.1,479
1006110,횡성,2020-12-04,8,7.4,11.1,1,1.6,2.4,2.019,0.015,0,1.2,76
3001110,용담,2020-12-04,8,7.3,11.6,0.9,2.7,1.6,1.682,0.02,0.009,2.5,97
2018110,남강,2020-12-04,12,7.2,7.6,0.4,2.4,3.6,1.868,0.044,0.005,4.4,140
3008110,대청,2020-12-04,7,7.9,11.8,1.5,2.4,0.6,1.782,0.014,0.003,0.8,117
2001110,안동,2020-12-04,6,6.9,10.5,1.9,2.9,2.5,1.402,0.015,0,3.6,100
2002110,임하,2020-12-04,6,6.8,10.2,2.6,4,3,1.591,0.016,0,4.1,108
3303110,부안,2020-12-04,9,6.8,8.2,0.9,2.3,1.2,0.958,0.011,0.006,1.3,66
4007110,주암(본),2020-12-04,7,7.8,12.4,1.1,2.8,1.8,0.844,0.007,0.002,3.8,67
2015110,합천,2020-12-03,6,7.2,11.8,1.1,2.3,0.8,1.26,0.005,0,0.8,99
2001110,안동,2020-12-03,6,7,10.2,1.6,2.3,1,1.529,0.01,0.003,0.8,101
4007110,주암(본),2020-12-03,4,7.4,13.2,1.8,2.8,0.4,0.761,0.008,0.003,2.6,63
3203110,보령,2020-12-03,8,7.4,11.4,1,2.5,1.8,1.684,0.018,0.007,2.2,120
1006110,횡성,2020-12-03,4,7.4,12.1,0.7,1.2,0.1,1.858,0.01,0.005,0.8,85
2018110,남강,2020-12-03,8,8.1,10.1,0.4,3.6,1.4,1.961,0.015,0.007,1.7,130
4001110,섬진강,2020-12-03,4,7.6,10.8,1.2,3,1.1,1.567,0.009,0.004,2.1,94
2002110,임하,2020-12-03,4,7,10,2.9,3.8,2,1.742,0.01,0.002,1.3,109
3303110,부안,2020-12-03,5,6.2,9.3,1.1,2,1.2,0.977,0.009,0.003,1.6,65
2021110,밀양,2020-12-03,8,7.1,11.4,0.8,1.9,0.4,1,0.012,0,1.4,60
3008110,대청,2020-12-03,6,7.9,12.3,1.1,2.6,1,1.226,0.012,0.003,2.5,260
5101110,장흥,2020-12-03,4,7.6,12.5,1.1,3.4,1.1,1.121,0.012,0.002,1.2,75
1012110,소양강,2020-12-03,5,7.2,12.8,1.1,2.2,1.2,1.897,0.005,0.002,0.4,89
3001110,용담,2020-12-03,5,6.9,10.6,0.9,2.3,0.4,1.615,0.006,0.002,4,91
1003110,충주,2020-12-03,7,7.2,14.3,1.3,2.3,2.8,2.527,0.028,0.025,4.1,715
5101110,장흥,2020-12-02,4,7,11.7,2.6,2.9,1.3,1.193,0.021,0.002,1,86
1006110,횡성,2020-12-02,2,7.9,12.8,0.8,1.1,1.4,1.344,0.008,0.001,1,63
2015110,합천,2020-12-02,6,7.4,10.8,0.9,2.6,1.2,1.457,0.008,0,0.8,96
1003110,충주,2020-12-02,7,7.2,9.6,1.4,2.4,2.8,2.262,0.027,0.023,4.1,715
2001110,안동,2020-12-02,5,7,9,1.5,2.5,2,1.591,0.01,0.003,2.1,105
2021110,밀양,2020-12-02,4,6.9,10.2,0.5,1.1,0.2,1.024,0.01,0,0.3,34
1012110,소양강,2020-12-02,4,7.3,13.2,1.3,2.3,0.8,1.629,0.009,0.002,0.8,92
3203110,보령,2020-12-02,5,7.3,11.6,0.9,2,1.5,1.466,0.018,0.006,1.8,109
3303110,부안,2020-12-02,4,6.7,9.1,0.6,1.8,1,0.992,0.007,0.003,1.7,68
3008110,대청,2020-12-02,5,7.6,11.5,1.2,2.1,0.8,1.165,0.008,0.004,0.9,136
3001110,용담,2020-12-02,5,7.6,10.6,0.9,2.7,0.4,1.467,0.012,0.004,2.3,97
2002110,임하,2020-12-02,5,7.2,8.9,2.1,3.5,1,1.687,0.01,0.004,1.6,112
4001110,섬진강,2020-12-02,4,7,11.8,1.3,3,1.2,1.634,0.01,0.004,2,90
2018110,남강,2020-12-02,5,8,11.5,0.6,2.2,1.8,1.617,0.017,0,1.3,126
4007110,주암(본),2020-12-02,5,7.1,11.4,1.6,2.7,1.2,0.84,0.007,0.003,3.1,67
3203110,보령,2020-12-01,4,7.4,15.6,0.8,1.8,1.2,1.315,0.007,0.002,1.3,129
4007110,주암(본),2020-12-01,7,6.7,10.1,1.4,2.8,0.8,0.654,0.009,0,0.5,72
1006110,횡성,2020-12-01,4,7.5,10.9,1.4,2,2,1.917,0.011,0.007,1.3,60
2018110,남강,2020-12-01,5,7.7,12.9,0.9,2.8,3.8,1.046,0.024,0.008,1.9,116
2001110,안동,2020-12-01,5,7.4,8.9,1.3,2.4,2.5,1.608,0.01,0,2,110
3001110,용담,2020-12-01,8,7.5,11.7,0.9,2.7,0.4,1.557,0.008,0.007,1.3,106
2015110,합천,2020-12-01,9,7.7,10.8,0.4,2.5,2,1.314,0.018,0,1.1,87
4001110,섬진강,2020-12-01,6,7.3,8.1,1.3,3,1.4,1.662,0.011,0.006,2.5,97
3008110,대청,2020-12-01,8,7.7,11.1,1.3,2.9,0.4,1.478,0.012,0.003,1,149
2021110,밀양,2020-12-01,3,6.9,10.8,0.6,1.5,0.4,1.066,0.006,0,1.2,33
5101110,장흥,2020-12-01,7,7.2,11.4,2.2,3,1.9,1.003,0.014,0.002,1.3,76
2002110,임하,2020-12-01,3,7.2,9.5,2.3,3.9,4.5,1.795,0.012,0,1.2,192
1003110,충주,2020-12-01,8,7.3,11.5,1.4,2.3,1.6,2.257,0.029,0.026,4.5,611
3303110,부안,2020-12-01,7,6.6,9,0.8,3,2,0.785,0.005,0.002,2,58
1012110,소양강,2020-12-01,8,7.1,12.7,1.1,2,0.8,1.513,0.005,0.001,1.6,91
1003110,충주,2020-11-12,10,7.9,9.2,1.3,2.4,1.2,2.214,0.025,0.023,5.2,503
1006110,횡성,2020-11-12,10,7.7,10.2,1.3,1.8,1.2,3.905,0.008,0.002,2,92
2015110,합천,2020-11-12,15,7.5,9.2,0.8,3.1,2,1.904,0.016,0.009,1,192
1012110,소양강,2020-11-12,12,7.1,11.4,1,2.1,0.8,1.525,0.006,0.002,2.1,88
4001110,섬진강,2020-11-12,10,7.3,7.9,1.6,3.1,1.6,1.583,0.011,0.003,3.5,93
3008110,대청,2020-11-12,13,7.7,8.1,1.1,2.9,2.4,1.539,0.008,0,0.9,125
3001110,용담,2020-11-12,14,7.5,9.3,0.9,2.6,1.2,1.883,0.011,0.002,7.3,74
3203110,보령,2020-11-12,9,7.4,10.3,1.2,2.2,1.6,1.412,0.018,0.006,1.6,129
2021110,밀양,2020-11-12,10,7,8.6,0.9,1.2,0.4,0.832,0.004,0,0.4,105
4007110,주암(본),2020-11-12,13,6.4,7.8,0.7,2.6,0.6,0.793,0.011,0.002,0.8,77
2018110,남강,2020-11-12,12,7.3,11.2,1.1,2.7,4,1.37,0.02,0.006,2.7,121
5101110,장흥,2020-11-12,13,7.2,9.9,1.4,2.8,1.2,1.134,0.01,0.002,1.1,68
3303110,부안,2020-11-12,13,6.5,9.1,0.6,2.9,2.5,1.225,0.003,0,1.4,61
2002110,임하,2020-11-12,10,6.8,6.1,2.4,3.8,5.5,1.592,0.024,0.002,6.2,132
2001110,안동,2020-11-12,11,7.1,8.8,1.8,2.5,1,1.501,0.012,0.003,0.6,108
2018110,남강,2020-11-11,19,7.7,14.4,1.1,2.7,1.6,1.304,0.016,0.008,1.9,154
4007110,주암(본),2020-11-11,18,7,7.6,1.1,2.4,0.6,0.984,0.017,0.003,1.4,63
2002110,임하,2020-11-11,16,7.1,7.8,2.1,3.6,2,1.381,0.029,0.01,2.9,153
1006110,횡성,2020-11-11,16,7.6,7.4,0.8,1.3,2.1,2.444,0.02,0.004,0.5,83
2001110,안동,2020-11-11,15,7,5.8,1.6,2.7,2.5,1.459,0.016,0.009,2.7,149
3203110,보령,2020-11-11,17,7.2,10.6,1.4,2.5,2.6,1.312,0.015,0.006,2,132
5101110,장흥,2020-11-11,18,7.3,10.9,1.1,3,1.5,0.904,0.019,0.005,1.1,69
3303110,부안,2020-11-11,18,6.9,9.4,0.2,2.1,1.5,1.109,0.009,0.004,1.2,58
3001110,용담,2020-11-11,17,7.8,0.7,0.7,2.7,0.8,1.681,0.019,0.008,3.2,71
4001110,섬진강,2020-11-11,16,7.4,8.1,1.7,3.2,2.7,1.432,0.023,0.008,3.3,91
1003110,충주,2020-11-11,19,8,9.6,1.4,2.3,2,2.325,0.023,0.013,4.8,609
2021110,밀양,2020-11-11,17,7.1,8.4,1.8,1,0.2,0.849,0.003,0,0.3,101
1012110,소양강,2020-11-11,15,6.8,10.5,1.1,2.1,2,1.59,0.009,0.003,3.9,95
3008110,대청,2020-11-11,17,7.5,6.9,1,2.8,1.2,1.692,0.019,0.005,1.7,121
2015110,합천,2020-11-11,18,7.6,9.1,0.9,2.9,2.2,1.141,0.015,0.005,1.2,110
2002110,임하,2020-11-10,21,7.1,6,2.4,3.7,5.5,1.198,0.022,0.013,4.7,138
1012110,소양강,2020-11-10,11,7.5,12.1,1.5,2.3,6.7,1.655,0.018,0.005,9.7,66
3203110,보령,2020-11-10,21,6.9,10.1,1.8,2.6,3,1.341,0.017,0.008,2.3,133
4007110,주암(본),2020-11-10,22,6.9,6.6,0.9,2.6,2,0.783,0.019,0.007,3.5,57
4001110,섬진강,2020-11-10,21,7.7,7.4,1.7,3.2,1.2,2.105,0.033,0.007,4.3,92
2018110,남강,2020-11-10,19,7.7,9.2,0.9,3.1,2.8,0.801,0.015,0.006,3.2,106
3001110,용담,2020-11-10,20,8.3,9.1,0.9,2.8,0.8,1.822,0.024,0.013,9,77
3008110,대청,2020-11-10,22,7,5.7,1.3,3.2,3.6,2.045,0.035,0,4,96
2021110,밀양,2020-11-10,21,7.1,9,1.4,1.8,0.4,0.578,0.005,0,0.6,75
5101110,장흥,2020-11-10,21,7.6,9.2,1.1,3.1,1.6,1.008,0.013,0.007,2.2,67
1006110,횡성,2020-11-10,18,7.2,6.2,0.9,1.2,0,3.275,0.033,0.01,1.2,84
1003110,충주,2020-11-10,21,7.8,9.2,1.3,2.3,1.2,2.029,0.023,0.018,2.8,169
3303110,부안,2020-11-10,22,6.5,9.1,0.3,2.9,2.4,1.196,0.01,0.005,1.3,58
2015110,합천,2020-11-10,18,7.5,9.1,0.8,2.7,4.2,1.366,0.018,0.005,1.8,108
2001110,안동,2020-11-10,17,7.2,5.7,1.9,2.3,4.5,1.206,0.021,0.014,3.7,96
2015110,합천,2020-11-09,19,7.5,7.8,1.1,3.1,5.8,0.953,0.06,0.027,9.6,87
1006110,횡성,2020-11-09,20,7.3,9,0.5,0.7,1.8,2.619,0.019,0.001,2.5,82
3203110,보령,2020-11-09,23,6.8,9.8,1.7,2.7,3,2.341,0.018,0.006,2.6,129
2021110,밀양,2020-11-09,28,7.2,8.7,1.5,1.7,0.4,0.536,0.011,1.7,0.4,86
1003110,충주,2020-11-09,26,7.9,8.6,1,2.7,3.2,2.203,0.027,0.017,4.2,165
1012110,소양강,2020-11-09,12,7.4,11.5,1.4,2.4,8.2,1.717,0.024,0.004,14.1,67
3303110,부안,2020-11-09,23,6.2,5.3,0.8,3.5,2.4,1.296,0.024,0.006,2.5,68
4001110,섬진강,2020-11-09,24,7.5,8.4,1.7,3.3,3.6,2.225,0.032,0.008,4.3,101
4007110,주암(본),2020-11-09,15,6.6,4.7,1.7,3,3,0.833,0.023,0.01,3.9,66
2018110,남강,2020-11-09,25,7.7,8.7,1.1,2.9,2.6,1.04,0.026,0.002,2.1,85
5101110,장흥,2020-11-09,25,7,7.7,1.1,3,1.2,0.647,0.034,0.011,0.7,65
2002110,임하,2020-11-09,22,6.8,7.2,2.5,3.5,7,1.177,0.022,0.012,13,118
3001110,용담,2020-11-09,22,7.9,8.8,1.1,2.8,0.8,1.862,0.016,0.007,7.3,74
3008110,대청,2020-11-09,22,7,6.1,0.8,3.8,6,3.138,0.07,0.046,8.3,88
2001110,안동,2020-11-09,15,6.5,6.1,2.2,2.7,3.5,1.112,0.024,0.014,4.7,97
5101110,장흥,2020-11-08,23,7.3,7.5,1.6,4.9,2.3,0.809,0.038,0.011,0.7,66
1012110,소양강,2020-11-08,16,8.2,10.4,1.3,2.4,9.6,1.727,0.022,0.009,13.1,86
3008110,대청,2020-11-08,20,7.1,5.8,0.7,3.8,9.2,2.181,0.096,0.065,17.4,97
3203110,보령,2020-11-08,24,7.1,9.4,1.8,2.6,3.6,2.612,0.016,0.006,3.5,126
3303110,부안,2020-11-08,21,6.5,8.7,0.2,3.7,0.6,1.414,0.025,0.006,0.8,70
2015110,합천,2020-11-08,16,7.9,8.8,0.7,3.3,4.4,1.436,0.041,0.012,12.1,97
1003110,충주,2020-11-08,27,7.5,7.7,1.4,2,6.8,2.161,0.029,0.018,3.7,154
2021110,밀양,2020-11-08,22,7.1,9.1,1.2,2.1,1.2,0.726,0.006,0,1.3,98
4007110,주암(본),2020-11-08,12,6.1,6.4,1.4,3,5,0.863,0.021,0.011,6,71
2018110,남강,2020-11-08,26,6.9,8.2,0.7,3.4,14.8,1.04,0.042,0,12.2,67
3001110,용담,2020-11-08,23,8,8.8,0.9,2.3,1.6,1.807,0.02,0.006,7.8,88
4001110,섬진강,2020-11-08,24,7.6,7.6,2.3,3.2,6.9,2.361,0.045,0.009,15.9,99
1006110,횡성,2020-11-08,18,7,9,1.6,2.4,2,2.926,0.016,0,6,76
2002110,임하,2020-11-08,22,7,7.8,2.8,3.8,12,1.103,0.021,0.011,15.4,136
2001110,안동,2020-11-08,16,6.6,6.7,2,2.7,10.5,1.218,0.019,0.012,8.1,105
2018110,남강,2020-11-07,24,6.9,7.5,1.1,4.3,8,1.241,0.046,0.007,11.9,63
2002110,임하,2020-11-07,15,7.3,5.3,2.6,4,19.5,1.205,0.028,0.013,41.2,169
2021110,밀양,2020-11-07,21,7.3,8.9,1.3,2.5,5.6,1.128,0.024,0.002,5.3,68
3001110,용담,2020-11-07,21,8,8.9,0.8,2.7,0.8,1.891,0.015,0.007,3.8,104
5101110,장흥,2020-11-07,23,7.6,9.5,1.2,3.9,6,0.612,0.016,0.005,10.3,73
3203110,보령,2020-11-07,25,7.7,9.5,1.6,3.6,2.5,2.335,0.041,0.019,3.2,113
3303110,부안,2020-11-07,14,8,10,1.5,3,0.9,1.4,0.006,0.002,1.3,81
4007110,주암(본),2020-11-07,8,6.8,13.2,1.1,2.6,6.2,0.843,0.019,0.009,2.5,66
2001110,안동,2020-11-07,18,6.9,6.7,1.9,2.6,23.5,1.187,0.027,0.014,49.6,127
1006110,횡성,2020-11-07,16,7.3,8.4,1.3,2.3,6.8,3.296,0.029,0.004,12.1,70
3008110,대청,2020-11-07,22,7.3,7.4,1,3.8,7.6,2.727,0.073,0.019,7.7,127
1003110,충주,2020-11-07,19,7.8,10.9,1.2,2,12.2,2.327,0.037,0.017,13,195
2015110,합천,2020-11-07,15,7.5,9.2,0.6,3.2,1.6,1.572,0.013,0.004,6.1,99
4001110,섬진강,2020-11-07,25,7.5,8.4,1.6,3.2,1,1.837,0.025,0.004,1.9,98
1012110,소양강,2020-11-07,15,8.3,10.6,1.4,2.5,7.8,1.765,0.02,0.006,10.3,84
4001110,섬진강,2020-11-06,21,7.6,8.3,1.5,3.1,0.9,1.624,0.016,0.003,1.2,96
2002110,임하,2020-11-06,18,7.8,8.2,2.6,3.8,5.5,1.318,0.035,0.017,4.5,188
1006110,횡성,2020-11-06,17,7.4,9,1.9,2.5,2.4,3.769,0.016,0.002,3.2,103
3303110,부안,2020-11-06,15,6.8,14.8,1.1,3,1.7,1.682,0.025,0.011,1.4,87
2015110,합천,2020-11-06,10,7,10.7,0.8,2.3,1.4,1.411,0.009,0.003,1.2,101
3203110,보령,2020-11-06,21,7.7,9.2,1,2.4,1.6,2.163,0.015,0.005,2.5,115
3001110,용담,2020-11-06,19,7.5,8.3,0.9,2.7,1.2,1.857,0.017,0.007,3.5,100
5101110,장흥,2020-11-06,19,8.4,15.3,0.5,2.8,3.8,0.762,0.02,0.004,3.1,74
3008110,대청,2020-11-06,14,7.4,7.9,1.2,3.2,1.6,1.892,0.027,0.004,0.8,148
1003110,충주,2020-11-06,14,7.6,7.4,1.5,2.9,1.2,2.012,0.02,0.018,2.8,215
4007110,주암(본),2020-11-06,7,8.2,11.3,1.2,2.6,9.4,0.813,0.012,0.007,10.5,65
2001110,안동,2020-11-06,11,7.1,8.7,2,2.8,7,1.299,0.031,0.015,7.4,117
2018110,남강,2020-11-06,20,6.6,7.8,1.5,3,7.6,1.439,0.02,0.009,5,77
1012110,소양강,2020-11-06,11,7.2,11.5,1.3,2.4,1.2,1.607,0.011,0.003,1.4,80
2021110,밀양,2020-11-06,21,7.5,10.6,1.3,1.8,1.2,1.31,0.008,0,1.5,101
3001110,용담,2020-11-05,12,7.6,9.7,1,2.9,1.2,1.738,0.022,0.007,6.5,98
2002110,임하,2020-11-05,14,7.9,8.3,2.5,3.6,1,1.185,0.022,0.017,1,191
4001110,섬진강,2020-11-05,12,7.5,9.4,1.4,3,0.7,1.404,0.009,0.002,0.9,97
5101110,장흥,2020-11-05,15,7.6,10.3,1.1,2.9,2,0.699,0.017,0.006,1.4,78
1012110,소양강,2020-11-05,7,7,10.4,1.2,2.3,0.8,1.501,0.008,0.002,1.2,62
1006110,횡성,2020-11-05,10,7.2,10.4,2,2.1,4.4,4.209,0.013,0.003,4,98
2018110,남강,2020-11-05,19,8.5,8.7,1,2.3,1.8,1.544,0.009,0,1.4,130
3008110,대청,2020-11-05,9,7.3,12,1.6,3.2,2.4,1.629,0.008,0,0.8,147
1003110,충주,2020-11-05,8,7.7,9.8,1,2.4,1,1.972,0.021,0.018,2,259
2021110,밀양,2020-11-05,16,7.2,9.8,0.9,1.8,0.7,1.026,0.002,0,0.7,83
3203110,보령,2020-11-05,17,7.7,9.4,0.8,2,1,1.267,0.013,0.005,1.8,119
4007110,주암(본),2020-11-05,6,6.5,13.6,1.7,2.6,0.8,0.804,0.009,0.004,3,65
3303110,부안,2020-11-05,13,7.1,11,1.2,2.2,2.3,2.203,0.009,0.004,1.8,73
2001110,안동,2020-11-05,10,7.4,8.6,1.9,2.7,1.5,1.254,0.026,0.02,1.1,183
2015110,합천,2020-11-05,8,7.8,11.6,0.4,2.4,0.8,1.221,0.007,0,1.5,104
1012110,소양강,2020-11-04,7,6.9,11.3,1.3,2.2,0.8,1.489,0.008,0.002,0.8,73
2002110,임하,2020-11-04,7,7.6,9.8,2.1,3.6,2,1.129,0.028,0.02,1.4,185
2021110,밀양,2020-11-04,15,7.2,10.5,0.8,2,1,0.87,0.003,0,0.4,111
5101110,장흥,2020-11-04,9,8.3,14,1.6,4.1,2.6,0.798,0.012,0.007,2.1,74
2018110,남강,2020-11-04,10,7.3,8.7,0.4,2.8,1.8,1.663,0.007,0,1.7,146
3008110,대청,2020-11-04,8,8.6,11.7,0.9,2.9,1.2,1.178,0.006,0,2.3,149
1003110,충주,2020-11-04,7,8,13.2,0.9,2.4,1.2,1.995,0.019,0.006,0.6,242
4007110,주암(본),2020-11-04,6,6.5,13.8,1.2,2.6,2.4,0.783,0.007,0.003,2.1,64
3303110,부안,2020-11-04,7,6.9,12.9,0.5,3.3,1.5,2.12,0.011,0.008,1.4,71
2001110,안동,2020-11-04,7,7.4,10.4,1.7,2.5,1,1.196,0.025,0.019,0.9,183
3001110,용담,2020-11-04,10,7.5,9.2,1,2.7,3.2,1.528,0.017,0.006,3.8,97
3203110,보령,2020-11-04,9,7.6,9.6,1.7,2.8,1,1.271,0.03,0.012,1.2,119
2015110,합천,2020-11-04,7,7.7,12.2,0.4,2.4,1.2,1.233,0.005,0.004,1,98
4001110,섬진강,2020-11-04,9,7.4,10.5,1.4,3,0.6,1.537,0.011,0.003,0.8,96
1006110,횡성,2020-11-04,7,7.7,12,2.4,2.9,3.2,3.564,0.028,0,3.6,93
4001110,섬진강,2020-11-03,5,6.5,11.2,1.4,3.2,0.7,1.574,0.022,0.004,1,96
1006110,횡성,2020-11-03,8,7.4,10.9,1.9,2.2,1.6,3.137,0.008,0.003,1.6,95
3001110,용담,2020-11-03,5,7.3,9.4,0.8,2.6,6,1.391,0.016,0.007,2.5,51
3008110,대청,2020-11-03,5,8.2,12.9,1.3,2.9,0.7,1.21,0.003,0.002,0.5,145
3303110,부안,2020-11-03,5,7,13,0.6,2.7,1.2,0.8,0.005,0.002,1.5,59
2015110,합천,2020-11-03,5,7.5,12.2,1,2.5,1.6,1.537,0.011,0.003,2,102
4007110,주암(본),2020-11-03,4,7.1,12.4,1,2.2,1.8,0.749,0.005,0.002,2.4,65
1003110,충주,2020-11-03,6,8.1,13.5,0.8,2.3,1.5,1.954,0.018,0.006,4.5,228
5101110,장흥,2020-11-03,4,7.4,14.6,0.6,3.8,2.8,0.617,0.02,0.004,1.8,76
3203110,보령,2020-11-03,8,7.2,11.1,1,1.7,1,1.274,0.018,0.008,1.2,113
2021110,밀양,2020-11-03,6,7.3,8.9,0.7,1.6,0.8,1.385,0.003,0,0.4,58
2018110,남강,2020-11-03,6,7.9,8.9,0.9,2.2,2,1.308,0.005,0,1.3,150
2002110,임하,2020-11-03,4,7.4,10.2,2.3,3.8,1,1.319,0.022,0.016,1.9,193
2001110,안동,2020-11-03,6,7.6,8.1,2.4,2.8,2,1.206,0.018,0.014,2.1,177
1012110,소양강,2020-11-03,6,7.4,11.4,1.3,2.1,0.7,1.464,0.005,0.001,0.8,89
4001110,섬진강,2020-11-02,3,7,11.2,1.5,3.2,0.8,1.433,0.011,0.003,1.1,94
2002110,임하,2020-11-02,5,7.6,9.5,1.9,3.7,2,1.291,0.02,0.013,1.8,189
3203110,보령,2020-11-02,4,7.5,12.5,0.9,1.4,3,1.186,0.012,0.005,1.6,115
1003110,충주,2020-11-02,4,7.8,13.2,0.8,2.5,1.6,2.064,0.018,0.006,6.5,252
3008110,대청,2020-11-02,5,7.7,12.1,1.5,3.3,0.3,1.381,0.005,0.001,0.7,146
3303110,부안,2020-11-02,3,6.8,10,0.8,3.6,1,0.872,0.015,0.004,1.9,59
3001110,용담,2020-11-02,5,7.4,9.2,0.9,2.7,6,1.191,0.007,0.003,4.4,64
4007110,주암(본),2020-11-02,4,6.9,12.7,0.9,2.4,1.8,0.636,0.005,0,3,66
1006110,횡성,2020-11-02,4,7.4,11.2,1.5,2.4,0.4,3.289,0.014,0.009,1,92
5101110,장흥,2020-11-02,3,7.4,13.9,0.2,4,2.2,0.574,0.016,0.003,1.7,71
1012110,소양강,2020-11-02,6,6.9,12.1,1.2,2,0.5,1.423,0.004,0.001,0.6,67
2001110,안동,2020-11-02,4,7.6,10.2,1.9,2.6,1.5,1.227,0.019,0.011,1.6,179
2015110,합천,2020-11-02,5,7.2,12.3,1,2.9,1.8,1.337,0.012,0.002,3.3,121
2021110,밀양,2020-11-02,4,6.9,10.3,0.5,1.8,0.4,0.924,0.006,0,0.4,48
2018110,남강,2020-11-02,7,6.9,12.5,0.7,2.5,2,1.418,0.011,0,1.2,178
3008110,대청,2020-11-01,7,6.9,10.4,1,3.4,0.3,1.356,0.006,0.001,1.4,139
5101110,장흥,2020-11-01,7,7.1,11.8,0.7,3.1,1.6,0.715,0.011,0.005,1.5,75
3203110,보령,2020-11-01,6,7.6,12.4,1.1,1.8,1.6,1.156,0.01,0.005,2.3,114
1006110,횡성,2020-11-01,4,7.6,10.4,1.6,2.6,2.8,2.301,0.009,0.002,1.4,104
2001110,안동,2020-11-01,7,7.3,8.4,1.6,2.8,1.5,1.247,0.015,0.009,2.5,175
1003110,충주,2020-11-01,8,7.8,10.6,0.9,2.8,0.2,2.485,0.014,0.008,8.4,181
2015110,합천,2020-11-01,7,6.5,10.7,1.2,2.8,1.6,1.307,0.006,0,3.4,89
3001110,용담,2020-11-01,6,7.8,9.9,0.9,2.8,6.4,1.643,0.015,0.004,4.8,89
2002110,임하,2020-11-01,4,7.2,11.2,1.7,3.5,1,1.235,0.016,0.01,2.7,188
1012110,소양강,2020-11-01,6,7.5,12.5,1.1,2,0.8,1.498,0.004,0.001,1.3,67
3303110,부안,2020-11-01,6,6.8,9.5,0.5,3.5,1.3,1.621,0.004,0.001,2.4,62
2018110,남강,2020-11-01,5,7.8,12.8,1.2,2.5,3.6,1.064,0.03,0,1.5,118
2021110,밀양,2020-11-01,5,7.1,9,0.7,1.6,0.4,0.74,0.003,0,0.3,55
4007110,주암(본),2020-11-01,7,6.9,11.1,0.7,2.6,2,0.654,0.005,0.001,3.2,67
4001110,섬진강,2020-11-01,5,6.8,11.5,1.5,3.2,0.8,1.335,0.011,0.004,1.4,96
2002110,임하,2020-10-12,5,7.5,9.3,2.1,4,1.5,1.329,0.019,0.013,2.1,195
3303110,부안,2020-10-12,10,6.7,9.3,0.5,3.6,1.4,1.724,0.004,0.001,1.4,63
5101110,장흥,2020-10-12,12,7.1,116,0.8,3.4,2.6,1.035,0.01,0.005,1.7,70
1003110,충주,2020-10-12,13,7.9,9.4,1,2.7,1.2,2.148,0.045,0.014,8.9,512
1012110,소양강,2020-10-12,13,6.6,10.5,1,1.8,1.2,1.543,0.008,0.001,1,67
3203110,보령,2020-10-12,9,7.5,11.8,1.3,2.1,0.9,1.241,0.01,0.005,2,128
3008110,대청,2020-10-12,12,7.6,8.9,0.8,3.2,1,1.351,0.01,0.001,1.2,145
4001110,섬진강,2020-10-12,12,6.8,8.9,1.6,3.2,0.8,1.267,0.012,0.003,1.2,87
2021110,밀양,2020-10-12,9,7.1,10.5,0.6,1.4,0.4,0.8,0.007,0.002,0.3,53
4007110,주암(본),2020-10-12,13,6.9,9.7,0.8,2.4,2,0.661,0.006,0.002,2.1,63
3001110,용담,2020-10-12,12,7.9,9.7,1.1,3.1,4.8,1.124,0.013,0.006,3.1,87
2001110,안동,2020-10-12,12,7.2,8.6,1.4,2.5,1,1.31,0.014,0.01,0.7,171
1006110,횡성,2020-10-12,9,7.3,9.8,1.2,1.9,1,1.553,0.01,0.007,2,113
2018110,남강,2020-10-12,10,8.7,12.1,0.9,2.1,1.6,0.802,0.008,0,2,102
2015110,합천,2020-10-12,9,6.9,8.8,0.8,2.6,2,1.42,0.008,0.001,2.7,89
1006110,횡성,2020-10-11,15,7.5,8.5,1.5,2.4,2,1.711,0.009,0.004,3.4,102
2021110,밀양,2020-10-11,8,7.1,9.5,1.3,1.9,0.4,0.904,0.012,0,0.3,46
1003110,충주,2020-10-11,17,7.9,8.9,1.3,2.9,1.6,2.285,0.034,0.018,10.1,180
1012110,소양강,2020-10-11,14,7.1,9.9,0.9,2,2.6,1.539,0.006,0.002,4.1,62
3303110,부안,2020-10-11,17,6.6,9.1,0.8,3.7,1,1.427,0.003,0,0.7,59
3001110,용담,2020-10-11,17,6.5,6.1,1.1,2.8,4.4,1.359,0.079,0.055,4.5,79
3203110,보령,2020-10-11,13,7.3,9.2,1.2,1.9,2,1.427,0.019,0.008,2.3,124
4007110,주암(본),2020-10-11,19,7.2,6.9,1.2,2.4,1,0.871,0.007,0.003,1.5,58
2002110,임하,2020-10-11,14,7.3,9.1,2.2,3.6,2,1.227,0.016,0.01,1.9,177
5101110,장흥,2020-10-11,17,7.6,8.9,1,3.6,3.6,0.605,0.018,0,1.3,68
3008110,대청,2020-10-11,18,7.5,7.9,0.9,3,1.7,1.278,0.014,0.001,3.3,143
2015110,합천,2020-10-11,17,7.5,9.6,0.9,2.2,1.4,1.72,0.009,0.001,1,182
2001110,안동,2020-10-11,12,7.2,8.2,1.8,2.6,1.5,1.181,0.014,0.011,1.3,173
2018110,남강,2020-10-11,18,7.7,8.6,1.3,2.4,3.6,0.764,0.019,0,3.4,89
4001110,섬진강,2020-10-11,16,6.8,8.9,1.9,3.4,1.8,1.243,0.021,0.004,2.1,82
3303110,부안,2020-10-10,22,6.9,8.4,0.9,4.2,1,1.627,0.009,0.001,0.9,51
4007110,주암(본),2020-10-10,22,6.7,7.3,1.2,2.6,1.2,0.897,0.009,0.005,1.5,57
3008110,대청,2020-10-10,22,7.3,6,1,3.2,2.3,1.691,0.024,0.003,3.4,101
3203110,보령,2020-10-10,19,7.3,8.7,2.2,3.6,3.2,1.542,0.031,0.011,1.8,105
1006110,횡성,2020-10-10,20,7,8.2,2,3,2,2.757,0.022,0.012,2,88
2018110,남강,2020-10-10,22,8.1,9.7,1,3,6.8,0.986,0.011,0.003,4.3,70
2002110,임하,2020-10-10,22,7.5,8.5,1.8,3.4,2,1.199,0.018,0.013,1.7,178
4001110,섬진강,2020-10-10,17,6.5,10.3,1.7,3.3,2.1,1.635,0.02,0.006,2.6,80
5101110,장흥,2020-10-10,23,7.3,9.4,2.4,4.5,3.4,0.492,0.018,0.006,1.6,65
1012110,소양강,2020-10-10,16,7,9.2,1,1.9,7.8,1.686,0.011,0.01,11.6,56
2015110,합천,2020-10-10,20,7.8,8.9,1.2,2.5,4.9,1.256,0.014,0.003,4.1,95
3001110,용담,2020-10-10,20,8,7,1.4,3.9,0.8,1.014,0.024,0.005,13.7,150
2001110,안동,2020-10-10,18,6.7,6.3,1.5,2.3,2.5,1.108,0.014,0.011,4.7,143
2021110,밀양,2020-10-10,20,6.8,8.7,0.9,2,1.2,0.553,0.004,0,0.7,51
1003110,충주,2020-10-10,17,7.8,7.8,1.3,2.6,4.4,2.285,0.034,0.018,15.9,182
1012110,소양강,2020-10-09,15,8.4,9.2,1.2,2.2,6.8,1.698,0.021,0.003,7.8,68
2001110,안동,2020-10-09,23,7,7.1,1.4,2,0.5,0.913,0.011,0.008,2.6,191
2002110,임하,2020-10-09,22,6.9,7.8,1.8,3.8,2.5,1.191,0.015,0.009,6.5,150
2018110,남강,2020-10-09,25,7.9,8.9,0.8,3.4,10,1.029,0.042,0.014,19.8,61
3008110,대청,2020-10-09,24,7.5,7.1,0.7,3,3,1.552,0.036,0.011,7,123
5101110,장흥,2020-10-09,25,6.8,5.4,0.7,4.4,2.6,0.63,0.017,0.007,2,67
3303110,부안,2020-10-09,24,6.4,7.8,0.6,4.5,1,1.545,0.003,0,1.5,69
3203110,보령,2020-10-09,26,7.4,11.4,1.8,2.5,1.8,1.864,0.022,0.014,2.5,117
1006110,횡성,2020-10-09,21,7.1,9.2,1.4,2.5,1,3.018,0.019,0.011,3.1,109
2021110,밀양,2020-10-09,26,7.4,10.9,1.3,2.2,1.2,0.878,0.005,0.003,0.8,82
3001110,용담,2020-10-09,23,6.5,6.7,0.9,2.9,8,2.622,0.024,0.005,10.2,89
4007110,주암(본),2020-10-09,22,6.7,4.9,1.2,2.6,2,1.108,0.009,0.003,2.7,69
2015110,합천,2020-10-09,19,7.9,9.4,1.1,2.5,6,2.135,0.018,0.004,15,86
1003110,충주,2020-10-09,20,7.4,6.4,1.2,2.6,2.8,2.22,0.033,0.01,8.8,209
4001110,섬진강,2020-10-09,17,7.3,10,1.7,3.5,2.6,1.534,0.052,0.011,4.8,101
1012110,소양강,2020-10-08,17,8.4,9.1,0.9,1.6,0.2,1.542,0.005,0.001,0.1,76
2002110,임하,2020-10-08,25,7.9,6.7,1.6,3.6,2,1.125,0.018,0.011,2.3,157
4001110,섬진강,2020-10-08,22,6.3,8.5,1.4,3.1,1.3,1.627,0.019,0.006,1.5,107
2001110,안동,2020-10-08,25,7.2,8,1.7,2.5,2.1,1.215,0.016,0.013,1.6,129
3303110,부안,2020-10-08,23,6.6,8.5,0.9,5.1,1.8,1.53,0.006,0.001,2.7,67
2015110,합천,2020-10-08,17,8.3,9.9,1.2,3,19.8,1.352,0.014,0.007,17,117
3203110,보령,2020-10-08,29,7.5,10.5,1.9,2.7,2,2.121,0.033,0.017,1.5,118
1003110,충주,2020-10-08,24,7.5,7.3,1.1,2.3,0.8,2.149,0.029,0.019,9.2,209
2018110,남강,2020-10-08,25,7,7.9,1.2,4,2.4,1.85,0.018,0,2.4,80
5101110,장흥,2020-10-08,24,6.7,5.7,1,4.5,2.6,0.47,0.019,0.005,1,72
4007110,주암(본),2020-10-08,14,7.2,5.2,1.4,2.5,1.8,1.09,0.009,0.001,1.5,75
3008110,대청,2020-10-08,20,7.4,6.2,0.6,2.4,0.3,1.625,0.01,0.001,1.5,178
1006110,횡성,2020-10-08,23,7.8,9.8,1,2.1,9,3.251,0.022,0.018,2.9,91
2021110,밀양,2020-10-08,20,7,9.2,0.8,1.9,0.4,1.884,0.021,0,0.8,51
3001110,용담,2020-10-08,25,7.3,7.1,1,2.5,1.6,2.327,0.026,0.005,4.8,102
2018110,남강,2020-10-07,28,8.3,7.9,0.8,2.6,2,0.729,0.005,0,3.2,98
4007110,주암(본),2020-10-07,9,7.9,13.8,1.6,2.6,6.6,0.792,0.017,0.004,4.8,74
2021110,밀양,2020-10-07,21,6.9,8.6,0.5,1.6,1.2,1.78,0.013,0,1.5,79
1012110,소양강,2020-10-07,14,7.9,9.8,1.2,2,0.2,1.219,0.003,0.001,0.4,71
3303110,부안,2020-10-07,16,6.3,7.8,1.2,5.5,2.4,1.594,0.006,0.001,2.8,64
3001110,용담,2020-10-07,21,7.8,8.2,1,2.5,4.8,1.115,0.096,0.048,2.7,105
2002110,임하,2020-10-07,20,8.1,6.5,1.7,3.4,2.1,1.089,0.017,0.01,2.8,187
1003110,충주,2020-10-07,18,7.6,7.9,1.2,2.2,1.7,1.845,0.034,0.029,7.4,196
3203110,보령,2020-10-07,25,7.5,9.6,2.2,2.8,2.3,1.83,0.031,0.014,2,119
1006110,횡성,2020-10-07,22,7,8.2,1.9,2.2,2,2.154,0.021,0.011,2.5,92
2001110,안동,2020-10-07,18,7.5,8.7,1.8,2.7,2,1.198,0.014,0.01,2.2,168
2015110,합천,2020-10-07,15,7.2,9.7,1.5,2.8,24.2,1.805,0.027,0.009,20.4,135
4001110,섬진강,2020-10-07,22,7.1,10.6,1.4,3.1,0.9,1.859,0.012,0.005,2.8,116
5101110,장흥,2020-10-07,18,6.9,7.9,0.9,2.9,1.2,0.531,0.018,0.013,2,74
3008110,대청,2020-10-07,19,7.4,8,0.8,2.8,2,2.018,0.01,0.001,0.7,165
4001110,섬진강,2020-10-06,25,7.2,9.3,1.4,3.1,0.7,1.738,0.011,0.004,1.1,106
2021110,밀양,2020-10-06,20,6.9,8.4,0.7,1.5,0.4,1.106,0.009,0,0.3,49
3303110,부안,2020-10-06,15,7,8.8,0.9,4.1,3,1.674,0.008,0.001,2.3,62
2002110,임하,2020-10-06,24,8.1,9.2,1.9,3.1,1.9,1.018,0.019,0.015,2.4,212
3008110,대청,2020-10-06,13,7.6,9.9,0.8,2.8,3.7,1.601,0.01,0.001,1.4,163
3203110,보령,2020-10-06,19,7.4,10.4,1.2,2.6,3.6,1.542,0.02,0.009,3.2,125
4007110,주암(본),2020-10-06,8,7.3,10.8,1,2.2,1,0.789,0.013,0.002,2.5,74
2018110,남강,2020-10-06,20,7.3,8.3,0.3,2.5,2.4,1.299,0.006,0,2.9,87
1012110,소양강,2020-10-06,15,7.9,9.9,0.9,1.4,0.8,1.427,0.009,0.001,0.6,52
2015110,합천,2020-10-06,14,7.7,9.8,1.1,2.3,3.5,1.418,0.013,0.004,2.3,128
2001110,안동,2020-10-06,14,7.6,8.5,1.7,2.6,1.5,1.207,0.014,0.009,1.4,180
1003110,충주,2020-10-06,13,7.3,9.6,1.1,2.2,1.2,1.704,0.023,0.016,2.7,201
5101110,장흥,2020-10-06,19,8.9,10.7,1.7,3.8,3.5,0.455,0.017,0.004,2.9,71
3001110,용담,2020-10-06,17,7,9.8,1.1,2.3,4.8,0.849,0.105,0.034,6.7,110
1006110,횡성,2020-10-06,9,6.7,10.1,1.2,1.9,4,1.918,0.021,0.01,1.3,97
2018110,남강,2020-10-05,17,7.8,9.5,0.5,1.7,1.8,1.209,0.032,0,4.8,157
2021110,밀양,2020-10-05,21,6.9,8.3,0.7,1,0.4,0.909,0.002,0,0.6,74
3008110,대청,2020-10-05,10,7.7,10.8,1,2.9,1,1.305,0.009,0.001,1,166
4007110,주암(본),2020-10-05,8,7.2,12.9,1.4,2.2,1,0.751,0.011,0.001,2.2,87
5101110,장흥,2020-10-05,13,8.1,12,1.2,3.8,2.8,0.555,0.012,0.007,3.4,73
2001110,안동,2020-10-05,7,7.5,10.4,1.7,2.6,1,1.211,0.016,0.009,1.4,125
1003110,충주,2020-10-05,9,7.2,11.4,1.1,2.2,0.2,1.865,0.02,0.017,2.3,220
2015110,합천,2020-10-05,11,7.2,11.1,1.3,2.5,3.8,1.665,0.013,0.005,2.5,128
3303110,부안,2020-10-05,16,8.4,10.4,0.9,5.7,5.2,1.545,0.01,0,2.6,61
2002110,임하,2020-10-05,11,7.9,8.8,1.8,2.2,1,0.991,0.02,0.011,1.3,179
3203110,보령,2020-10-05,19,7.4,10.2,1.7,3,1.5,1.437,0.017,0.008,1,122
1012110,소양강,2020-10-05,10,7.6,10.9,1.1,1.8,0.4,1.136,0.005,0.001,1.1,39
3001110,용담,2020-10-05,13,7.6,9.7,1.2,2.7,3.6,0.705,0.083,0.073,4.7,115
4001110,섬진강,2020-10-05,18,6.7,9.2,1.4,3.1,0.5,1.534,0.009,0.003,0.8,105
1006110,횡성,2020-10-05,8,7.5,12,0.6,1.1,2,1.244,0.008,0.006,0.8,119
5101110,장흥,2020-10-04,8,7.1,13.2,1.7,4.2,2.4,0.538,0.015,0.003,1.8,77
2018110,남강,2020-10-04,11,7.9,8.2,0.7,2.5,1,2.092,0.004,0,1.1,106
2002110,임하,2020-10-04,7,7.2,11.3,2.1,3.8,1.5,1.109,0.014,0.011,2.7,122
1003110,충주,2020-10-04,6,7.8,10.3,1.2,2.1,4.3,1.684,0.021,0.008,9.3,226
3203110,보령,2020-10-04,9,7.2,11,1.3,1.8,1.2,1.349,0.008,0.004,0.9,127
4001110,섬진강,2020-10-04,10,7.1,10.8,1.3,3,1,1.763,0.014,0.004,1,108
2001110,안동,2020-10-04,5,7.5,11.5,1.9,2.8,1,1.122,0.017,0.012,2,122
3008110,대청,2020-10-04,7,7.7,11.6,1,2.9,2.3,1.237,0.006,0.001,1,160
3001110,용담,2020-10-04,7,7.3,10.6,1.2,2.7,1.6,0.693,0.078,0.063,2.1,109
3303110,부안,2020-10-04,9,7,11.1,1.2,5,4,1.701,0.005,0.003,2.8,62
4007110,주암(본),2020-10-04,7,7.6,13.2,1.5,2.4,1.2,0.756,0.004,0.002,2.5,85
1006110,횡성,2020-10-04,7,7.6,11.8,1.5,3.5,0.8,1.332,0.022,0.011,0.5,116
2015110,합천,2020-10-04,7,6.8,10.9,1.2,2.2,3.2,1.182,0.012,0.004,2.1,136
1012110,소양강,2020-10-04,6,7.2,11.8,1,1.6,0.2,1.569,0.01,0.001,1,70
2021110,밀양,2020-10-04,11,7.1,10.3,0.8,1.2,0.2,1.452,0.014,0,0.6,50
3203110,보령,2020-10-03,8,6.8,12,1.8,2.8,0.6,1.418,0.019,0.006,1.3,122
1006110,횡성,2020-10-03,6,7.4,12.3,1.1,2.8,1.2,1.233,0.02,0.011,1.8,99
1003110,충주,2020-10-03,5,8.1,11.8,1.2,2,2,1.785,0.02,0.008,8.6,224
5101110,장흥,2020-10-03,6,7,12.6,1.4,3.5,2.6,0.318,0.016,0.006,2.6,75
2001110,안동,2020-10-03,4,7.2,10,1.7,2.8,1,1.211,0.012,0.009,2.7,151
2002110,임하,2020-10-03,4,7.2,10.1,1.8,3.8,1.5,1.115,0.02,0.013,2.3,178
3303110,부안,2020-10-03,8,7.3,11.7,0.9,4.9,3.2,1.567,0.007,0.002,2.3,60
2021110,밀양,2020-10-03,7,7.1,8.4,1.1,1.8,0.2,1.664,0.004,0.002,0.4,90
3008110,대청,2020-10-03,6,7.8,11.6,1,2.9,1.3,1.536,0.008,0.001,1.7,153
2018110,남강,2020-10-03,8,7.8,9.9,1.1,4.3,5,1.74,0.022,0.008,2.6,172
4007110,주암(본),2020-10-03,5,8,15,1.5,2.6,1.2,0.718,0.005,0.002,2.4,74
3001110,용담,2020-10-03,5,7.1,10.4,1,2.5,1,0.675,0.084,0.008,2.6,106
4001110,섬진강,2020-10-03,6,7,11.2,1.4,3,0.9,1.254,0.01,0.003,1.1,107
1012110,소양강,2020-10-03,6,7.4,11.6,1.1,1.6,0.4,1.489,0.003,0.001,0.6,70
2015110,합천,2020-10-03,5,6.7,10.8,1.2,2.4,6.2,1.314,0.004,0.001,4.1,136
2015110,합천,2020-10-02,4,7.2,11.3,1.4,2.8,2.3,1.516,0.019,0.005,1.5,222
3303110,부안,2020-10-02,4,7.2,11.2,0.9,3.4,2.6,0.722,0.004,0,2.1,59
2018110,남강,2020-10-02,6,8.2,11.4,1.1,2.6,2.4,1.111,0.051,0.005,1.1,158
3008110,대청,2020-10-02,5,7.5,11.5,1,2.8,0.7,1.26,0.008,0.001,1.7,155
1006110,횡성,2020-10-02,5,7.6,11.4,1.3,2.2,0.8,1.89,0.015,0.009,1.6,78
1012110,소양강,2020-10-02,5,7.2,12.4,0.9,1.8,0.8,1.432,0.005,0.002,1,70
4001110,섬진강,2020-10-02,3,6.9,11.2,1.4,3,0.8,1.224,0.009,0.003,1,105
2021110,밀양,2020-10-02,8,7,10.5,0.7,1,0.4,1.059,0.086,0.006,0.2,58
3203110,보령,2020-10-02,5,7.8,14.7,1.4,2.2,1.5,1.347,0.011,0.006,1.8,119
3001110,용담,2020-10-02,6,7.3,9.6,1.2,2.8,4,0.72,0.084,0.072,3.7,102
5101110,장흥,2020-10-02,5,7.3,12.6,1.4,3.5,1.8,0.382,0.013,0.006,2.5,76
1003110,충주,2020-10-02,5,7.8,11.3,1.3,2.8,3.6,1.789,0.015,0.008,4.3,212
4007110,주암(본),2020-10-02,5,8,13.5,1.7,2.2,1.8,0.74,0.004,0.002,3.5,75
2002110,임하,2020-10-02,4,7,10.3,1.9,2.3,1.2,1.012,0.021,0.011,2.1,171
2001110,안동,2020-10-02,3,7,11.3,1.6,2.9,1,0.994,0.01,0.007,4.5,172
3008110,대청,2020-10-01,6,8,10.1,1.1,3.1,0.7,1.063,0.009,0.001,3,152
1006110,횡성,2020-10-01,5,7.4,10.4,1.3,2.1,0.9,1.637,0.023,0.014,0.9,89
2015110,합천,2020-10-01,5,7.1,17.4,1.3,2.6,2.4,1.49,0.007,0,1.6,268
1012110,소양강,2020-10-01,6,7.1,11.4,1.1,2.2,0.2,1.389,0.004,0.001,1.1,69
3001110,용담,2020-10-01,5,7.4,7.9,1,2.3,2.2,0.582,0.085,0.074,3.5,111
3303110,부안,2020-10-01,7,7,13.5,0.7,3.4,2.8,1.298,0.006,0,2.5,75
1003110,충주,2020-10-01,6,7.4,10.1,0.8,1.2,0.8,1.736,0.008,0.002,3.5,215
2018110,남강,2020-10-01,5,7.6,13.3,1.2,2.4,2,1.198,0.01,0,1.1,144
3203110,보령,2020-10-01,6,7.6,11.2,1.5,2.2,1.4,1.387,0.011,0.005,1.7,118
5101110,장흥,2020-10-01,7,7.1,13,1.3,3.4,2.4,0.373,0.018,0.005,2.8,73
4001110,섬진강,2020-10-01,4,6.8,11.4,1.4,3,0.6,1.26,0.011,0.004,0.8,111
2002110,임하,2020-10-01,3,7,10.8,1.7,4,1,1.21,0.017,0.01,2.6,217
2021110,밀양,2020-10-01,4,7,9.3,0.6,1,0.4,0.803,0.056,0,0.2,54
2001110,안동,2020-10-01,5,7,10.2,1.6,2.8,2,1.123,0.018,0.012,5.5,205
4007110,주암(본),2020-10-01,7,7.9,10.5,1.5,2.4,1.4,0.713,0.012,0.003,6.1,78
5101110,장흥,2020-09-12,13,7.1,9.6,1.4,3.5,1.6,0.389,0.011,0.007,4,72
3303110,부안,2020-09-12,12,6.6,8.9,0.9,3.1,2.4,1.278,0.005,0.001,2.4,65
3203110,보령,2020-09-12,10,7.3,10.4,0.9,2.1,2.3,1.231,0.01,0.004,2.1,126
2018110,남강,2020-09-12,10,8,9.8,1,3.6,3.2,0.892,0.012,0,4.7,136
2015110,합천,2020-09-12,10,7.3,17.8,1.3,2.6,3.2,1.788,0.009,0,2.1,200
3001110,용담,2020-09-12,12,7.6,7.9,1,2.8,1,1.449,0.09,0.006,3.4,102
2001110,안동,2020-09-12,11,7.3,8.8,1.4,2.8,2,1.288,0.016,0.012,3.2,147
4001110,섬진강,2020-09-12,10,6.3,9.7,1.3,3,0.5,1.315,0.011,0.004,0.7,105
1006110,횡성,2020-09-12,10,7.2,7.5,1.3,2.2,1,1.97,0.015,0.011,1.6,70
1012110,소양강,2020-09-12,11,7,11.7,1,2.2,0.3,1.369,0.016,0.001,2.3,55
4007110,주암(본),2020-09-12,13,7.6,8.2,1.5,2.2,1.6,0.636,0.007,0.001,2.8,55
1003110,충주,2020-09-12,13,0,10.9,0.7,2.1,1.2,1.663,0.02,0.004,6.4,216
3008110,대청,2020-09-12,12,7.3,8.3,1,3.2,3,1.379,0.012,0.001,3,146
2021110,밀양,2020-09-12,7,6.9,10.2,0.9,1.6,0.4,0.654,0.002,0,0.2,53
3001110,용담,2020-09-11,15,7.2,8.5,1,3.2,1,1.751,0.007,0.003,3.7,80
2015110,합천,2020-09-11,16,7.3,11.4,1.4,2.8,2.9,1.389,0.004,0,1.9,127
1003110,충주,2020-09-11,17,7.5,7.1,1.2,2.4,2.8,1.566,0.025,0.008,5.3,174
2018110,남강,2020-09-11,17,8.5,8.4,1.1,3.5,1.6,0.597,0.01,0.003,0.5,130
4001110,섬진강,2020-09-11,14,6.1,9.6,1.2,3,1.9,1.177,0.011,0.004,1.2,100
1012110,소양강,2020-09-11,16,7.1,9.6,0.9,1.4,3.8,1.587,0.033,0.007,6.1,75
2002110,임하,2020-09-11,18,7.5,8.2,1.7,3.5,2.3,1.315,0.02,0.013,2,182
4007110,주암(본),2020-09-11,18,7.5,6.4,1.5,2.6,1.2,0.809,0.025,0.005,3.5,55
1006110,횡성,2020-09-11,15,7.5,9.1,2.2,3.7,1,1.6,0.035,0.012,1.8,85
5101110,장흥,2020-09-11,17,7.1,7.7,1.4,3.7,2.2,0.31,0.011,0.006,5,69
2001110,안동,2020-09-11,13,7.4,8.1,1.4,2.8,2.6,1.424,0.019,0.014,3.9,159
3303110,부안,2020-09-11,17,6.8,7.8,0.8,2.8,1.8,1.256,0.014,0,2.2,65
3008110,대청,2020-09-11,18,7.4,7.3,1,3.2,4.3,1.718,0.015,0.001,3,142
3203110,보령,2020-09-11,13,7.1,9.5,1.3,2.8,2,1.63,0.009,0.005,2.4,125
2021110,밀양,2020-09-11,8,7.3,9.5,1.1,1.6,0.4,0.669,0.003,0,0.9,47
3008110,대청,2020-09-10,22,7.5,5.5,0.9,3.2,3.7,1.499,0.022,0.003,2.6,133
4001110,섬진강,2020-09-10,20,6.2,8.6,1.6,3.2,,2.118,0.03,0.007,7.9,88
4007110,주암(본),2020-09-10,21,8,2.5,0.9,2.6,0.2,1.049,0.013,0.005,2.4,49
3303110,부안,2020-09-10,23,7,7.8,0.7,3,2.4,1.398,0.007,0,1.8,62
5101110,장흥,2020-09-10,22,7.3,8.6,1.6,4,1.6,0.409,0.016,0.004,3.6,70
3001110,용담,2020-09-10,19,7.1,7.5,0.9,3.2,1,1.862,0.008,0.002,1,87
2015110,합천,2020-09-10,16,7.3,7.8,1.2,2.4,5.1,1.903,0.006,0,3.4,120
2001110,안동,2020-09-10,18,7.5,7.1,1.7,3,2.3,1.262,0.016,0.013,15.5,122
3203110,보령,2020-09-10,23,7.8,7.9,1.1,1.8,1,1.427,0.01,0.005,1.4,111
2021110,밀양,2020-09-10,21,6.7,8.5,0.7,1.6,1.2,0.883,0.008,0,0.9,46
1012110,소양강,2020-09-10,17,7.1,9.3,1.1,2.2,4,1.695,0.016,0.008,12.1,61
2002110,임하,2020-09-10,20,7.5,7.8,2,3.6,4.3,1.302,0.025,0.018,5.5,189
1003110,충주,2020-09-10,19,7.5,8,1.2,2.2,1.6,1.702,0.023,0.008,4.9,175
2018110,남강,2020-09-10,23,6.4,8.1,0.7,3.3,0.8,0.802,0.019,0.005,2.4,109
1006110,횡성,2020-09-10,20,6.8,8.1,2.1,3.3,1.4,1.305,0.028,0.015,1.3,90
4001110,섬진강,2020-09-09,22,6.3,8.7,1.9,3.4,4,2.562,0.029,0.005,13.1,88
3001110,용담,2020-09-09,22,7.4,9.5,1.5,3.2,2.6,2.233,0.016,0.004,2.8,106
2001110,안동,2020-09-09,20,8,7.8,1.8,2.8,3.3,1.295,0.016,0.015,21,129
5101110,장흥,2020-09-09,26,7.3,7.6,1.9,4.8,3.2,0.775,0.013,0.004,2.5,71
1012110,소양강,2020-09-09,17,6.7,9.2,1.1,2.3,13.2,1.526,0.032,0.018,22.3,62
3203110,보령,2020-09-09,24,7.7,8.6,1.2,2.4,2.8,1.82,0.012,0.005,1.4,113
2021110,밀양,2020-09-09,25,6.7,9.2,1.1,2.1,0.8,0.798,0.006,0,1.2,44
2018110,남강,2020-09-09,24,8,6.8,1.3,4.1,2.8,1.283,0.061,0.039,3.7,115
1006110,횡성,2020-09-09,22,7.6,8.4,1.8,2.3,1.4,1.882,0.029,0.018,1.2,90
3008110,대청,2020-09-09,21,6.9,4.2,1.3,3.5,5,1.773,0.043,0.023,14.5,127
2015110,합천,2020-09-09,18,7.3,3.6,1.2,2.4,7.2,1.493,0.006,0,4.8,110
4007110,주암(본),2020-09-09,22,7.5,3.6,0.9,2.4,0.8,1.465,0.021,0.009,5.1,60
3303110,부안,2020-09-09,24,6.3,3.2,0.7,2.9,2.4,1.416,0.006,0,1.6,62
1003110,충주,2020-09-09,22,7.7,9.8,1.2,2.3,1.6,2.014,0.029,0.01,2.9,177
2002110,임하,2020-09-09,22,7.5,7.4,2,3.3,3.2,1.329,0.023,0.016,18,178
4007110,주암(본),2020-09-08,20,7.4,5.9,1.8,3,2.2,1.533,0.044,0.019,24.3,56
1006110,횡성,2020-09-08,23,7.9,9.9,1.6,2.4,9,3.057,0.067,0.023,3.9,91
2002110,임하,2020-09-08,24,7.7,8,2,3.3,4,1.337,0.019,0.015,32,179
4001110,섬진강,2020-09-08,22,6.7,7.8,1.8,3.1,3.9,2.476,0.035,0.01,18.4,90
3001110,용담,2020-09-08,22,8,7.7,1,3.4,2.6,2.189,0.017,0.004,10.9,100
3203110,보령,2020-09-08,21,7.6,7.5,1.1,1.6,3.2,1.982,0.014,0.005,1.8,178
5101110,장흥,2020-09-08,26,9.1,9.4,1.6,4.6,3.6,0.583,0.01,0.004,4.6,71
2015110,합천,2020-09-08,17,7.3,6.1,1.2,2.4,15.8,1.6,0.039,0,10.5,119
1012110,소양강,2020-09-08,15,7.3,9.3,1.7,3.2,35.4,1.826,0.021,0.009,48,65
3303110,부안,2020-09-08,24,6.4,7,1.8,3,0.6,1.472,0.005,0,1.9,59
2018110,남강,2020-09-08,24,7.9,7.9,1.1,3.5,3.2,1.548,0.018,0.004,1.8,68
3008110,대청,2020-09-08,22,7.7,5.4,1.5,4.2,14,1.939,0.064,0.035,30.3,123
2021110,밀양,2020-09-08,25,7.4,9.2,1.1,2.3,1.2,0.825,0.003,0,0.6,44
2001110,안동,2020-09-08,20,7.2,8,2,2.6,2.5,1.335,0.018,0.015,25,202
1003110,충주,2020-09-08,20,7.6,8.2,0.8,2.3,4,1.987,0.043,0.024,1.2,168
2002110,임하,2020-09-07,26,8,8.3,1.8,3.3,2,1.235,0.017,0.013,1.6,232
1003110,충주,2020-09-07,18,7.6,8.3,1.4,2.3,0.8,2.206,0.018,0.004,2.5,244
2021110,밀양,2020-09-07,24,7.4,8.6,0.7,1.9,1.9,1.987,0.005,0.001,1.6,47
5101110,장흥,2020-09-07,26,9.2,10.5,1.7,4.1,2.4,0.154,0.014,0,4.8,92
4001110,섬진강,2020-09-07,22,6.8,7.2,1.8,3.3,2.5,1.672,0.022,0.008,7.3,123
4007110,주암(본),2020-09-07,11,7.3,6.5,1.9,2.6,0.8,0.585,0.006,0.002,4.5,59
1012110,소양강,2020-09-07,14,8,9.7,1.1,2,0.8,1.754,0.006,0.002,0.6,78
3303110,부안,2020-09-07,26,7.2,8.1,1.6,2.9,0.8,1.533,0.005,0,1.9,71
2018110,남강,2020-09-07,26,7.4,8,1.1,4.3,3.6,1.369,0.027,0,5,118
3008110,대청,2020-09-07,17,7.6,9.2,0.9,2.2,0.7,0.987,0.009,0.001,2,161
1006110,횡성,2020-09-07,19,7,8.4,2,3.9,8.7,3.351,0.195,0.09,74,78
3001110,용담,2020-09-07,21,7.9,8.9,0.7,2.6,0.8,1.827,0.008,0.002,3,126
2015110,합천,2020-09-07,17,7.4,6.8,1.2,2.4,5.6,1.182,0.002,0,3.7,156
2001110,안동,2020-09-07,21,7.5,8.7,1.8,2.3,1.5,1.299,0.016,0.013,2.8,196
3203110,보령,2020-09-07,24,7.8,7.1,1.1,2.1,1.3,1.754,0.008,0.002,1.5,134
3303110,부안,2020-09-06,22,7.1,8.4,1.4,2.8,1.6,1.053,0.005,0,2.3,72
2018110,남강,2020-09-06,22,8.2,9.1,1.1,3.2,3.2,1.08,0.005,0,1.7,115
2002110,임하,2020-09-06,24,8.6,8.3,1.8,3,1.7,1.279,0.02,0.015,2,224
5101110,장흥,2020-09-06,21,8,9.3,1.4,3.1,2.7,0.417,0.017,0,1.9,82
2015110,합천,2020-09-06,15,7.1,7.8,1.1,2.2,2.7,0.714,0.01,0.003,1.8,170
1003110,충주,2020-09-06,12,8.1,10.5,1,1.9,0.6,2.015,0.018,0.004,0.4,238
1006110,횡성,2020-09-06,19,8.8,8.9,1.1,1.6,1.2,2.457,0.029,0.023,1.2,112
4007110,주암(본),2020-09-06,9,7.3,8.3,1.8,2.4,1,0.629,0.015,0.002,2.8,56
3001110,용담,2020-09-06,18,7.7,8.8,0.9,2.8,0.8,1.59,0.004,0.001,3.4,126
2021110,밀양,2020-09-06,15,7.7,10.1,0.9,1.4,0.2,0.668,0.001,0,0.5,55
1012110,소양강,2020-09-06,11,7.5,11.4,1.1,2.1,0.6,1.825,0.018,0.004,0.6,43
3008110,대청,2020-09-06,14,7.8,9.9,0.4,2.4,0.3,0.962,0.009,0.001,0.9,221
4001110,섬진강,2020-09-06,14,7.1,9.5,1.4,3,0.5,1.245,0.01,0.005,1.3,121
3203110,보령,2020-09-06,21,7.6,7.2,1.6,2.4,3.6,1.891,0.015,0.005,2.1,137
2001110,안동,2020-09-06,16,7.5,9,1.8,2.7,2.2,1.267,0.015,0.012,2.8,210
3203110,보령,2020-09-05,17,7.5,9.9,1.4,2,1.3,1.248,0.012,0.005,1.6,140
3001110,용담,2020-09-05,16,7.3,8.9,1.1,2.7,1.2,1.477,0.008,0.001,3,126
2021110,밀양,2020-09-05,15,6.9,9.9,0.6,1.3,1.4,0.653,0.001,0,0.7,50
2018110,남강,2020-09-05,19,7.5,9.1,0.6,2,2.8,1.367,0.011,0,1.2,143
3303110,부안,2020-09-05,17,7.3,9.2,1,2.8,1.3,0.976,0.011,0,1.4,67
2002110,임하,2020-09-05,20,8,8.9,2,3.4,1.7,1.11,0.015,0.012,2.4,206
1006110,횡성,2020-09-05,17,8.1,10.9,1.1,1.8,1.3,1.772,0.02,0.01,1.3,97
1012110,소양강,2020-09-05,9,7.7,11.4,0.8,1.9,1.5,1.866,0.011,0.001,1.7,71
4001110,섬진강,2020-09-05,13,6.9,9.2,1.3,2.8,0.2,1.073,0.008,0.004,0.3,131
5101110,장흥,2020-09-05,18,9.7,12.6,1.8,4.2,2.7,0.493,0.018,0,1.6,81
4007110,주암(본),2020-09-05,9,8.2,9.5,1.2,2.6,1,0.56,0.013,0.004,3.3,55
1003110,충주,2020-09-05,11,7.8,10.3,1,1.9,3.2,1.875,0.01,0.005,2.2,239
2015110,합천,2020-09-05,13,7,9.5,1.2,2.4,3.6,0.974,0.009,0.003,2.4,154
2001110,안동,2020-09-05,13,7.4,9,1.8,2.4,2,1.213,0.015,0.013,1.5,185
3008110,대청,2020-09-05,12,8.5,10.6,1,2.4,0.3,1.036,0.011,0.001,1,161
2015110,합천,2020-09-04,9,7.2,11.8,1,2,2.6,1.152,0.006,0.003,1.7,151
1003110,충주,2020-09-04,9,8.1,11,0.9,2.2,4,2.756,0.08,0.012,2.1,242
4001110,섬진강,2020-09-04,8,7.1,10.4,1.3,2.9,0.9,1.385,0.008,0.003,1.7,111
3008110,대청,2020-09-04,10,7.9,11.5,1.1,2.4,0.7,1.006,0.007,0.001,0.7,159
3203110,보령,2020-09-04,10,7.3,10.5,1,1.2,1.3,1.458,0.011,0.004,1.5,128
5101110,장흥,2020-09-04,9,7.7,12.5,1.6,3.5,1.9,0.503,0.02,0,2.1,77
2001110,안동,2020-09-04,8,7.6,9.6,1.8,2.9,1.7,1.297,0.017,0.013,2.3,87
1006110,횡성,2020-09-04,10,7.6,12.7,1.3,2.8,1,1.571,0.022,0.009,1.3,95
3303110,부안,2020-09-04,11,7.2,12,1.2,2.9,1.2,0.873,0.008,0,1.7,61
2021110,밀양,2020-09-04,9,6.9,11.1,0.7,1.5,0.8,0.749,0.003,0.001,1.1,45
3001110,용담,2020-09-04,10,7.3,10.7,1.1,2.6,0.8,1.401,0.012,0.001,1.3,119
1012110,소양강,2020-09-04,6,7.4,11.9,0.8,1.9,1.5,1.61,0.009,0,1.8,71
2002110,임하,2020-09-04,10,8,9.7,2,3.9,2,1.294,0.02,0.017,3.3,186
2018110,남강,2020-09-04,12,7.7,10.2,1.1,1.5,2,2.942,0.013,0,1.2,138
4007110,주암(본),2020-09-04,12,8.3,13.4,1.7,2.4,0.8,0.516,0.009,0.002,3.8,54
3303110,부안,2020-09-03,5,7,13.4,1.1,2.7,1.1,0.843,0.01,0,1.2,54
2018110,남강,2020-09-03,9,7.8,9.4,1.1,2.4,2.8,1.541,0.014,0.002,1.1,168
2021110,밀양,2020-09-03,7,6.9,11.5,0.6,1.3,0.9,0.758,0.005,0.001,0.9,47
1003110,충주,2020-09-03,6,8.1,11.2,1.3,2.2,2.4,1.892,0.018,0.004,2.4,230
2015110,합천,2020-09-03,4,7.3,16.3,1.2,2.6,4.7,0.938,0.012,0.004,3.1,183
3008110,대청,2020-09-03,6,7.7,12,0.8,2.7,0.3,1.171,0.007,0.001,0.7,163
1012110,소양강,2020-09-03,7,7.1,13.3,0.8,1.9,3.5,1.508,0.008,0.002,1.5,71
4007110,주암(본),2020-09-03,12,8.1,12.9,1.1,2.2,1.2,0.545,0.009,0.003,1.9,48
5101110,장흥,2020-09-03,6,7.4,12.7,1.4,3.1,1.7,0.481,0.018,0,2.4,76
3001110,용담,2020-09-03,4,8.1,12.7,1,2.5,1.2,1.22,0.005,0.002,5.1,117
3203110,보령,2020-09-03,7,7,10.8,0.8,1,1.2,1.251,0.009,0.003,1.2,132
2001110,안동,2020-09-03,4,8.1,10.1,1.7,2.9,0.7,1.355,0.014,0.011,2.5,72
4001110,섬진강,2020-09-03,4,7.1,11.2,1.4,3.2,2.1,1.299,0.011,0.003,1.5,111
1006110,횡성,2020-09-03,7,7.4,12.8,1.1,2.6,1.3,1.531,0.03,0.014,0.9,93
2002110,임하,2020-09-03,7,7.8,9.9,1.9,3.4,2,1.262,0.02,0.015,2,180
2001110,안동,2020-09-02,4,8.4,11.5,1.7,2.7,2.7,1.412,0.015,0.008,5.7,76
3203110,보령,2020-09-02,6,7.1,10.9,0.9,1,1.2,1.361,0.008,0.003,1.3,136
3008110,대청,2020-09-02,6,7.7,10.9,0.8,2.8,0.7,1.385,0.007,0.001,0.6,160
5101110,장흥,2020-09-02,4,7.1,12.1,1.4,2.8,1.3,0.68,0.02,0,1.8,80
1012110,소양강,2020-09-02,7,7.1,12,0.7,1.6,2,1.501,0.008,0.003,1,69
4001110,섬진강,2020-09-02,4,7.1,11.5,1.4,3,1,1.222,0.012,0.003,1.1,104
3303110,부안,2020-09-02,4,7.1,13.5,1,2.6,1.1,0.724,0.007,0,1.1,53
2018110,남강,2020-09-02,4,7.9,9.9,1.3,2.7,1.6,1.207,0.011,0.003,1.4,147
4007110,주암(본),2020-09-02,5,7.8,12.7,1.3,2.2,1,0.575,0.008,0.003,2.2,46
3001110,용담,2020-09-02,3,7.4,11.8,1,2.5,1,1.404,0.004,0.002,1.3,107
1006110,횡성,2020-09-02,4,7.3,12.3,1.2,2.3,1.7,1.358,0.015,0.009,1.6,91
2002110,임하,2020-09-02,5,7.8,9.6,1.7,3.4,2.3,1.258,0.02,0.017,1,170
2021110,밀양,2020-09-02,5,7,11,0.8,1.6,1,0.863,0.006,0.001,1.2,51
2015110,합천,2020-09-02,4,7.3,16.3,1.2,2.6,4.7,0.938,0.012,0.004,3.1,183
1003110,충주,2020-09-02,7,8.2,13.2,0.9,2.2,1.8,2.018,0.018,0.002,1.9,229
3203110,보령,2020-09-01,5,7.2,12.1,0.9,1.3,1.3,1.192,0.005,0.002,1.1,216
5101110,장흥,2020-09-01,6,7.1,12.3,1.6,3.3,1.7,0.673,0.023,0.002,3.6,77
1012110,소양강,2020-09-01,8,7.2,10.1,0.8,1.9,0.5,1.464,0.003,0.001,1,68
2001110,안동,2020-09-01,6,7.5,10.8,1.3,2.9,1,1.164,0.017,0.011,2.2,114
4001110,섬진강,2020-09-01,5,7.1,11.3,1.4,3.1,1.6,1.368,0.009,0.005,1,101
1003110,충주,2020-09-01,7,8.3,12.4,1.3,2.4,2.6,2.314,0.016,0,2.1,240
1006110,횡성,2020-09-01,5,7.4,13.4,1.2,2.4,0.9,1.637,0.023,0.011,1.1,97
2002110,임하,2020-09-01,2,7.9,10.4,1.7,3.4,1.5,1.182,0.02,0.017,2,190
2018110,남강,2020-09-01,4,7.9,9.5,1.1,2.5,0.8,1.364,0.015,0.003,1.3,140
3303110,부안,2020-09-01,5,7,13,1,2.7,1,0.736,0.007,0,1.3,54
3001110,용담,2020-09-01,4,7.6,9.9,1,2.6,1,1.334,0.006,0.002,3.3,105
4007110,주암(본),2020-09-01,6,7.3,9.9,2.1,2.6,2.2,0.614,0.019,0.004,4.7,47
3008110,대청,2020-09-01,7,7.5,9.3,0.7,2.8,1.7,1.161,0.007,0.001,1.2,159
2021110,밀양,2020-09-01,5,6.8,9.8,0.6,1.4,0.8,0.726,0.005,0.001,1,49
2015110,합천,2020-09-01,5,7.3,14.8,1.2,2.4,3.6,1.128,0.007,0.002,2.4,162
2002110,임하,2020-08-12,7,8.3,9.3,2.1,3.4,1.7,1.287,0.022,0.013,2,140
4001110,섬진강,2020-08-12,8,7,10.4,1.5,3.1,0.8,1.317,0.008,0.002,2.1,95
2015110,합천,2020-08-12,10,7.2,13.8,0.9,2,4.2,1.018,0.003,0,2.8,146
1012110,소양강,2020-08-12,11,7.1,10.1,0.9,2.2,1.5,1.495,0.003,0.001,2.6,65
1003110,충주,2020-08-12,13,7.9,8.7,1.2,2.2,2.8,2.235,0.012,0,3.1,171
4007110,주암(본),2020-08-12,12,6.9,8.7,1.1,2.4,1.2,0.613,0.012,0.003,2,56
2001110,안동,2020-08-12,11,7.8,10.7,1.3,2.6,1,1.248,0.015,0.009,2.6,79
3001110,용담,2020-08-12,10,7.8,9.2,1,2.7,0.6,1.17,0.011,0.002,2.5,102
5101110,장흥,2020-08-12,11,6.3,9.3,1.5,3.2,1.6,0.743,0.022,0.002,2.2,76
3008110,대청,2020-08-12,13,7.5,7.6,0.8,2.8,2.3,1.711,0.01,0.001,1,152
2018110,남강,2020-08-12,10,7.6,10.5,1.3,2.5,1.2,1.251,0.017,0.001,2,121
1006110,횡성,2020-08-12,8,6.9,8.9,1.2,2.8,1.1,1.532,0.018,0.008,3.1,98
2021110,밀양,2020-08-12,11,6.8,8.9,0.7,1.4,1.1,0.718,0.005,0.001,1.1,50
3303110,부안,2020-08-12,10,7,10.8,0.8,2.6,0.8,0.754,0.006,0,1.1,65
3203110,보령,2020-08-12,11,7,8.2,0.6,1.2,1.3,1.206,0.008,0.003,1.1,193
3303110,부안,2020-08-11,16,7,9,0.9,2.8,1,0.768,0.005,0,0.9,63
1012110,소양강,2020-08-11,14,6.9,9.4,1,2.3,3.5,1.659,0.012,0.001,6,63
3008110,대청,2020-08-11,17,7.4,7.5,0.7,2.7,3,1.502,0.011,0.001,1.5,134
3203110,보령,2020-08-11,18,7.2,7.8,0.8,1.1,1.3,0.963,0.012,0.005,1.1,159
3001110,용담,2020-08-11,16,7.5,7.6,1,2.8,1,1.304,0.009,0.003,2.1,98
5101110,장흥,2020-08-11,17,7.7,9,1.9,3.4,2.4,0.57,0.013,0.008,1.4,71
1006110,횡성,2020-08-11,10,7,9.3,1.1,2.3,1.2,1.521,0.019,0.01,1.9,93
2001110,안동,2020-08-11,15,7.3,8.4,1.4,3.1,2.3,1.256,0.019,0.01,5.4,99
2002110,임하,2020-08-11,12,8,9.3,2,3,2,1.122,0.022,0.015,2,153
4007110,주암(본),2020-08-11,10,7.4,4.5,1,2.4,1.6,0.653,0.013,0.004,2.6,46
2018110,남강,2020-08-11,18,7.7,8.9,1.4,2.8,1.8,1.605,0.016,0.001,4.4,115
2015110,합천,2020-08-11,9,7.3,10.1,1.2,2.6,3.4,0.62,0.008,0,2.3,130
1003110,충주,2020-08-11,16,8.2,10.8,1.4,2.3,4.8,1.859,0.03,0,3.8,176
4001110,섬진강,2020-08-11,7,7.2,10.7,1.1,3,0.8,1.197,0.006,0,1.4,90
2021110,밀양,2020-08-11,16,6.8,8.7,0.7,1.4,0.8,0.682,0.005,0.002,1.1,47
5101110,장흥,2020-08-10,23,7.5,8.6,1.8,4,2.6,0.609,0.004,0.002,0.7,70
3008110,대청,2020-08-10,19,7.6,4.8,0.7,2.8,2.7,1.599,0.014,0.003,1,134
3303110,부안,2020-08-10,22,7.1,9.2,0.9,2.7,0.8,0.843,0.01,0,0.9,58
4001110,섬진강,2020-08-10,8,7.2,10.9,1.4,3,1.6,1.461,0.009,0.003,2,89
2002110,임하,2020-08-10,21,8.2,9.5,1.7,3.2,2,1.288,0.021,0.015,2,199
3001110,용담,2020-08-10,21,7.4,7.3,1.1,3,1,1.312,0.011,0.004,1.9,96
4007110,주암(본),2020-08-10,23,7.4,6.6,1,2.6,0.8,0.646,0.012,0.004,1.7,68
2018110,남강,2020-08-10,22,7.4,9.9,1.3,2.6,3.6,0.744,0.014,0,3.6,82
1012110,소양강,2020-08-10,15,6.8,9.5,1.1,2.4,8,1.692,0.017,0.001,18,62
2001110,안동,2020-08-10,20,6.5,6.1,1.2,2.6,0.3,1.139,0.018,0.011,6.6,120
1006110,횡성,2020-08-10,19,7.1,8.5,1.1,1.9,0.7,1.627,0.015,0.008,1.2,91
3203110,보령,2020-08-10,23,7.6,6.8,1,1.6,1.5,1.204,0.012,0.005,1.8,113
1003110,충주,2020-08-10,19,8.3,9.6,1.6,2.8,6.2,1.614,0.032,0,5.4,178
2015110,합천,2020-08-10,17,7.2,4.3,1.5,3.4,4.2,0.731,0.009,0.004,2.8,145
2021110,밀양,2020-08-10,20,6.7,8.4,0.6,1.5,1.1,0.731,0.005,0.001,1,47
3008110,대청,2020-08-09,19,7.4,4.4,0.7,2.4,0.3,1.744,0.013,0.002,1,137
2001110,안동,2020-08-09,25,6.8,5.1,1.5,3.8,11.7,1.871,0.019,0.011,22.9,126
1012110,소양강,2020-08-09,17,6.8,7.3,1,2.5,11.5,1.751,0.022,0.002,25,62
3303110,부안,2020-08-09,25,6.7,8.6,0.9,2.7,0.8,1.125,0.006,0,1,62
2021110,밀양,2020-08-09,22,6.6,8.3,0.6,1.4,1.2,0.763,0.006,0.002,1.2,44
3001110,용담,2020-08-09,22,7.5,8.4,1,2.9,0.8,1.39,0.012,0.002,1.4,100
2002110,임하,2020-08-09,24,7.8,8.1,1.7,3.1,1.3,1.118,0.02,0.014,1,209
2015110,합천,2020-08-09,17,7.1,4.9,1.2,2.2,4.2,1.178,0.013,0.004,2.8,115
3203110,보령,2020-08-09,24,7,6.4,0.9,1.5,1.5,1.412,0.01,0.003,1.9,141
4001110,섬진강,2020-08-09,7,7,11.2,1.5,2.8,1,1.529,0.014,0.002,1.3,90
2018110,남강,2020-08-09,25,7.5,8.5,1.4,2.4,4.8,0.664,0.033,0,8.4,99
4007110,주암(본),2020-08-09,23,8,7.5,0.9,2.6,2.4,0.823,0.013,0.002,1.3,69
1003110,충주,2020-08-09,19,8.4,7,1.1,2,1,1.702,0.03,0,3.4,108
1006110,횡성,2020-08-09,25,8.4,10.9,1.3,2.5,1.2,2.611,0.047,0.02,3.9,90
5101110,장흥,2020-08-09,26,8.4,10.1,1.4,3.5,1.8,0.483,0.018,0.003,1.4,70
3008110,대청,2020-08-08,19,7.2,6.4,0.9,2.8,0.7,1.897,0.009,0.001,3.6,148
4007110,주암(본),2020-08-08,19,7,3.4,0.4,2.6,2.2,1.405,0.008,0.002,1.6,62
2001110,안동,2020-08-08,25,5.8,5.8,1.6,3,20.4,1.936,0.021,0.013,116,125
4001110,섬진강,2020-08-08,7,7.2,10.9,1.4,2.8,1,1.298,0.007,0.002,1,92
3001110,용담,2020-08-08,22,7.7,7.7,1.2,2.8,2.8,1.674,0.01,0.003,2.5,97
5101110,장흥,2020-08-08,21,7.2,7.5,1.4,3.1,1.8,0.774,0.014,0.008,1.2,62
2002110,임하,2020-08-08,28,7.7,7.5,1.6,2.9,3,1.314,0.019,0.014,2,210
2018110,남강,2020-08-08,26,7.4,9.9,1.5,2.6,2.4,0.42,0.03,0,1.8,91
2021110,밀양,2020-08-08,21,6.5,8.6,0.6,1.7,2,0.784,0.009,0.001,1.9,43
1006110,횡성,2020-08-08,25,8.3,8.8,1.3,2.8,3.1,1.829,0.057,0.019,3.1,95
1003110,충주,2020-08-08,19,8.4,8.2,1.2,2.3,16.5,1.977,0.012,0.006,22.2,178
1012110,소양강,2020-08-08,17,6.8,8.4,1.2,2.9,13.5,1.632,0.019,0.008,41.3,67
3303110,부안,2020-08-08,27,6.7,8.1,1,2.7,1,0.897,0.009,0,0.9,59
3203110,보령,2020-08-08,26,7,7,1,1.4,1.6,1.609,0.011,0.002,2.6,121
2015110,합천,2020-08-08,16,7.1,3.8,1,2.1,3.9,1.42,0.026,0.005,2.6,112
3001110,용담,2020-08-07,18,7.7,9.6,1,2.8,0.8,1.59,0.008,0.002,2.5,103
2002110,임하,2020-08-07,21,7.8,7.1,1.7,2.9,2,1.4,0.02,0.016,2,180
5101110,장흥,2020-08-07,20,7.3,7.6,1.6,3.2,2.4,1.002,0.018,0.004,1.4,65
1012110,소양강,2020-08-07,13,8,11.1,1.1,1.7,3,1.634,0.006,0.002,0.5,70
3008110,대청,2020-08-07,16,7.1,9.1,0.9,2.5,0.7,1.664,0.009,0.001,2.8,141
4001110,섬진강,2020-08-07,7,7.3,10.9,1.3,2.7,0.8,1.322,0,0,0.9,93
4007110,주암(본),2020-08-07,20,7.5,9.3,1,2,1.2,0.891,0.011,0.005,1.6,51
1003110,충주,2020-08-07,14,8,1.1,1.1,1.8,0.4,2.081,0.008,0.004,0.6,228
2021110,밀양,2020-08-07,20,6.7,8.7,0.7,1.5,1.2,0.801,0.008,0.001,1.8,47
1006110,횡성,2020-08-07,24,8.2,8.7,1.3,2.8,2.7,1.611,0.029,0.009,3,140
3303110,부안,2020-08-07,23,6.8,8.7,1,2.8,1,0.815,0.008,0,1.4,54
2018110,남강,2020-08-07,21,7.2,9.2,1.8,2.8,2.8,1.415,0.047,0,5,109
3203110,보령,2020-08-07,21,7.4,8.6,2.1,2.7,2.4,1.274,0.014,0.003,3.3,158
2015110,합천,2020-08-07,13,7.1,7.5,1.2,2.4,5.7,1.529,0.014,0.004,3.8,106
2001110,안동,2020-08-07,16,7.3,9.4,1.1,2.6,2.3,1.694,0.016,0.007,0.7,157
2018110,남강,2020-08-06,21,7.7,9.5,1.4,2.6,0.8,1.205,0.019,0,5.1,109
3008110,대청,2020-08-06,14,7.3,10.9,1,2.7,1,1.8,0.007,0.001,2,132
2015110,합천,2020-08-06,8,7.1,8.5,1.6,3,2.4,1.746,0.015,0.003,1.6,98
1006110,횡성,2020-08-06,21,7.5,10.1,1.1,2.8,2,2.007,0.047,0.029,3.6,101
2002110,임하,2020-08-06,18,7.8,8.2,1.6,3,3,1.485,0.016,0.014,3,175
1003110,충주,2020-08-06,15,7.6,9.7,0.9,2,5,2.03,0.006,0.002,3.4,208
2021110,밀양,2020-08-06,19,7.1,9.1,0.6,1.5,0.9,0.806,0.005,0.001,1.4,49
3203110,보령,2020-08-06,17,7.3,9.8,1.5,2,3.6,1.129,0.014,0.005,1.1,109
2001110,안동,2020-08-06,11,8.3,11.6,1.4,2.7,1.7,1.613,0.012,0.01,1.7,137
4001110,섬진강,2020-08-06,7,7.9,11.1,1.5,2.9,0.8,1.334,0.006,0,0.9,90
3001110,용담,2020-08-06,16,7.4,8.4,0.9,2.7,0.8,1.463,0.008,0.003,1.6,96
3303110,부안,2020-08-06,22,6.9,9.1,1,2.6,1,0.829,0.006,0,0.9,56
4007110,주암(본),2020-08-06,9,7.2,12.9,0.9,2.6,0.6,0.78,0.035,0.006,2.2,43
5101110,장흥,2020-08-06,18,7.6,8.5,1.2,2.6,3.8,0.599,0.012,0,2.6,70
1012110,소양강,2020-08-06,12,7.1,8.7,1.1,1.8,3,1.632,0.009,0.001,1.7,74
1006110,횡성,2020-08-05,17,7.9,11.7,1.4,2.7,2.9,1.682,0.038,0.016,3.7,92
4001110,섬진강,2020-08-05,6,7.4,11.2,1.8,3,0.6,1.233,0.004,0,0.8,88
3203110,보령,2020-08-05,16,7.7,8.9,0.9,1.5,1.2,1.181,0.012,0.005,1.2,145
5101110,장흥,2020-08-05,15,7.9,10.9,0.9,2.1,,0.655,0.01,0.002,2.1,68
4007110,주암(본),2020-08-05,12,7.4,12.9,1.2,2.4,0.6,0.809,0.016,0.003,1.9,41
3303110,부안,2020-08-05,17,6.9,10.1,0.8,2.8,1.2,0.831,0.008,0,1.3,55
3008110,대청,2020-08-05,11,7.1,10.8,0.9,2.7,1.3,1.561,0.008,0.001,2.4,138
3001110,용담,2020-08-05,13,8.1,10.7,1.1,2.7,0.4,1.292,0.007,0.002,2.1,96
2015110,합천,2020-08-05,7,7.1,9.8,0.7,1.4,2.8,1.535,0.015,0.003,1.9,96
1003110,충주,2020-08-05,11,8.2,11.7,0.9,1.7,0.8,1.968,0.014,0.004,0.6,116
2002110,임하,2020-08-05,16,7.6,8.7,1.7,3.1,2.2,1.551,0.016,0.012,2,172
2001110,안동,2020-08-05,9,6.9,12.7,1.5,3,2,2.239,0.04,0.002,4.8,128
2021110,밀양,2020-08-05,17,7.1,9.6,0.6,1.5,1.7,0.742,0.007,0.001,0.8,44
1012110,소양강,2020-08-05,10,7.1,9.5,1,1.7,2.5,1.674,0.011,0.002,1.3,71
2018110,남강,2020-08-05,18,7.5,10.3,1,2.4,1.4,1.299,0.012,0,2.1,88
1003110,충주,2020-08-04,9,7.4,12.8,1,1.6,0.8,2.086,0.016,0.005,0.4,238
3303110,부안,2020-08-04,10,7,11.7,1,2.7,1,0.962,0.009,0,1.1,51
4007110,주암(본),2020-08-04,7,7.7,13.1,1.4,2.6,2.6,0.765,0.019,0.006,0.8,39
2018110,남강,2020-08-04,11,7.7,10,1.5,2.6,1.6,1.57,0.021,0,4.3,130
5101110,장흥,2020-08-04,10,7.2,12.2,1,2.4,,0.454,0.013,0,1.4,67
2021110,밀양,2020-08-04,7,7,9.8,0.5,1.1,1.3,0.704,0.007,0.001,1.5,41
2001110,안동,2020-08-04,7,8,12.8,1.4,2.8,1.3,1.7,0.01,0.005,0.7,123
2002110,임하,2020-08-04,10,8.1,10.2,1.8,3.1,1,1.823,0.018,0.014,2,164
2015110,합천,2020-08-04,7,7.1,11.2,0.9,1.6,2.8,1.743,0.008,0.003,1.9,99
1012110,소양강,2020-08-04,7,7.1,11.6,0.9,1.6,1.5,1.483,0.007,0.001,0.9,70
1006110,횡성,2020-08-04,14,7.3,10.4,1.2,2.5,1.8,1.429,0.051,0.02,1.2,87
4001110,섬진강,2020-08-04,6,7.3,11.5,1.5,3,0.4,1.426,0.003,0,0.9,87
3203110,보령,2020-08-04,12,7.9,13.5,1.1,1.4,1.6,1.134,0.015,0.004,1.1,153
3001110,용담,2020-08-04,8,7.2,12.3,1.1,2.6,0.6,1.281,0.008,0.002,1.8,93
3008110,대청,2020-08-04,7,7.2,12,1.1,2.4,0.7,1.51,0.009,0.001,1.8,121
1012110,소양강,2020-08-03,6,7.1,16.5,0.8,1.9,2,1.522,0.009,0.002,1.2,71
3001110,용담,2020-08-03,6,7.9,12,1.1,2.5,0.8,1.342,0.009,0.003,1.7,94
1006110,횡성,2020-08-03,10,7.2,10.3,0.9,1.7,1.4,1.362,0.045,0.038,1,97
4007110,주암(본),2020-08-03,5,7.3,12.1,0.8,2.8,1.4,0.94,0.02,0.009,4.2,38
2015110,합천,2020-08-03,6,7.2,11.2,1,1.7,3.3,1.767,0.017,0.002,2.2,86
5101110,장흥,2020-08-03,5,7.2,13.1,0.9,2,1.8,0.589,0.009,0,1.2,67
3203110,보령,2020-08-03,6,7.3,11.8,1.5,1.9,1.6,1.339,0.01,0.004,0.9,159
1003110,충주,2020-08-03,5,8.1,10.7,1.1,2,1.6,1.968,0.014,0.003,1.1,197
2018110,남강,2020-08-03,7,7.2,10.3,0.9,2.4,0.6,1.554,0.025,0,2.8,103
2001110,안동,2020-08-03,6,8,12.8,1.2,2.5,4.3,1.209,0.006,0.003,2.1,180
3303110,부안,2020-08-03,5,7,13.5,1.1,2.6,1.4,0.797,0.007,0.001,1.1,50
3008110,대청,2020-08-03,6,7.5,11.8,1.2,2.5,0.3,1.487,0.008,0.001,1,119
2021110,밀양,2020-08-03,4,6.9,10.5,0.5,1.1,0.8,0.752,0.005,0.001,1.4,37
2002110,임하,2020-08-03,7,7.8,10.1,1.7,3,1,1.521,0.019,0.017,2,175
4001110,섬진강,2020-08-03,6,7.2,13.9,1.3,2.9,0.8,1.375,0.008,0.002,1,89
2002110,임하,2020-08-02,3,7.6,10.5,1.8,3,0.5,1.465,0.02,0.017,2,150
3203110,보령,2020-08-02,4,7.3,12.3,1.2,1.4,2,1.391,0.004,0.001,1.4,166
2018110,남강,2020-08-02,4,7.5,10.4,1.4,2.4,0.6,2.183,0.013,0.001,5.1,115
3001110,용담,2020-08-02,4,7.2,11.1,1,2.5,1.2,1.156,0.009,0.004,2.7,56
1006110,횡성,2020-08-02,2,7.2,13.9,1,2.6,2.3,2.31,0.048,0.019,2.8,103
2021110,밀양,2020-08-02,5,6.9,11.5,0.5,1.1,0.7,0.764,0.006,0.001,1.6,51
4001110,섬진강,2020-08-02,6,7.4,14,1.9,3.2,0.6,1.664,0.006,0,1.4,90
4007110,주암(본),2020-08-02,6,7.5,10.3,1,2.6,4.4,0.872,0.022,0.007,4.7,40
3303110,부안,2020-08-02,5,7,13,1.2,2.4,1.1,0.832,0.014,0.002,1.1,54
2001110,안동,2020-08-02,4,8.3,11.8,1.2,2.4,2,0.936,0.004,0.002,2.3,179
2015110,합천,2020-08-02,7,7.1,10.9,1,2.1,2.5,1.479,0.015,0.003,1.7,98
3008110,대청,2020-08-02,6,7.3,10.8,1,2.5,0.3,1.771,0.011,0.001,1.2,120
5101110,장흥,2020-08-02,6,7,12.1,0.8,2.5,,0.646,0.012,0,0.9,66
1012110,소양강,2020-08-02,5,7.3,12.7,0.8,1.8,1,1.517,0.01,0.001,1.1,64
1003110,충주,2020-08-02,6,7.8,16.3,1,1.8,2,1.868,0.012,0.001,1.4,173
2001110,안동,2020-08-01,6,7.9,10.2,1.4,2.6,2.7,1.895,0.005,0.003,2,179
3203110,보령,2020-08-01,6,7.5,11.1,1,1.3,1.5,1.083,0.012,0.004,2.2,156
4001110,섬진강,2020-08-01,7,7.2,11.2,1.8,3.4,0.4,1.826,0.012,0.004,1.9,85
2015110,합천,2020-08-01,9,7.1,13.7,0.9,1.6,2.5,1.844,0.016,0.004,1.7,99
3008110,대청,2020-08-01,8,7.4,10,0.8,2.4,3,1.395,0.014,0.002,5.1,123
2021110,밀양,2020-08-01,7,6.8,10.4,0.4,1.2,0.8,0.698,0.007,0.002,1.4,49
5101110,장흥,2020-08-01,7,7.2,10.6,0.8,2.3,1.8,0.605,0.018,0,2,65
1003110,충주,2020-08-01,9,7.6,11,1.1,1.9,3.6,1.961,0.014,0.002,2.5,178
3303110,부안,2020-08-01,8,7,12.5,1.3,2,1.3,0.865,0.008,0.003,1.4,50
4007110,주암(본),2020-08-01,8,7.3,7.8,1.7,2.6,2.4,0.768,0.012,0.003,4.9,44
2018110,남강,2020-08-01,10,7.4,11.5,1.2,2.4,1,1.37,0.05,0.002,4.5,72
1006110,횡성,2020-08-01,2,7.2,14.3,1.1,3.1,2.9,2.114,0.078,0.027,3.1,101
2002110,임하,2020-08-01,5,8,9.5,1.5,3.1,1,1.485,0.02,0.016,2,187
1012110,소양강,2020-08-01,8,7.5,9.1,0.9,1.7,2.5,1.59,0.011,0.003,1.4,63
3001110,용담,2020-08-01,7,7.1,10.1,1.1,2.4,0.8,1.163,0.004,0.003,2.4,59
1012110,소양강,2020-07-12,12,7,8.9,0.9,1.7,3,1.584,0.008,0.003,3.3,63
3203110,보령,2020-07-12,8,7.1,10.3,1.3,1.9,1.6,1.796,0.009,0.004,1.9,141
2001110,안동,2020-07-12,11,8,8.8,1.3,2.6,0.8,1.996,0.008,0.004,1.7,169
2021110,밀양,2020-07-12,10,6.9,10.4,0.5,1.2,1.4,0.695,0.007,0.002,1.8,33
3303110,부안,2020-07-12,12,6.9,11,1.3,2.5,2.4,1.245,0.007,0.002,1.2,48
1006110,횡성,2020-07-12,10,7.4,8.5,1.1,2.5,3,1.311,0.024,0.011,3.6,76
2002110,임하,2020-07-12,7,7.7,9.7,1.7,3.8,2.5,1.397,0.023,0.02,6,159
3001110,용담,2020-07-12,9,6.9,7,1,2.4,0.8,1.491,0.007,0.005,2.3,62
2018110,남강,2020-07-12,10,7.5,10,1.6,2.5,2.7,1.112,0.025,0.004,10.8,67
2015110,합천,2020-07-12,12,7.1,11.7,1.3,2.6,2.7,2.014,0.018,0.005,1.8,98
1003110,충주,2020-07-12,12,8.3,13.5,1.3,2,2.6,2.159,0.016,0.006,5.4,181
3008110,대청,2020-07-12,11,7.4,9.1,1.1,2.7,3.7,1.369,0.016,0.003,3.6,119
4007110,주암(본),2020-07-12,12,7.2,9.2,0.6,2.4,4,0.811,0.012,0.004,3.3,46
4001110,섬진강,2020-07-12,8,7.1,8.7,1.4,3.2,2.8,1.406,0.017,0.002,2.7,85
2002110,임하,2020-07-11,15,7.7,9.5,1.7,4,2.5,1.647,0.027,0.02,8,161
2001110,안동,2020-07-11,17,7.9,10.2,1.2,2.6,1.7,1.221,0.013,0.006,1.8,140
2015110,합천,2020-07-11,18,7.3,11.3,1.2,2.4,4.5,1.647,0.017,0.006,3,90
3203110,보령,2020-07-11,15,6.9,10.1,1.6,2.6,1.8,2.114,0.029,0.011,1.7,143
2021110,밀양,2020-07-11,15,6.8,9.9,0.5,1.1,1.1,0.682,0.007,0.001,1.7,37
4007110,주암(본),2020-07-11,19,7.2,6.9,0.4,1.8,1.6,1.019,0.022,0.004,4,50
1003110,충주,2020-07-11,17,8.7,12.2,1.5,2.2,5.4,2.355,0.018,0.008,3.5,169
2018110,남강,2020-07-11,18,7.4,9,1,2.6,4,1.154,0.03,0.003,14.2,75
1012110,소양강,2020-07-11,15,7.3,6.9,0.7,2.3,8.5,1.611,0.017,0.008,6.8,58
3001110,용담,2020-07-11,18,7.2,7.8,1,2.5,1.4,1.447,0.017,0.012,1.4,83
3008110,대청,2020-07-11,16,7.5,7.7,1.3,2.7,0.3,1.649,0.021,0.008,4.2,150
1006110,횡성,2020-07-11,15,7,7.2,1.3,2.7,3.5,1.627,0.031,0.011,2.2,83
4001110,섬진강,2020-07-11,8,7.1,10.2,1.2,2.8,1.4,1.723,0.005,0,0.7,105
3303110,부안,2020-07-11,17,6.8,11.1,1,2.7,0.8,1.236,0.005,0.002,0.9,47
3203110,보령,2020-07-10,23,6.8,9.1,1.4,1.9,1.6,1.458,0.022,0.014,0.9,132
3303110,부안,2020-07-10,23,6.7,8.7,0.8,2.5,1,1.444,0.005,0.002,0.7,50
1006110,횡성,2020-07-10,21,7.5,10.2,1,2.1,2.3,1.583,0.02,0.007,2.8,79
2015110,합천,2020-07-10,19,7.2,11.7,1,2.2,12.4,1.665,0.025,0.01,8.3,68
2021110,밀양,2020-07-10,21,7,9.1,0.7,1.4,1.2,0.704,0.008,0.002,2.1,42
3001110,용담,2020-07-10,20,7.4,9.8,1,2.9,1.4,1.349,0.017,0.006,1.8,77
1003110,충주,2020-07-10,19,8.7,9.8,1.4,2.1,7.5,2.324,0.016,0.006,15,162
2001110,안동,2020-07-10,18,7.4,10.1,1.2,2.5,1.7,1.594,0.025,0.013,7.1,216
3008110,대청,2020-07-10,21,7,7.2,1.1,2.6,3.3,1.673,0.046,0.001,5.4,115
2018110,남강,2020-07-10,22,7.8,9.6,1,2.1,4.2,0.914,0.037,0.002,17.4,61
1012110,소양강,2020-07-10,17,7.1,9.6,0.8,2.7,10.5,1.723,0.027,0.011,20.8,55
4001110,섬진강,2020-07-10,8,7.2,12.4,1.4,3,1,2.095,0.011,0.004,1.8,100
4007110,주암(본),2020-07-10,21,7.3,4.7,0.8,3,1.4,1.314,0.038,0.015,11.9,49
2002110,임하,2020-07-10,21,7.6,10.8,1.5,3.5,5,1.819,0.037,0.023,16,147
2001110,안동,2020-07-09,17,7.8,6.4,0.9,1.2,1.3,1.501,0.024,0.011,10.1,221
2015110,합천,2020-07-09,19,7.2,7.7,1.2,3,49.8,1.752,0.03,0.012,33.2,89
4007110,주암(본),2020-07-09,23,6.9,3.2,1,2,1.4,1.067,0.009,0.002,1.8,64
3001110,용담,2020-07-09,21,7.4,7.8,1.2,2.8,1.4,1.836,0.019,0.004,4.4,79
2018110,남강,2020-07-09,22,7.9,8.7,1,2.5,22,1.322,0.044,0.002,35.4,73
3203110,보령,2020-07-09,23,6.9,7.9,0.6,1.1,1.4,1.76,0.014,0.008,0.9,109
1006110,횡성,2020-07-09,19,7.1,10.4,1.1,2.8,4.1,1.827,0.022,0.014,4.8,79
1003110,충주,2020-07-09,19,7.8,11,1.2,2.2,4,2.254,0.012,0.004,10.9,181
3303110,부안,2020-07-09,23,6.3,8.3,0.6,2.4,1.8,1.475,0.008,0.003,5,50
1012110,소양강,2020-07-09,17,6.7,8.9,0.9,2.8,31,1.792,0.029,0.011,55,55
4001110,섬진강,2020-07-09,9,7,12.7,1.1,3.1,2.2,1.765,0.01,0.003,3.9,101
2002110,임하,2020-07-09,22,7.3,8.7,1.6,3,7.5,1.825,0.039,0.021,30,175
3008110,대청,2020-07-09,24,7,9.1,1.3,3.6,4.7,1.626,0.045,0.015,14.5,143
2021110,밀양,2020-07-09,21,7.2,10.2,1,1.7,1.8,0.854,0.005,0.002,2.6,44
2015110,합천,2020-07-08,18,7.3,8.9,1.3,2.6,6.7,2.163,0.018,0.005,4.2,114
3008110,대청,2020-07-08,22,8,7,0.8,2.8,1.7,1.908,0.013,0.001,3.3,156
4007110,주암(본),2020-07-08,16,7,5.1,0.8,2.4,3.6,1.281,0.034,0.005,2.2,66
2002110,임하,2020-07-08,22,7.7,7.7,1.6,2.7,1.7,1.298,0.021,0.016,2,171
1012110,소양강,2020-07-08,18,7.1,8.1,0.6,1.7,3,1.418,0.009,0.002,2.8,74
1006110,횡성,2020-07-08,19,7.6,9.5,1.3,3.1,4.1,1.792,0.02,0.011,2.7,97
3303110,부안,2020-07-08,26,6.3,7.9,1.5,2.7,1.6,2.158,0.006,0.003,1.4,69
2021110,밀양,2020-07-08,25,7.4,8.4,1.1,1.8,2,0.862,0.007,0.002,2.4,49
2018110,남강,2020-07-08,29,8.1,7.6,1.3,2.6,3.2,1.632,0.057,0.001,13.3,93
4001110,섬진강,2020-07-08,9,6.8,11,1.4,3.1,1,2.356,0.004,0,1.5,98
2001110,안동,2020-07-08,21,7.4,3.9,1,2.3,0.6,1.26,0.009,0.005,1.2,201
1003110,충주,2020-07-08,20,7.9,10.9,1.4,2.2,3.2,2.387,0.013,0.005,6.1,206
3203110,보령,2020-07-08,27,7.7,8.3,1.3,1.8,2.2,1.759,0.017,0.01,2.2,110
3001110,용담,2020-07-08,22,7.5,10.6,0.6,2.6,1.4,1.671,0.008,0.001,1.3,101
2001110,안동,2020-07-07,19,7.8,8.6,1.3,2.8,1.3,1.465,0.011,0.007,1.9,200
2021110,밀양,2020-07-07,10,6.9,8.9,0.7,1.4,1.8,0.816,0.007,0.002,3.7,49
4001110,섬진강,2020-07-07,9,7.2,14.5,1.2,3,1.6,2.125,0.005,0,0.6,101
2002110,임하,2020-07-07,18,7.8,8,1.5,2.7,2.5,1.227,0.023,0.017,4,157
2018110,남강,2020-07-07,24,7.5,7.6,1.5,2.5,4.2,0.699,0.049,0.005,22.8,111
3008110,대청,2020-07-07,17,7.4,8.3,0.7,2.5,0.3,1.365,0.01,0.001,2,146
2015110,합천,2020-07-07,17,7.2,8.8,1.2,2.6,6.7,1.738,0.011,0.003,4.3,110
3203110,보령,2020-07-07,22,7,5.6,1.1,1.3,3.6,1.625,0.014,0.01,4.9,102
1003110,충주,2020-07-07,17,8,8.3,1.4,2.1,1,2.426,0.016,0.004,2.4,213
1012110,소양강,2020-07-07,15,7.3,9.9,0.8,1.8,3.5,1.423,0.01,0.001,2.6,73
1006110,횡성,2020-07-07,19,7.7,9.4,1.1,2.3,1.8,2.176,0.02,0.011,3.2,98
3303110,부안,2020-07-07,23,6.9,8.7,1.3,2.4,2.1,1.645,0.005,0.002,1.7,71
3001110,용담,2020-07-07,19,7.5,8.5,0.9,2.7,0.8,1.71,0.024,0.002,2.1,97
4007110,주암(본),2020-07-07,9,7.3,9.2,1.4,2,2.8,0.944,0.013,0.003,2.3,52
1006110,횡성,2020-07-06,17,7.1,10.3,0.8,1.8,1.6,1.531,0.008,0.006,1.6,91
4007110,주암(본),2020-07-06,9,7.9,11.5,1.1,2.2,3.2,0.832,0.017,0.004,1.9,51
3303110,부안,2020-07-06,21,7,11.3,2,2.3,2.3,1.755,0.01,0.004,0.7,69
3001110,용담,2020-07-06,16,7.6,9.9,0.8,2.6,1.2,1.34,0.007,0.006,1.8,85
2002110,임하,2020-07-06,22,8.1,8.2,1.7,2.5,2.5,1.421,0.024,0.016,1,180
2018110,남강,2020-07-06,20,7.6,8.2,1.1,2.9,1.4,1.326,0.041,0.003,9.3,111
3203110,보령,2020-07-06,21,7.3,6.7,1.3,1.5,1.8,1.313,0.013,0.01,1.1,109
1003110,충주,2020-07-06,12,7.7,12.3,1.1,2,1.2,2.32,0.015,0.005,2,208
4001110,섬진강,2020-07-06,10,7,11.3,1.4,3,1.8,1.623,0.005,0,0.9,99
3008110,대청,2020-07-06,15,7.8,9.9,0.8,2.4,1.3,1.74,0.008,0.001,1.4,152
2021110,밀양,2020-07-06,19,7.1,8.8,0.8,1.4,1.9,0.795,0.008,0.002,3.9,48
2015110,합천,2020-07-06,15,7,7.7,0.8,1.8,3.5,1.427,0.01,0.003,2.2,108
1012110,소양강,2020-07-06,12,7.2,11.1,0.6,1.9,2.1,1.407,0.011,0.002,4.1,62
2001110,안동,2020-07-06,7,6.5,2.7,1.3,2.7,1.7,1.245,0.013,0.007,1.5,196
3001110,용담,2020-07-05,13,7.5,10.5,0.8,2.6,0.6,1.2,0.017,0.007,2.5,95
4007110,주암(본),2020-07-05,8,7.5,15.7,1.2,2.6,2.2,0.829,0.015,0.005,2,49
1012110,소양강,2020-07-05,10,7.3,10.8,0.6,2.1,5,1.461,0.015,0.005,8.1,79
4001110,섬진강,2020-07-05,10,7.5,12,1.3,3.1,1.2,1.365,0.007,0.002,1.6,95
3203110,보령,2020-07-05,19,7.3,9.7,1.3,1.5,1.9,1.592,0.014,0.01,2.2,103
3008110,대청,2020-07-05,12,7.8,11.3,0.8,2.4,0.3,1.145,0.01,0.002,2.3,148
2002110,임하,2020-07-05,17,7.3,11.3,1.6,2.5,3.2,1.445,0.026,0.016,2.5,185
1003110,충주,2020-07-05,10,7.1,13.9,1.2,2.1,2.6,2.402,0.016,0.006,5.3,227
4104610,주암(조),2020-07-05,9,7.9,14.6,0.6,2.6,1.4,1.019,0.016,0.004,1.2,50
2018110,남강,2020-07-05,17,7.3,8.3,0.9,2.2,2,1.152,0.041,0.006,6.9,105
2021110,밀양,2020-07-05,14,7.1,9.4,0.7,1.3,0.8,0.765,0.007,0.002,1.7,48
3303110,부안,2020-07-05,16,7,11.2,1,2.8,1.8,1.295,0.005,0.002,0.9,69
2015110,합천,2020-07-05,13,6.9,11.8,1.1,2,2.3,1.427,0.01,0.004,1.5,106
2001110,안동,2020-07-05,10,7.7,8.4,0.8,1.8,2,1.202,0.015,0.007,1.7,187
1006110,횡성,2020-07-05,22,8.1,7.5,1.1,2.1,4.3,1.651,0.005,0.003,7,101
2015110,합천,2020-07-04,12,6.9,13.7,1.1,2.1,2.7,1.44,0.006,0.002,1.8,103
2018110,남강,2020-07-04,15,7.1,9.8,1.8,2.8,0.6,1.488,0.059,0.003,4,108
3008110,대청,2020-07-04,10,7.9,11.9,0.9,2.6,0.7,1.17,0.007,0.001,4.2,139
1006110,횡성,2020-07-04,9,7.9,12.1,1,2.1,2.2,1.681,0.011,0.008,4.1,81
3001110,용담,2020-07-04,9,6.9,10.4,0.9,2.5,1.6,1.548,0.018,0.009,2,87
3303110,부안,2020-07-04,9,6.8,11.1,1.4,2.2,1.4,1.558,0.005,0.003,1.3,64
1003110,충주,2020-07-04,10,7.8,13.9,1.1,2,1.6,2.247,0.015,0.005,2.6,217
2002110,임하,2020-07-04,13,7.3,11.5,1.8,2.8,4,1.397,0.023,0.015,5,165
4001110,섬진강,2020-07-04,8,7.2,11.9,1.4,2.9,0.8,1.486,0.005,0,1.4,96
4007110,주암(본),2020-07-04,7,7.2,11.9,1.1,2,0.8,0.751,0.007,0.002,2.2,48
2001110,안동,2020-07-04,6,7.9,12.3,1.2,2.4,1.7,1.304,0.012,0.007,2.1,193
1012110,소양강,2020-07-04,10,7.1,11.2,0.9,2.3,8.5,1.812,0.028,0.01,10,67
2021110,밀양,2020-07-04,9,7.1,9.5,0.8,1.5,2.1,0.839,0.007,0.002,2.8,48
3203110,보령,2020-07-04,12,7.5,11.1,1.4,1.6,1.9,1.401,0.014,0.01,1.2,102
3303110,부안,2020-07-03,7,6.7,11.8,1.3,2,1.4,1.582,0.008,0.003,1.9,57
1012110,소양강,2020-07-03,6,7.2,11.3,1.4,2.6,13.5,1.494,0.023,0.006,18.3,65
2001110,안동,2020-07-03,6,7.7,12.4,1,2.2,1.7,1.301,0.007,0.005,2.1,184
4001110,섬진강,2020-07-03,8,7.2,13.4,2,3.4,3.2,1.364,0.013,0,2.1,98
2002110,임하,2020-07-03,5,8.1,10.8,1.7,2.7,1.5,1.331,0.025,0.02,5.5,170
3203110,보령,2020-07-03,6,7.8,13.3,1.8,2,2.4,1.398,0.015,0.012,1.4,105
2015110,합천,2020-07-03,7,6.8,15,0.9,1.8,3.7,1.21,0.008,0.004,2.5,104
1003110,충주,2020-07-03,5,8,14.4,1.2,2.1,0.8,2.284,0.01,0.006,1.1,232
1006110,횡성,2020-07-03,5,7.3,12.1,0.9,2,5.1,1.025,0.019,0.017,1.6,78
4007110,주암(본),2020-07-03,7,8,13,1,2.8,1,0.757,0.01,0.002,2.7,47
2021110,밀양,2020-07-03,6,7,11.2,0.8,1.4,2.9,0.754,0.008,0.002,4.4,47
3008110,대청,2020-07-03,6,7.9,12.1,1,2.5,0.3,1.313,0.009,0,3.7,177
2018110,남강,2020-07-03,10,7.7,10.8,1.7,2.8,1,1.568,0.049,0.004,10.7,142
3001110,용담,2020-07-03,6,7.4,10.7,1,2.5,1.4,1.584,0.019,0.007,2.4,90
3203110,보령,2020-07-02,4,7.7,13.1,1.9,2,2.2,1.411,0.013,0.011,1.2,97
1003110,충주,2020-07-02,7,8.1,15.5,1.1,2.2,1.2,2.218,0.015,0.006,1.7,218
4007110,주암(본),2020-07-02,6,8,10.5,0.8,2.2,1.4,0.794,0.012,0.002,2.7,46
1012110,소양강,2020-07-02,6,6.9,13.2,0.8,2.6,13.5,1.623,0.039,0.015,32.4,82
3303110,부안,2020-07-02,6,6.8,12.1,1.1,2.2,1,1.515,0.008,0.006,1.8,51
3008110,대청,2020-07-02,6,8.7,11.2,0.8,2.3,0.7,1.208,0.007,0.001,1.7,157
2015110,합천,2020-07-02,5,7,15.5,0.9,1.8,2.3,1.668,0.009,0.005,1.6,95
2002110,임하,2020-07-02,2,7.5,10.2,1.7,2.8,1,1.407,0.025,0.015,6.4,176
3001110,용담,2020-07-02,6,6.8,11,0.9,2.5,1.2,1.762,0.02,0.01,2.3,94
2021110,밀양,2020-07-02,5,6.9,10.8,0.9,1.4,1.3,0.796,0.008,0.002,2.7,47
4001110,섬진강,2020-07-02,6,7,13.9,1.5,3.1,1.6,1.762,0.015,0.005,1.7,90
2018110,남강,2020-07-02,5,7.2,10.7,1.5,2.1,0.7,1.188,0.047,0.006,0.4,144
2001110,안동,2020-07-02,6,7.7,11.3,1.1,2.2,2.3,1.308,0.007,0.005,2.6,178
1006110,횡성,2020-07-02,5,7.1,11,1.1,2.7,7.1,0.716,0.024,0.02,7.9,87
2001110,안동,2020-07-01,8,7.6,9.7,1.2,2.4,0.3,1.42,0.01,0.006,3.4,171
1012110,소양강,2020-07-01,10,7,10.2,0.9,2.9,13.5,1.717,0.042,0.015,40,58
1006110,횡성,2020-07-01,6,7.3,10.7,1.1,2.3,2.3,1.321,0.011,0.001,3.9,78
3001110,용담,2020-07-01,4,7.1,9.7,1,2.3,3,1.35,0.018,0.004,2,80
4001110,섬진강,2020-07-01,6,7.1,8.2,1.5,3.1,2,1.938,0.019,0.003,2.3,81
2002110,임하,2020-07-01,3,7.2,11.5,1.7,2.9,2,1.412,0.027,0.016,7.4,177
3203110,보령,2020-07-01,7,7.7,12.4,1.7,1.9,2.4,1.415,0.015,0.013,1.3,94
2018110,남강,2020-07-01,4,7.5,10.9,1.3,2,0.4,1.128,0.041,0.006,1.9,105
1003110,충주,2020-07-01,8,8.7,10.8,1.2,2.1,3.4,1.981,0.016,0.004,4.8,218
2015110,합천,2020-07-01,8,6.6,15.1,0.9,2,3.2,1.48,0.008,0.002,2.1,98
3303110,부안,2020-07-01,7,6.8,11,1.2,2.5,1,1.244,0.009,0.007,1.8,53
2021110,밀양,2020-07-01,7,7,10.9,1.2,1.6,1.5,0.832,0.006,0.001,4.3,47
4007110,주암(본),2020-07-01,8,7.7,9.1,1,2.4,0.2,0.778,0.014,0.002,5.8,48
3008110,대청,2020-07-01,8,8.5,9.7,0.7,2.6,3.3,1.524,0.007,0.001,3.6,192
2002110,임하,2020-06-12,5,7.6,9,1.7,3,3,1.457,0.029,0.014,5.4,140
3008110,대청,2020-06-12,11,8.1,9.2,0.6,3,1,1.334,0.01,0.001,4.8,170
4007110,주암(본),2020-06-12,12,7.4,7.4,1.1,2.6,1,0.726,0.013,0.001,2.4,51
3001110,용담,2020-06-12,4,7.1,9.6,0.9,2.2,2.2,1.32,0.015,0.003,1.8,83
3203110,보령,2020-06-12,13,7.9,11.9,1.6,1.8,2.8,1.513,0.015,0.012,2.4,91
2015110,합천,2020-06-12,11,7,14.5,0.7,1.2,8.1,1.585,0.005,0.003,5.4,92
1003110,충주,2020-06-12,12,8.4,10.8,1.8,2.8,1.2,2.018,0.02,0.002,5.8,222
4001110,섬진강,2020-06-12,11,7,7.9,1.5,2.4,2,1.965,0.02,0.004,2.5,80
2001110,안동,2020-06-12,10,8.1,7.3,1,2.1,1.7,1.333,0.013,0.009,3.3,161
1006110,횡성,2020-06-12,11,7.1,8.1,1,2.4,5.8,1.029,0.017,0.004,11.5,75
2018110,남강,2020-06-12,9,7.4,9.6,1.2,2,0.5,1.577,0.046,0.002,1.5,83
3303110,부안,2020-06-12,10,6.6,10.3,1.2,2.7,1.6,1.476,0.008,0.006,1.8,58
1012110,소양강,2020-06-12,12,7.1,8.9,0.9,3,14.5,1.574,0.043,0.023,43.3,53
2021110,밀양,2020-06-12,10,6.8,8.7,0.8,1.6,1.5,0.922,0.009,0.002,7.5,43
3203110,보령,2020-06-11,18,7.6,8,1.6,1.8,2.9,1.295,0.013,0.011,2.4,89
1012110,소양강,2020-06-11,14,7.1,10,1,3.6,39.5,1.544,0.065,0.028,78.1,65
1006110,횡성,2020-06-11,13,7.3,6.1,1.2,2.6,10.2,1.037,0.024,0.005,20.8,72
2001110,안동,2020-06-11,16,7.5,6,1.1,2.2,6.7,1.795,0.021,0.014,6.1,131
3008110,대청,2020-06-11,18,8,7.6,0.6,3,1.7,1.248,0.012,0.001,3.9,147
2002110,임하,2020-06-11,17,7.6,9,1.7,3.1,3.5,1.489,0.029,0.016,13.5,144
3001110,용담,2020-06-11,17,7.2,9.1,1,2.2,2.8,1.314,0.018,0.004,2.5,81
3303110,부안,2020-06-11,18,6.7,9.2,1.5,2.7,1.5,1.243,0.01,0.008,1.6,53
1003110,충주,2020-06-11,16,8.1,8.1,1.1,2.3,0.4,2.142,0.014,0.004,5,178
4007110,주암(본),2020-06-11,18,7.7,10,0.6,2,3.4,0.867,0.011,0.002,2.3,52
2018110,남강,2020-06-11,18,7,8.3,1.9,2.3,2,1.344,0.034,0.004,13.4,110
2015110,합천,2020-06-11,18,7,10.5,1.2,2.3,10.3,1.385,0.008,0.002,6.9,95
2021110,밀양,2020-06-11,14,6.7,9.6,0.9,1.7,2.3,0.842,0.016,0.007,7.6,41
4001110,섬진강,2020-06-11,10,7.2,6.8,1.6,2.7,2.5,1.922,0.026,0.004,4.2,94
2018110,남강,2020-06-10,23,7.3,8.8,1.1,2.8,0.9,0.815,0.047,0.004,4,104
2001110,안동,2020-06-10,18,6.7,5.2,1.2,2.4,3,1.191,0.015,0.01,13.7,108
4001110,섬진강,2020-06-10,8,7,5.9,1.8,2.9,3.2,1.938,0.025,0.005,4.4,93
2021110,밀양,2020-06-10,20,6.9,9.4,0.9,1.7,2.3,0.735,0.007,0.003,3.6,41
1006110,횡성,2020-06-10,21,7.9,9.8,1.1,2.5,1.9,1.138,0.014,0,3.8,79
3001110,용담,2020-06-10,21,7.7,9.4,0.9,2,2.7,1.347,0.018,0.004,2.1,78
1003110,충주,2020-06-10,19,8.4,9.7,1.2,1.9,1.3,2.234,0.016,0.006,7.4,163
3203110,보령,2020-06-10,24,7.4,8.9,1.6,1.8,2.2,1.284,0.012,0.01,1.5,88
3008110,대청,2020-06-10,24,7.9,7.6,0.7,3.2,1.3,1.368,0.016,0.002,2.2,144
2015110,합천,2020-06-10,20,7,8.9,1.2,2.1,32.2,1.521,0.015,0.003,21.5,91
3303110,부안,2020-06-10,20,6.8,9.5,1.8,2.7,2.2,1.547,0.013,0.01,1.6,68
2002110,임하,2020-06-10,20,8.2,8.1,1.7,3,3.2,1.455,0.033,0.015,12,142
1012110,소양강,2020-06-10,13,6.8,7.6,0.9,3.9,43,1.661,0.078,0.047,79,44
4007110,주암(본),2020-06-10,22,7.7,10.1,0.5,2.6,2.6,0.876,0.012,0.004,2.3,50
3203110,보령,2020-06-09,27,7.8,8.8,1.7,1.9,2.2,1.278,0.011,0.009,1.3,85
2021110,밀양,2020-06-09,24,6.9,8,0.9,1.5,2.3,0.723,0.015,0.004,6.4,43
2002110,임하,2020-06-09,23,8,8.9,1.8,3.3,3.8,1.525,0.033,0.016,14,145
3008110,대청,2020-06-09,22,7.8,6.7,0.7,3.5,1.3,1.882,0.038,0.018,7.2,127
1006110,횡성,2020-06-09,25,7.7,8.6,1.3,2.6,6.4,1.253,0.023,0.009,8.3,67
1012110,소양강,2020-06-09,14,6.6,7.2,0.9,4.3,73,1.506,0.112,0.048,183.2,45
4001110,섬진강,2020-06-09,9,7.3,10,1.8,3,4,1.941,0.026,0.005,3.7,91
3001110,용담,2020-06-09,23,7.5,7.6,1.1,2.6,3.2,1.524,0.018,0.004,4.4,80
1003110,충주,2020-06-09,20,7.8,8.9,1.2,2,1.2,2.104,0.014,0.005,13.4,150
2001110,안동,2020-06-09,18,7.2,5.8,1.3,2.3,3.3,1.255,0.028,0.015,18.9,110
4007110,주암(본),2020-06-09,21,7.4,2.3,0.4,2.8,1.2,1.166,0.01,0.002,0.7,45
2015110,합천,2020-06-09,20,7.1,8.6,1.3,2.1,60.6,1.519,0.013,0.004,40.4,82
3303110,부안,2020-06-09,22,6.8,9.3,1.6,2.9,2.1,1.53,0.019,0.014,1.5,63
2018110,남강,2020-06-09,25,8.3,7.4,1.3,2.4,1.3,1.346,0.032,0.004,5.6,83
2015110,합천,2020-06-08,19,7,8.8,1.2,2.2,57.9,1.398,0.018,0.004,57.9,67
2018110,남강,2020-06-08,27,8.4,8.2,1,2.5,0.9,1.327,0.038,0.004,6.5,90
2001110,안동,2020-06-08,18,7.3,7.5,1.8,3.3,10.7,1.283,0.078,0.037,65.6,111
3008110,대청,2020-06-08,22,8.1,9.2,0.7,3.2,6,1.834,0.056,0.031,20,111
4007110,주암(본),2020-06-08,20,7.8,6.7,0.2,2.6,4,1.427,0.024,0.008,14,45
3001110,용담,2020-06-08,25,8,11.2,1.2,2.8,7.1,1.508,0.02,0.004,9.7,96
1006110,횡성,2020-06-08,23,7.6,9.9,1.4,2.9,8.1,1.254,0.025,0.007,17.7,57
1012110,소양강,2020-06-08,14,8.1,9.1,0.8,7.2,165,1.414,0.181,0.063,272.1,43
3203110,보령,2020-06-08,27,8.3,8.6,1.6,1.8,3.3,2.232,0.01,0.008,5.7,83
4001110,섬진강,2020-06-08,7,7.1,9.2,1.8,3.1,4.5,1.922,0.027,0.005,2.9,92
1003110,충주,2020-06-08,20,8.4,9.3,1.2,2,72.4,2.227,0.015,0.003,60,147
2021110,밀양,2020-06-08,21,7.3,8.4,1.2,2.6,3.9,0.816,0.031,0.008,21.1,40
2002110,임하,2020-06-08,23,7.6,7.8,2,3.5,6.2,1.985,0.035,0.023,61,125
3303110,부안,2020-06-08,21,6.6,9.4,1.8,2.8,1.6,1.552,0.016,0.014,1.3,61
2021110,밀양,2020-06-07,21,6.9,9.6,0.6,1.2,0.8,0.851,0.005,0,3.7,48
3203110,보령,2020-06-07,23,6.8,10.2,1.7,1.9,3,2.424,0.009,0.007,3,104
2001110,안동,2020-06-07,10,7.8,11.1,1.1,2.1,1,1.874,0.015,0.011,1.9,204
3303110,부안,2020-06-07,21,6.7,9.8,1.4,3.2,2.8,1.541,0.023,0.02,1.7,71
3008110,대청,2020-06-07,17,7.4,9.4,1.2,3,0.7,1.267,0.007,0.001,2.5,140
2015110,합천,2020-06-07,15,7,9.1,1.4,2.2,6.4,1.557,0.016,0.002,4.3,104
2018110,남강,2020-06-07,25,8.4,8,1.3,2.4,3.8,1.525,0.048,0.006,10.7,95
3001110,용담,2020-06-07,23,7.6,11.2,1.2,2.8,2.4,1.641,0.019,0.004,1.8,96
4001110,섬진강,2020-06-07,8,7.8,9.1,1.8,3,3,1.891,0.024,0.004,2.2,91
2002110,임하,2020-06-07,21,7.8,7.6,1.9,3.8,10.2,2.036,0.034,0.026,150,127
4007110,주암(본),2020-06-07,19,7.5,8.3,0.2,2.6,0.2,1.348,0.009,0.002,1.4,63
1012110,소양강,2020-06-07,10,7,13.2,0.5,1.9,0.5,1.449,0.008,0.002,2.4,66
1003110,충주,2020-06-07,18,7.9,11.2,1.4,2,1.2,2.243,0.018,0.006,2,202
1006110,횡성,2020-06-07,19,7.2,8.7,1.4,3,17.8,2.525,0.032,0.005,74.6,66
4001110,섬진강,2020-06-06,7,8.2,9.2,1.9,2.9,2.2,1.893,0.023,0.003,1.8,91
3303110,부안,2020-06-06,18,7,10.2,1.7,2.8,3.6,1.52,0.028,0.022,1.1,69
4007110,주암(본),2020-06-06,13,7.5,10.6,0.3,2.4,1.6,0.914,0.01,0.001,2.4,59
1012110,소양강,2020-06-06,10,5.9,13.2,0.9,1.8,1,1.388,0.005,0.002,2.4,66
2015110,합천,2020-06-06,11,7.2,9.3,1.2,1.9,3.2,1.259,0.013,0.009,2.1,101
3203110,보령,2020-06-06,21,7,9,1.6,1.8,2.9,2.262,0.009,0.008,2.7,95
1006110,횡성,2020-06-06,16,7.5,9.6,1.2,2.5,1.6,2.152,0.006,0,2.6,106
2018110,남강,2020-06-06,22,8.8,11,1,1.9,2,1.26,0.042,0.017,5.9,82
3001110,용담,2020-06-06,24,7,9.8,1.1,2.2,1.2,1.889,0.012,0.003,1.8,88
2001110,안동,2020-06-06,9,7.3,11,1.2,2.4,1.3,1.045,0.012,0.007,1.5,192
2002110,임하,2020-06-06,15,7.8,9.9,1.3,2.2,2.2,1.398,0.021,0.015,2.2,146
1003110,충주,2020-06-06,16,8,13.4,1.5,1.9,0.8,2.104,0.012,0.005,1.8,216
2021110,밀양,2020-06-06,19,7,8.9,0.7,1.2,1.1,0.864,0.006,0,3.4,48
3008110,대청,2020-06-06,15,7.2,10.3,0.7,2.5,0.3,1.795,0.006,0.002,0.2,269
3203110,보령,2020-06-05,17,7.6,9.1,1.5,1.7,2.6,2.258,0.009,0.007,1.3,92
4007110,주암(본),2020-06-05,14,7.7,11.1,0.7,2.2,2.2,0.891,0.015,0.002,4.2,56
3303110,부안,2020-06-05,14,7.1,10.3,2.2,3.8,3.4,1.13,0.03,0.02,1.2,69
3008110,대청,2020-06-05,12,7.1,11.2,0.9,2.7,0.7,1.349,0.012,0.001,0.8,257
1006110,횡성,2020-06-05,15,7.7,11.5,1.1,2.4,1.2,1.668,0.004,0,1.9,82
1012110,소양강,2020-06-05,9,7.2,10.6,0.8,1.9,0.5,1.346,0.006,0.001,2.1,74
2002110,임하,2020-06-05,12,7.7,10.7,1.2,2,2.1,1.485,0.017,0.012,2.6,148
3001110,용담,2020-06-05,10,7.5,9.6,1.2,2.4,4.1,2.021,0.021,0.004,5.2,80
2001110,안동,2020-06-05,9,7.9,12.4,1.3,2.7,0.7,0.983,0.018,0.013,1,179
4001110,섬진강,2020-06-05,7,7.8,12.3,1.9,2.9,2.7,1.822,0.021,0.003,2,91
2018110,남강,2020-06-05,17,8,10.8,0.6,2.2,0.8,0.932,0.04,0.007,8.9,114
2021110,밀양,2020-06-05,9,7.1,9.1,0.6,1.5,1.9,0.885,0.005,0,3.9,49
1003110,충주,2020-06-05,11,8.1,12.6,1.3,1.8,0.8,2.13,0.014,0.006,5.2,218
2015110,합천,2020-06-05,10,7.2,10.3,0.9,2,2.5,1.837,0.014,0.002,1.7,98
2002110,임하,2020-06-04,10,7.5,11.5,1.5,2.7,2.3,1.527,0.026,0.011,8.2,154
1012110,소양강,2020-06-04,6,7.2,12.4,0.9,1.8,1,1.394,0.006,0.002,2.4,64
4001110,섬진강,2020-06-04,6,7.9,10.5,1.7,2.7,2.7,1.869,0.024,0.002,2,90
3303110,부안,2020-06-04,7,6.9,9.8,1.2,2.4,1.1,0.745,0.023,0.02,1.1,64
1003110,충주,2020-06-04,8,8,10.9,1.1,1.9,1.2,2.301,0.016,0.004,1.4,204
4007110,주암(본),2020-06-04,10,7.7,12.9,0.8,2.4,2,0.634,0.013,0.001,2.8,51
2021110,밀양,2020-06-04,8,7,9.4,0.7,1.6,1.5,0.851,0.005,0,2.1,51
3001110,용담,2020-06-04,10,8.1,9.8,1,2.6,4.8,1.324,0.017,0.003,5.7,88
2015110,합천,2020-06-04,9,7.4,11.5,1.2,1.8,1,1.527,0.014,0.002,1.3,96
2018110,남강,2020-06-04,12,7.6,9.4,1.2,2.7,1.2,1.66,0.037,0.004,8.6,142
2001110,안동,2020-06-04,8,8.1,12.1,1.1,2.2,1.7,1.003,0.01,0.007,1.3,181
3008110,대청,2020-06-04,8,6.9,12.2,0.7,2.5,0.7,1.243,0.005,0.001,0.7,261
3203110,보령,2020-06-04,12,7.6,8.9,1.5,1.7,2.6,1.261,0.008,0.006,0.8,89
1006110,횡성,2020-06-04,10,7.6,12.1,1,2.2,2.4,1.644,0.01,0.002,2.9,83
4001110,섬진강,2020-06-03,4,7.5,10.4,1.7,2.5,1.6,1.649,0.019,0.002,5,88
2021110,밀양,2020-06-03,5,7,11.1,0.7,1.3,1.8,0.838,0.005,0,1.2,51
3008110,대청,2020-06-03,5,6.9,12.2,0.6,2.4,0.3,0.994,0.006,0.001,1.1,262
3001110,용담,2020-06-03,5,7.5,11.4,1,2.4,5.8,1.314,0.02,0.004,7.6,80
2002110,임하,2020-06-03,5,7.8,10.3,1.4,2.6,1.7,1.448,0.022,0.015,4.4,277
1006110,횡성,2020-06-03,5,7.4,12.1,0.9,2,0.8,1.562,0,0,2,81
1012110,소양강,2020-06-03,5,7.1,11.2,0.8,1.9,1.5,1.216,0.015,0.002,1.9,64
4007110,주암(본),2020-06-03,4,7.5,14,0.4,2.4,1.4,0.567,0.012,0.003,1.2,43
2018110,남강,2020-06-03,12,6.8,10.9,1,2.5,1.4,1.776,0.034,0.003,9.8,152
3303110,부안,2020-06-03,6,6.9,8.9,1.2,2.4,1.3,0.784,0.029,0.025,0.9,61
1003110,충주,2020-06-03,5,8.3,12.2,1.1,2,2,2.345,0.015,0.005,1.9,203
2001110,안동,2020-06-03,5,8.3,12,0.9,1.8,2,1.004,0.012,0.008,8.5,180
2015110,합천,2020-06-03,6,7.2,11.9,0.8,1.6,2,1.139,0.015,0.002,1.8,98
3203110,보령,2020-06-03,5,7.2,10.9,1.4,1.6,2,1.271,0.008,0.006,0.8,88
3008110,대청,2020-06-02,3,8.3,10,0.8,2.5,0.7,1.157,0.009,0.001,1.1,252
2018110,남강,2020-06-02,4,7.4,10.1,0.9,2.8,4.8,1.522,0.029,0.007,7.5,145
1012110,소양강,2020-06-02,5,7.5,10.3,0.7,1.8,0.5,1.42,0.003,0.002,1.2,65
4007110,주암(본),2020-06-02,4,7,13.5,0.9,2.6,0.8,0.614,0.017,0.004,1.6,42
2021110,밀양,2020-06-02,4,7,10,0.7,1.1,1.7,0.819,0.003,0,1.8,47
3203110,보령,2020-06-02,5,7.7,13.6,1.4,1.6,1.9,1.268,0.008,0.006,0.7,88
2015110,합천,2020-06-02,6,7.3,11.5,0.6,1.5,1,1.135,0.018,0.002,1.4,94
1003110,충주,2020-06-02,5,8.2,12.9,0.9,1.8,1.6,2.286,0.014,0.004,2.2,208
4001110,섬진강,2020-06-02,5,8.5,10.9,1.5,2.8,2.4,1.782,0.018,0.001,3.7,87
3303110,부안,2020-06-02,5,6.9,9,1.3,2.8,2,0.812,0.029,0.026,0.9,60
3001110,용담,2020-06-02,4,7.2,9.2,1,2.4,6.8,1.212,0.018,0.004,9.6,81
2001110,안동,2020-06-02,5,8.1,11.4,1.1,2.2,1.7,0.978,0.01,0.007,8.3,185
1006110,횡성,2020-06-02,4,7.4,12.6,0.8,2.1,0.6,1.553,0.008,0.001,1.8,81
2002110,임하,2020-06-02,3,7.7,8.6,1.4,2.8,1.7,1.484,0.024,0.013,4.1,288
2015110,합천,2020-06-01,10,7.1,9.2,0.7,1.7,1,1.174,0.01,0.002,1.9,88
3008110,대청,2020-06-01,5,7.2,12.1,0.7,2.9,1.7,1.205,0.008,0.001,2,199
1003110,충주,2020-06-01,6,8.1,13.8,1,1.7,2.4,2.395,0.013,0.004,2.6,204
3001110,용담,2020-06-01,5,7,9.8,1,2.5,8.7,1.139,0.025,0.005,13.4,81
3203110,보령,2020-06-01,1,7,12.5,1.3,1.6,2,1.278,0.008,0.005,0.7,91
2018110,남강,2020-06-01,3,8.5,10.9,0.7,2.4,0.2,1.127,0.013,0.001,6.7,124
4001110,섬진강,2020-06-01,8,8.3,10.9,1.4,3,2,1.904,0.015,0.001,4.5,85
3303110,부안,2020-06-01,6,6.9,8.9,1.2,2.5,1.4,0.799,0.03,0.026,1.3,62
2021110,밀양,2020-06-01,6,7,10.2,0.7,1.2,1.7,0.822,0.004,0,1.5,45
2002110,임하,2020-06-01,3,7.6,9.1,1.4,3.2,2,1.513,0.022,0.012,5.2,291
2001110,안동,2020-06-01,5,8.1,10.2,1.2,2,1,0.983,0.013,0.007,9.3,178
4007110,주암(본),2020-06-01,5,7.2,13.6,1.1,2.8,0.6,0.688,0.022,0.005,1.8,43
1012110,소양강,2020-06-01,7,7,11.4,1,1.9,1.5,1.349,0.004,0.002,1.9,48
1006110,횡성,2020-06-01,4,7.4,12.6,0.9,2.2,0.8,1.727,0.008,0,4.2,79
2015110,합천,2020-05-12,11,7.2,8.7,1,1.9,1,1.437,0.012,0.003,3.5,90
2001110,안동,2020-05-12,11,7.7,7.6,1.3,2.5,1.3,1.352,0.012,0.008,8.2,163
1012110,소양강,2020-05-12,12,7,13.5,1.1,2.1,2.5,1.387,0.006,0.001,2.1,53
3203110,보령,2020-05-12,11,7,10.7,1.6,1.9,2.4,1.238,0.009,0.006,1,86
3303110,부안,2020-05-12,8,6.7,10,1.3,2.8,1.6,0.598,0.01,0.007,1.3,67
1006110,횡성,2020-05-12,11,7.3,10.4,1.1,2.5,0.8,1.677,0.01,0.002,4.3,78
4007110,주암(본),2020-05-12,10,7.2,8.4,1.7,2.2,0.8,0.652,0.005,0.001,1.6,48
3001110,용담,2020-05-12,7,7.1,9.6,1.2,2.8,13.2,1.384,0.027,0.004,19.8,83
3008110,대청,2020-05-12,10,7.6,11.4,0.6,2.4,1.7,0.009,1.282,0.001,2,178
2002110,임하,2020-05-12,9,7.5,9.6,1.5,3.2,4.2,1.484,0.024,0.014,10.9,287
1003110,충주,2020-05-12,12,7.8,9.7,1.1,1.9,1.6,2.323,0.02,0.006,2.4,205
2021110,밀양,2020-05-12,14,6.8,10.5,0.6,1.5,1.3,0.938,0.004,0,1.4,43
2018110,남강,2020-05-12,8,7.8,11.2,0.9,2,3.2,1.006,0.012,0.001,10.2,52
4001110,섬진강,2020-05-12,11,8.2,9.8,1.4,2.8,2.5,1.92,0.016,0.001,6,80
2021110,밀양,2020-05-11,18,6.6,9,0.7,1.2,0.9,0.867,0.005,0,1.5,43
2002110,임하,2020-05-11,13,7.7,9.1,1.6,3.5,5,1.564,0.027,0.012,9.8,308
3001110,용담,2020-05-11,17,7.8,9.2,1.2,2.8,15.6,1.725,0.022,0.008,29.3,68
3203110,보령,2020-05-11,17,7.8,8.7,1.7,2,2.8,1.332,0.01,0.006,1.3,84
2001110,안동,2020-05-11,15,7.8,6.6,1.2,2.3,1.7,1.066,0.01,0.007,7,149
4001110,섬진강,2020-05-11,10,7.8,10.4,1.5,3.3,2.5,1.911,0.017,0.001,4.2,95
1003110,충주,2020-05-11,16,7.9,10.5,1.1,2,1.6,2.194,0.016,0.008,3,194
2015110,합천,2020-05-11,17,7,7.4,1.3,2.3,4,0.804,0.019,0.004,5.9,92
4007110,주암(본),2020-05-11,11,6.4,1.8,0.7,1.2,0.8,0.781,0.007,0.001,3.8,49
1006110,횡성,2020-05-11,16,7.4,8.1,1.1,2.6,0.8,1.713,0.007,0,4.2,75
3303110,부안,2020-05-11,17,6.6,8.5,1.2,2.8,1.6,0.85,0.011,0.007,0.7,50
1012110,소양강,2020-05-11,16,7.1,8.3,1,1.9,3.5,1.659,0.004,0.002,1.2,65
2018110,남강,2020-05-11,16,7.3,7.7,0.9,1.7,0.8,1.081,0.015,0.002,11,101
3008110,대청,2020-05-11,18,7.2,8.7,0.7,2.4,1.7,1.504,0.022,0.008,1.1,167
2002110,임하,2020-05-10,19,7.4,8.1,1.7,3.4,6.3,1.31,0.032,0.017,26.7,262
4001110,섬진강,2020-05-10,9,7.4,3.2,1.5,3.2,4,1.906,0.016,0.001,9.2,94
2018110,남강,2020-05-10,23,7.3,7.7,1.2,2.3,0.4,1.061,0.017,0.004,5.8,67
2001110,안동,2020-05-10,17,7.5,5.1,1.3,2.4,1.3,1.914,0.023,0.013,8,121
1006110,횡성,2020-05-10,19,7.4,9.8,1,2.4,1.6,1.635,0.013,0,3.9,64
2021110,밀양,2020-05-10,22,6.5,7.1,0.8,1.2,1.5,0.844,0.007,0.003,1.8,43
3203110,보령,2020-05-10,20,6.9,6.9,1.6,2.2,2.8,1.32,0.01,0.006,1.3,83
3001110,용담,2020-05-10,21,7.8,8.5,1.2,2.6,4.6,1.452,0.009,0.006,18.8,70
1003110,충주,2020-05-10,18,7.6,9.7,1.2,1.9,2.4,2.214,0.014,0.003,4.3,186
3303110,부안,2020-05-10,19,6.2,8,1.3,2.6,1.2,0.87,0.012,0.008,2.9,56
2015110,합천,2020-05-10,20,7.3,6.7,0.9,2.4,6,1.316,0.029,0.007,10.4,87
1012110,소양강,2020-05-10,17,7.1,7.3,1,1.8,0.5,1.309,0.008,0.003,1.7,45
3008110,대청,2020-05-10,21,7.1,5.6,1,3.2,2.3,1.526,0.024,0.01,2.7,160
4007110,주암(본),2020-05-10,13,6.5,3.9,1.6,2.4,2.2,0.652,0.009,0.003,4.2,46
1006110,횡성,2020-05-09,23,7.8,8.7,1.1,2.5,3.4,1.667,0.02,0,5.1,76
2002110,임하,2020-05-09,20,7.5,8.3,2.1,3.6,7.3,1.067,0.03,0.012,50.3,240
3303110,부안,2020-05-09,21,6.2,6.8,1.3,2.8,2,1.213,0.013,0.009,2.8,52
3001110,용담,2020-05-09,26,7.5,8.2,1.2,3,4.8,1.498,0.029,0.01,14.7,74
2001110,안동,2020-05-09,19,6.9,5,1.3,2,1,2.238,0.007,0.005,15,125
2021110,밀양,2020-05-09,25,6.6,6.8,1,1.4,3.4,0.967,0.011,0.003,3.8,44
4001110,섬진강,2020-05-09,11,6.6,2.1,1.5,3.2,3.5,1.893,0.016,0.001,14.4,96
2015110,합천,2020-05-09,19,7.9,7.2,1.1,2.7,24,1.561,0.058,0.017,31.5,106
2018110,남강,2020-05-09,22,8,7,1.2,2.1,2.2,1.193,0.022,0.003,8.7,70
3008110,대청,2020-05-09,23,7.2,6.3,0.9,3.7,6.8,1.32,0.044,0.015,10.9,148
3203110,보령,2020-05-09,29,8.2,8.3,1.8,2.3,2.4,1.368,0.013,0.008,2,104
1003110,충주,2020-05-09,22,7.9,10.3,1.2,2,2.8,2.155,0.016,0.006,4.2,184
4007110,주암(본),2020-05-09,24,7.7,3.5,0.3,2.2,1.2,1.103,0.009,0.002,0.9,65
1012110,소양강,2020-05-09,16,7,9.6,1.1,2.1,1.2,1.735,0.009,0.007,5.2,59
4007110,주암(본),2020-05-08,18,7.5,3.1,0.6,2,1.6,1.212,0.008,0.002,1.9,61
2021110,밀양,2020-05-08,26,6.8,7.3,0.6,1.3,2.5,1.106,0.006,0.002,2.8,45
2001110,안동,2020-05-08,10,7.9,8.9,1.7,3.3,2.3,2.29,0.029,0.014,22.1,180
2018110,남강,2020-05-08,28,8.5,9.7,2,2.7,9.3,1.493,0.045,0.003,21.7,70
2002110,임하,2020-05-08,23,7.4,8.1,2,3.6,6.3,1.093,0.032,0.013,44.8,286
3001110,용담,2020-05-08,28,8.8,8.6,1.6,3,20.5,1.845,0.06,0.012,36.8,90
3203110,보령,2020-05-08,24,7.4,10.2,1.7,2.4,4,1.305,0.01,0.006,1.6,86
4001110,섬진강,2020-05-08,8,7.2,9.2,1.5,3.1,2,1.908,0.014,0.001,7.8,91
1003110,충주,2020-05-08,20,7.5,10.6,1.5,2.1,13.2,2.484,0.026,0.008,3.5,180
3008110,대청,2020-05-08,22,7,6.4,0.7,2.3,4,2.04,0.038,0.011,10.5,166
2015110,합천,2020-05-08,18,7.1,7.4,1.2,1.8,5,2.605,0.047,0.016,7.3,81
3303110,부안,2020-05-08,21,6,6.7,1.8,2.8,1.8,1.241,0.01,0.008,4.7,54
1006110,횡성,2020-05-08,23,7.4,8.5,1,2.4,1.6,2.018,0.018,0.004,4.5,77
1012110,소양강,2020-05-08,18,6.8,8.3,1.1,2.3,2.4,1.415,0.009,0.002,6.2,50
1012110,소양강,2020-05-07,15,7.5,8.9,1.2,2.3,3.5,1.388,0.021,0.009,8.2,65
2021110,밀양,2020-05-07,17,6.4,7.5,1,1.3,3,1.064,0.007,0.003,4.2,46
3008110,대청,2020-05-07,16,7.3,9.1,1,2.5,6.3,1.925,0.012,0.001,0.4,192
2018110,남강,2020-05-07,21,7.5,7.6,1.6,3.2,13.4,1.632,0.027,0.002,92.5,72
4007110,주암(본),2020-05-07,20,7.8,8.3,0.8,1.2,2.6,0.743,0.007,0.003,4.1,58
2001110,안동,2020-05-07,7,7.6,11.8,1.5,2,4.3,1.288,0.022,0.013,8.9,185
2002110,임하,2020-05-07,23,7.7,7.5,2.9,3.9,9.1,1.105,0.032,0.014,78.2,311
3203110,보령,2020-05-07,25,6.9,11.5,1.6,2.4,2.8,1.348,0.009,0.006,1.5,115
4001110,섬진강,2020-05-07,7,6.6,9.3,1.5,3.1,3,1.913,0.015,0.001,8.8,88
3001110,용담,2020-05-07,23,7.5,9.2,1.6,2.8,42.6,1.845,0.02,0.008,25,90
2015110,합천,2020-05-07,16,7.5,7.4,1.9,2.8,22.5,2.47,0.033,0.013,29.7,104
1003110,충주,2020-05-07,17,7.7,10,1.6,2.2,17.2,2.334,0.02,0.001,51.5,192
3303110,부안,2020-05-07,18,6.2,8,1.1,2.4,1.4,0.946,0.014,0.01,2.5,67
1006110,횡성,2020-05-07,11,4.1,4.9,1.1,1.8,1.7,1.731,0.513,0.503,4.1,39
2021110,밀양,2020-05-06,16,6.3,9,0.7,1.4,4.5,1.083,0.01,0.003,4.6,42
2002110,임하,2020-05-06,22,7.8,8.5,1.3,2.3,2.6,1.026,0.029,0.018,19,303
2015110,합천,2020-05-06,12,7.4,8.5,1,1.7,3,1.51,0.02,0.004,1.5,92
1006110,횡성,2020-05-06,18,7.3,10.8,0.9,2.2,1.4,2.098,0.012,0.002,2.6,105
3001110,용담,2020-05-06,24,8.2,8.2,0.9,2.2,1.2,1.526,0.009,0.004,1.2,94
1012110,소양강,2020-05-06,12,7,10.3,1.3,2,2.5,1.235,0.006,0.001,1.9,70
4001110,섬진강,2020-05-06,7,7.3,12.3,1.4,3,2,1.892,0.013,0,1.6,91
2001110,안동,2020-05-06,8,7.7,10.3,1.1,1.7,0.3,1.098,0.005,0.002,7.9,169
2018110,남강,2020-05-06,23,9.1,9,0.9,2.8,0.2,1.125,0.024,0.002,9.4,99
3008110,대청,2020-05-06,12,7.1,11.5,1.5,2.9,2.7,1.094,0.005,0.001,0.6,186
4007110,주암(본),2020-05-06,8,8.2,13.9,0.7,2.4,1.4,0.733,0.006,0.002,3.1,40
3303110,부안,2020-05-06,16,6.7,7.6,1.4,2.6,1,0.57,0.017,0.012,0.8,68
3203110,보령,2020-05-06,21,7.6,9.3,1.7,2,1.6,1.502,0.011,0.006,0.4,97
1003110,충주,2020-05-06,15,8,14.3,1.5,1.9,4.4,2.205,0.014,0.008,1.9,221
4007110,주암(본),2020-05-05,12,7.6,13,0.6,2.6,0.8,0.846,0.006,0.002,1.6,46
3203110,보령,2020-05-05,19,8,9.5,1.6,2,1.6,1.485,0.01,0.006,0.4,93
1006110,횡성,2020-05-05,12,7.3,11.7,1.1,2.4,1.2,2.181,0.027,0,2.3,89
2002110,임하,2020-05-05,17,8.2,10.2,1.6,2.6,3.2,1.125,0.028,0.013,17,296
3008110,대청,2020-05-05,10,7.8,12.7,1,2.2,2.3,1.046,0.009,0.001,0.4,148
2021110,밀양,2020-05-05,13,6.8,9.6,0.7,1.3,6.1,0.962,0.007,0.002,5,43
3303110,부안,2020-05-05,14,6.7,7.8,1.5,2.6,1.1,0.9,0.01,0.007,1,64
4001110,섬진강,2020-05-05,7,7.6,13,1.4,2.9,1.8,1.882,0.012,0,1.8,92
3001110,용담,2020-05-05,15,7,11.2,1.2,2.4,1.2,1.509,0.007,0.003,1.4,88
1003110,충주,2020-05-05,17,8,12.1,1.4,1.9,1.2,2.012,0.016,0.01,4.4,215
2001110,안동,2020-05-05,8,9,11.9,1.5,2.7,1,0.943,0.01,0.014,7.2,172
2018110,남강,2020-05-05,19,8.1,9.1,1,1.9,0.3,1.153,0.014,0.001,7.5,95
1012110,소양강,2020-05-05,10,7.1,10.3,1.1,2.3,3.2,1.281,0.012,0.003,1.3,63
2015110,합천,2020-05-05,10,7.2,9.7,1.1,1.8,1,1.824,0.018,0.003,2.2,90
2015110,합천,2020-05-04,10,7.3,10.8,1,1.5,2,2.044,0.015,0.004,3.4,88
1012110,소양강,2020-05-04,5,7.2,12.5,1,2.4,1.6,1.068,0.013,0.004,1.7,47
3001110,용담,2020-05-04,11,7.5,11.5,1.2,2.6,1.2,1.246,0.01,0.001,1.2,122
2021110,밀양,2020-05-04,9,6.9,11.5,1,1.5,3.4,0.93,0.009,0.003,3.6,43
2002110,임하,2020-05-04,8,8,10.9,1.9,2.9,5.8,1.145,0.029,0.016,22,289
4001110,섬진강,2020-05-04,5,7.4,13.9,1.4,2.9,1.5,1.896,0.011,0,1.8,88
1006110,횡성,2020-05-04,8,7.4,10.8,1.1,2.3,2,1.611,0.02,0.01,1.1,85
3008110,대청,2020-05-04,7,7.2,12.3,1.1,2.2,1.3,1.205,0.02,0.001,0.3,224
3203110,보령,2020-05-04,13,7.9,10.2,1.6,1.8,1.2,1.548,0.011,0.006,0.3,92
3303110,부안,2020-05-04,7,7,8.1,1.3,2.8,1.2,0.771,0.021,0.016,0.9,61
1003110,충주,2020-05-04,8,7.9,11.6,1.4,2.1,1.4,2.135,0.014,0.007,2.3,223
4007110,주암(본),2020-05-04,7,7.3,12.6,0.8,2,0.8,0.878,0.009,0.002,1.6,39
2018110,남강,2020-05-04,11,7.9,10,0.9,1.2,0.6,0.995,0.009,0.002,8.1,115
2001110,안동,2020-05-04,5,8.5,9.3,1.2,1.8,1.6,1.042,0.009,0.006,13.2,167
1003110,충주,2020-05-03,5,8,17,1.2,1.8,1.2,2.218,0.019,0.005,2.3,204
3303110,부안,2020-05-03,4,6.9,8.3,1.2,2.6,1.1,1.026,0.01,0.007,1,60
3001110,용담,2020-05-03,6,7.5,11.6,0.9,2.2,2,1.244,0.01,0.006,1.2,80
3203110,보령,2020-05-03,5,7.8,7.3,1.6,2,1.2,1.382,0.01,0.006,0.3,103
2018110,남강,2020-05-03,4,7.8,12.4,0.9,1.1,0.1,1.518,0.012,0.001,6.5,110
2002110,임하,2020-05-03,3,7.9,11.6,2,2.9,5.9,1.257,0.03,0.017,36,282
4007110,주암(본),2020-05-03,5,6.9,11.8,1.1,2.2,1.8,0.738,0.015,0.003,3.7,37
3008110,대청,2020-05-03,4,8.1,12.8,1.4,2.8,2,0.989,0.008,0.002,0.6,230
2021110,밀양,2020-05-03,6,7,12,0.9,1.7,2,0.796,0.005,0,2,44
1006110,횡성,2020-05-03,4,7,11.8,1,2.2,1.4,1.514,0.018,0.005,1.7,87
2015110,합천,2020-05-03,13,7.6,10.5,1.3,1.9,3,1.735,0.016,0.004,4.5,86
4001110,섬진강,2020-05-03,4,7.8,12.7,1.4,2.8,1.5,1.925,0.01,0,1.5,86
1012110,소양강,2020-05-03,5,7.1,11.5,1,2.2,1.2,1.249,0.015,0.007,4.1,55
2001110,안동,2020-05-03,4,8.7,16,1.2,1.8,1.6,1.188,0.018,0.015,12.8,163
2021110,밀양,2020-05-02,6,6.8,12.4,0.5,1.1,1.5,0.765,0.005,0,2.3,43
2018110,남강,2020-05-02,4,8.2,13.6,1,1.8,1,1.133,0.014,0.001,6.8,110
4007110,주암(본),2020-05-02,6,7.1,11.7,1.1,2,1.2,0.814,0.014,0.007,7.3,40
3203110,보령,2020-05-02,1,7.5,8.9,1.4,1.7,1.2,1.412,0.007,0.003,0.3,110
3008110,대청,2020-05-02,4,8,12.9,1.4,2.2,2.7,1.262,0.009,0.001,0.9,226
3303110,부안,2020-05-02,4,7,12.8,1.2,2.4,1.1,0.852,0.014,0.009,3.7,67
2001110,안동,2020-05-02,5,8.9,14.7,1.1,2.1,1.9,1.068,0.017,0.014,7,161
2002110,임하,2020-05-02,4,7.6,10.3,1.8,3.1,6.8,1.313,0.033,0.015,37.9,264
4001110,섬진강,2020-05-02,5,7.6,11.3,1.4,2.9,1.5,1.994,0.011,0,1.5,85
2015110,합천,2020-05-02,10,7.2,9.7,1.1,1.5,2,1.766,0.017,0.005,3,84
1003110,충주,2020-05-02,6,7.9,12.7,1.1,1.8,1.6,2.644,0.023,0.012,2,196
1006110,횡성,2020-05-02,4,7.1,12,0.9,2.2,2.8,1.471,0.016,0.002,3.2,87
3001110,용담,2020-05-02,5,7.5,13.2,0.9,2.6,0.4,1.547,0.005,0.002,1.1,54
1012110,소양강,2020-05-02,6,7.1,11.3,1,2,3.2,1.254,0.011,0.007,1.6,60
1012110,소양강,2020-05-01,9,6.7,16.7,1.1,2.1,2,1.214,0.012,0.006,1.6,43
3001110,용담,2020-05-01,7,7,11.1,1,2,1,1.526,0.014,0.005,1.6,44
2018110,남강,2020-05-01,4,8.1,11.2,0.9,2.6,0.4,0.952,0.014,0,9.2,100
2001110,안동,2020-05-01,6,8.4,9,1.2,2.2,1.3,1.229,0.014,0.01,5,157
3008110,대청,2020-05-01,7,7.9,11,1,2,1.3,1.119,0.006,0.001,0.9,239
3203110,보령,2020-05-01,8,6.9,9.8,1.4,1.8,1.2,1.356,0.007,0.004,0.4,105
2002110,임하,2020-05-01,6,7.8,10.4,1.9,3,8.2,1.372,0.034,0.015,51,263
4007110,주암(본),2020-05-01,9,6.9,9.3,0.9,2.2,1.8,0.741,0.013,0.002,4.1,42
2015110,합천,2020-05-01,8,7.5,8.6,1.5,1.9,2,2.077,0.016,0.006,4,84
1003110,충주,2020-05-01,8,8.1,13.9,1.3,2.2,1.4,2.413,0.028,0.015,2.8,200
2021110,밀양,2020-05-01,9,6.9,12,0.5,1.2,2,0.729,0.005,0,1.9,40
4001110,섬진강,2020-05-01,7,7.5,9.4,1.4,2.8,1.5,2.017,0.01,0,1.9,82
1006110,횡성,2020-05-01,5,7.4,11.8,0.8,2.1,2.4,1.463,0.017,0.001,3.6,81
3303110,부안,2020-05-01,7,6.8,9.1,1.2,2.4,1,0.719,0.011,0.008,0.9,87
4001110,섬진강,2020-04-12,11,7.8,8.6,1.4,2.9,2,2.104,0.009,0,2.3,113
3001110,용담,2020-04-12,13,7.6,10.8,0.9,2.2,1.4,1.347,0.022,0,1.2,85
1012110,소양강,2020-04-12,11,6.8,9.6,1.2,2,3.3,1.293,0.014,0.006,2.4,61
2015110,합천,2020-04-12,13,7.3,8.3,1.6,2,3,2.007,0.022,0.007,5,82
2002110,임하,2020-04-12,10,7.9,8.3,2,3.1,7.6,1.557,0.029,0.016,39,260
4007110,주암(본),2020-04-12,13,7.2,8,0.6,2.6,2.6,0.852,0.011,0.002,4.7,46
2021110,밀양,2020-04-12,13,6.6,10.1,0.6,1.1,2.5,0.851,0.005,0,3.1,39
3303110,부안,2020-04-12,14,6.7,8.9,1.3,2.8,1.6,0.742,0.015,0.01,0.9,59
2018110,남강,2020-04-12,11,8.6,10.2,1.1,1.7,3.2,0.943,0.01,0,10.1,90
3008110,대청,2020-04-12,13,7.8,9.8,1.3,2.8,1,1.013,0.012,0.002,3.2,119
1006110,횡성,2020-04-12,11,7.4,8.9,0.8,2.1,2,1.688,0.013,0.001,2.5,82
3203110,보령,2020-04-12,11,6.2,7.9,1.4,1.8,0.8,1.415,0.007,0.003,0.2,99
1003110,충주,2020-04-12,14,8,12.1,0.9,1.7,4.2,2.525,0.028,0.014,11,207
2001110,안동,2020-04-12,12,9,6,1.2,2.2,0.8,1.082,0.017,0.014,4,192
4007110,주암(본),2020-04-11,19,7.1,8.5,1.2,2.2,0.8,0.892,0.016,0.005,1.9,46
4001110,섬진강,2020-04-11,9,7.4,8.7,1.4,2.9,2,2.013,0.01,0,3.2,161
2001110,안동,2020-04-11,17,8.5,10.2,1.3,2.3,3.3,1.316,0.018,0.014,5,162
3008110,대청,2020-04-11,18,7.9,8.8,1.2,2.8,1.3,1.267,0.015,0.002,2.4,107
3203110,보령,2020-04-11,17,7.4,9.2,1.5,1.8,2,1.59,0.008,0.004,0.5,102
1012110,소양강,2020-04-11,16,6.6,9.3,1.2,2.1,3,1.222,0.016,0.008,2.7,40
2002110,임하,2020-04-11,15,7.8,7.3,2.1,2.9,7.1,1.564,0.032,0.019,35.7,254
1003110,충주,2020-04-11,19,7.9,11.3,1.3,1.8,2.2,2.218,0.031,0.013,9,197
3001110,용담,2020-04-11,18,7.3,9.5,0.8,2.4,1.4,1.408,0.018,0.004,1.5,84
1006110,횡성,2020-04-11,15,7.5,7.1,0.9,2.2,1.6,1.381,0.015,0.003,2.6,75
2021110,밀양,2020-04-11,15,7,9.2,0.4,1.1,0.8,0.993,0.004,0,0.6,48
3303110,부안,2020-04-11,17,6.6,7.4,1,2.2,1.8,1.035,0.006,0.003,0.8,54
2018110,남강,2020-04-11,17,8,8.7,0.7,2.3,1.4,0.908,0.012,0.001,10.5,79
2015110,합천,2020-04-11,17,7.2,8.1,1.8,2.3,2,1.987,0.017,0.005,4,80
3008110,대청,2020-04-10,22,7.4,6.4,1,2.8,2.3,1.075,0.03,0.008,4.3,106
2021110,밀양,2020-04-10,14,7.1,9.5,0.7,0.9,4,0.904,0.004,0,3.1,46
2018110,남강,2020-04-10,22,8,8.3,1.4,1.8,2.6,1.076,0.013,0.004,8.4,59
1003110,충주,2020-04-10,20,7.9,10.7,1.4,1.9,3.2,2.234,0.021,0.012,7,195
2015110,합천,2020-04-10,20,7.3,8.4,2,2.5,3,2.247,0.028,0.008,9,75
3303110,부안,2020-04-10,20,6.3,7.8,1.2,2.8,1.8,0.604,0.008,0.005,0.9,55
4001110,섬진강,2020-04-10,9,7.2,9.5,1.5,3.1,2,1.967,0.012,0.001,4.1,211
1012110,소양강,2020-04-10,16,6.2,8.4,1.1,2.4,2,1.412,0.018,0.006,4.9,46
1006110,횡성,2020-04-10,19,7.5,6.5,0.9,2.3,2.8,1.38,0.013,0.001,3.5,72
3203110,보령,2020-04-10,20,7.2,8,1.5,1.8,1.2,1.512,0.007,0.003,0.3,96
2001110,안동,2020-04-10,19,8.8,8.4,1.3,2.3,5.9,1.619,0.023,0.018,22,151
3001110,용담,2020-04-10,21,7.1,9.4,0.8,2.4,1.4,1.872,0.02,0.009,1.2,86
4007110,주암(본),2020-04-10,21,6.8,3.2,0.7,1.8,0.8,1.069,0.015,0.007,2.1,49
2002110,임하,2020-04-10,19,7.1,7,3.1,4.5,15.2,1.717,0.046,0.028,78.9,218
1006110,횡성,2020-04-09,20,7.4,6,1.1,2.4,3.2,1.824,0.02,0.003,7.2,69
1003110,충주,2020-04-09,20,7.9,9.5,1.3,1.9,3.6,2.189,0.025,0.01,12.7,195
4001110,섬진강,2020-04-09,7,7.7,10.8,1.5,3.1,2.5,1.921,0.013,0.001,10.5,219
2002110,임하,2020-04-09,18,7.8,7.9,2.9,4.2,13.1,1.692,0.038,0.024,132,214
3303110,부안,2020-04-09,20,6.1,8,1.6,2.8,2,1.1,0.009,0.007,0.8,61
3008110,대청,2020-04-09,23,7.1,6.3,0.7,3.3,3.9,1.378,0.057,0.018,25.9,93
3001110,용담,2020-04-09,26,7.4,9.9,0.8,2,1.6,1.763,0.015,0.001,2.1,91
2015110,합천,2020-04-09,17,6.6,8.5,2,2.7,22,2.275,0.026,0.008,42,83
2018110,남강,2020-04-09,26,8.3,8.3,0.6,1.8,0.2,0.883,0.009,0.004,7.9,59
2001110,안동,2020-04-09,19,8.8,5.1,1.5,2.4,6.8,1.587,0.02,0.018,53,148
4007110,주암(본),2020-04-09,22,7,4.4,0.3,1.1,1.4,1.338,0.015,0.005,5.7,49
2021110,밀양,2020-04-09,26,7.3,8.3,0.8,1,4.3,0.988,0.018,0.002,6,46
1012110,소양강,2020-04-09,13,6.6,8.1,1.2,2.4,4.1,1.554,0.02,0.008,11.3,55
3203110,보령,2020-04-09,29,7.4,7.4,1.6,1.9,0.8,1.625,0.007,0.005,0.4,96
3203110,보령,2020-04-08,31,7.5,8,1.7,1.9,0.8,1.755,0.007,0.004,0.8,94
1006110,횡성,2020-04-08,27,7.4,8.5,1,2.8,7.6,1.912,0.014,0.006,14.3,91
2002110,임하,2020-04-08,23,7.6,8.2,2.6,4.2,12.1,1.884,0.034,0.018,83,214
2018110,남강,2020-04-08,26,8.3,7.7,1.6,1.7,5.2,1.548,0.062,0.003,17.5,73
3303110,부안,2020-04-08,19,6.2,8.8,1.4,2.6,1.4,0.963,0.009,0.008,0.8,55
4007110,주암(본),2020-04-08,21,6.6,11.5,0.2,0.8,0.8,1.838,0.008,0.002,0.2,61
2001110,안동,2020-04-08,19,8.9,8.3,1.5,2.4,6.3,1.772,0.016,0.012,38,178
4001110,섬진강,2020-04-08,6,7.5,10.1,1.5,3,2,1.805,0.013,0,0.8,229
2021110,밀양,2020-04-08,26,7.1,8.1,0.8,0.9,3.5,0.879,0.012,0.005,2.5,58
2015110,합천,2020-04-08,18,6.7,8.7,1.8,2.6,3,2.243,0.02,0.006,8.7,88
3001110,용담,2020-04-08,31,9.2,9.8,0.8,2.6,4,1.721,0.019,0.009,1.8,110
1003110,충주,2020-04-08,22,8.1,8.7,1.4,2,4.4,2.241,0.027,0.009,14,200
1012110,소양강,2020-04-08,13,6.6,8.1,1.1,2.3,20,1.45,0.053,0.005,32.5,53
3008110,대청,2020-04-08,22,7,7.6,0.9,3.7,15.7,1.493,0.065,0.023,60.2,89
1003110,충주,2020-04-07,18,7.8,8.4,1.5,2.2,5.8,2.398,0.029,0.019,37,177
3303110,부안,2020-04-07,16,6.6,8.2,1,2.2,1.4,0.831,0.014,0.008,1.4,66
3001110,용담,2020-04-07,25,8.7,9,1.2,3,4,1.486,0.01,0.002,3.2,104
2021110,밀양,2020-04-07,23,7.1,9.8,0.8,1.4,5,1.795,0.016,0.006,5.5,81
1012110,소양강,2020-04-07,11,7.6,10.9,1,2.1,2.3,1.398,0.016,0.005,2.3,63
4007110,주암(본),2020-04-07,11,6.7,12.7,1.2,1.8,0.4,0.625,0.048,0.002,4.4,40
2002110,임하,2020-04-07,19,8,7.8,2.5,3.8,13.4,1.729,0.034,0.01,276,228
2001110,안동,2020-04-07,18,8.6,8.5,1.5,2.4,4.1,1.702,0.018,0.012,50,173
2015110,합천,2020-04-07,16,6.7,8.4,1.9,2.7,7.5,2.315,0.023,0.007,5,89
3203110,보령,2020-04-07,22,7.2,7.5,1.4,1.8,2,1.955,0.008,0.004,7.5,100
3008110,대청,2020-04-07,17,7,7.5,1,3.3,8.3,1.618,0.044,0.014,37.4,112
2018110,남강,2020-04-07,26,7.9,7.6,1.5,4.1,8.2,1.872,0.03,0.003,7.2,91
4001110,섬진강,2020-04-07,6,7.4,10.4,1.5,3.1,2,1.776,0.014,0,1.6,197
1006110,횡성,2020-04-07,19,7.1,8,1.2,2.8,4.3,2.081,0.028,0.012,10.3,87
1006110,횡성,2020-04-06,18,7.4,9.4,0.6,1.7,0.8,1.722,0.02,0.008,2.7,88
2001110,안동,2020-04-06,17,8.4,10.3,1.4,2,1.8,2.025,0.015,0.012,7.3,197
1012110,소양강,2020-04-06,10,7.5,11.5,1,2.1,2.3,1.434,0.015,0.007,1.7,64
3001110,용담,2020-04-06,23,8.1,8.8,0.8,2.9,2,1.483,0.022,0.004,1.4,98
2002110,임하,2020-04-06,13,7.6,9,2.2,3.3,6.8,1.592,0.027,0.012,59.9,255
2021110,밀양,2020-04-06,20,7.2,9,0.7,1.4,1,0.96,0.005,0,1.1,54
3303110,부안,2020-04-06,13,6.8,8.9,1,2.8,1.8,0.914,0.012,0.005,1.3,74
4007110,주암(본),2020-04-06,13,7.7,13.3,0.6,2.2,3.2,0.486,0.009,0.003,2.2,47
2018110,남강,2020-04-06,24,7.9,7.3,0.7,1.7,0.6,1.68,0.015,0.006,8.9,113
2015110,합천,2020-04-06,13,6.7,9,1.7,2.6,6,2.331,0.026,0.006,4.5,88
3203110,보령,2020-04-06,22,7.3,8.4,1.8,2.2,0.8,1.753,0.008,0.006,0.6,120
1003110,충주,2020-04-06,18,7.7,9.5,0.8,1.2,2.6,2.412,0.023,0.009,1.5,189
4001110,섬진강,2020-04-06,6,6.9,10.7,1.4,3.1,1.5,1.713,0.01,0.001,1.2,144
3008110,대청,2020-04-06,12,7.1,11.8,0.7,2.9,0.7,1.052,0.012,0.004,0.7,114
2001110,안동,2020-04-05,9,7.9,11.7,1.4,2.1,2.2,1.726,0.017,0.014,8.2,168
3001110,용담,2020-04-05,17,7.6,11.4,0.8,2.5,4,1.385,0.011,0,0.9,97
1012110,소양강,2020-04-05,9,7.7,12.1,0.9,2.1,2.5,1.418,0.01,0.009,3.2,58
1006110,횡성,2020-04-05,18,7.2,9.2,0.8,1.8,1.6,1.238,0.023,0.009,2,97
2018110,남강,2020-04-05,18,8.2,8.1,1.4,2.1,0.6,1.589,0.014,0.001,10.5,78
4001110,섬진강,2020-04-05,6,7.4,10.6,1.4,3,1.2,1.701,0.009,0.001,0.9,150
3203110,보령,2020-04-05,15,7.5,9.6,1.7,2,0.8,1.538,0.007,0.005,0.6,133
4007110,주암(본),2020-04-05,9,7.8,12.3,1.2,1.8,2.8,0.494,0.008,0.002,2.1,43
3008110,대청,2020-04-05,10,7.1,11.9,0.8,2.6,0.7,1.032,0.011,0.003,1.4,107
3303110,부안,2020-04-05,11,6.9,9,0.9,2.2,2.4,0.957,0.016,0.004,1.3,62
2021110,밀양,2020-04-05,16,7.3,10.6,0.7,1.3,0.8,1.222,0.007,0,0.8,55
2015110,합천,2020-04-05,15,7.1,8.6,1.8,2.6,4.5,2.285,0.024,0.008,2.9,83
2002110,임하,2020-04-05,11,7.7,9.7,2.7,3.5,3.8,1.624,0.034,0.014,66.4,240
1003110,충주,2020-04-05,12,8.2,12.5,1.1,1.4,1.2,2.129,0.014,0.01,3.5,186
1012110,소양강,2020-04-04,6,7.1,12.3,0.9,2.1,2.3,1.325,0.013,0.006,3,65
1006110,횡성,2020-04-04,7,7,10,1.3,2.6,1.2,1.163,0.019,0.011,3,86
2018110,남강,2020-04-04,13,7.3,10.9,1.2,2,2,1.632,0.018,0.009,10,129
3203110,보령,2020-04-04,10,7.6,10.1,1.5,1.9,1,1.297,0.008,0.006,0.5,113
4007110,주암(본),2020-04-04,10,7.9,15.3,1.9,2.5,2.8,0.569,0.016,0.003,6.7,45
3303110,부안,2020-04-04,7,6.8,11.5,0.7,2.1,2.2,1.16,0.007,0.003,1.2,53
2021110,밀양,2020-04-04,13,7,9,0.7,1.5,2,1.013,0.007,0.005,2.8,56
3001110,용담,2020-04-04,10,7.4,12.7,0.8,2.3,5,1.212,0.011,0,1.4,98
3008110,대청,2020-04-04,7,7.7,12.7,0.8,2.8,0.7,1.123,0.007,0.004,1,109
2015110,합천,2020-04-04,9,7.7,9.2,1.8,2.3,3,2.226,0.025,0.005,2.7,84
1003110,충주,2020-04-04,7,8.2,13.7,1.5,2.3,1,2.237,0.011,0.009,4.1,203
2001110,안동,2020-04-04,6,7.7,12.7,1.4,2.2,2.6,1.618,0.017,0.014,9.3,202
4001110,섬진강,2020-04-04,6,7.2,10.9,1.4,3,1.5,1.634,0.01,0,1.4,132
3203110,보령,2020-04-03,6,7.5,12.2,1.6,1.9,0.8,1.183,0.01,0.007,0.5,108
2018110,남강,2020-04-03,7,7.9,12.7,1.4,2.4,2,1.608,0.011,0.002,9.7,134
1012110,소양강,2020-04-03,6,7.5,9.4,0.7,2.1,2,1.375,0.01,0.007,2.7,60
4007110,주암(본),2020-04-03,6,7.1,11.9,0.6,2.4,1.2,0.547,0.029,0.005,4.4,40
2015110,합천,2020-04-03,6,7.9,10.1,1.6,2.2,2.4,2.001,0.024,0.002,2.3,83
3303110,부안,2020-04-03,5,7,11.3,0.7,2,2,1.241,0.008,0.003,1.3,42
3001110,용담,2020-04-03,5,6.9,10.8,0.8,2.3,5,1.175,0.009,0,0.9,79
1003110,충주,2020-04-03,6,8.2,12.8,1.8,2.6,2.2,1.929,0.013,0.011,7,208
2021110,밀양,2020-04-03,7,7,10.2,0.6,1.3,3.8,0.986,0.008,0.005,5.2,50
1006110,횡성,2020-04-03,4,7.1,11,0.9,2.2,1.9,1.299,0.026,0.008,5,82
3008110,대청,2020-04-03,4,7.8,12.8,0.7,2.7,1,1.162,0.008,0.003,1,109
2001110,안동,2020-04-03,4,7.7,16.8,1.2,2.3,2.2,1.679,0.018,0.013,8.6,188
4001110,섬진강,2020-04-03,6,7.2,10.6,1.4,3,2,1.772,0.012,0,1.3,92
2018110,남강,2020-04-02,4,7.6,13.4,1.3,2.2,2,1.184,0.013,0.001,15,121
1006110,횡성,2020-04-02,4,6.9,12.8,0.9,2.1,1.1,1.186,0.022,0.011,1.7,77
2015110,합천,2020-04-02,5,7.4,8.5,1.7,2.2,3,2.41,0.028,0.012,2.2,80
1012110,소양강,2020-04-02,6,7.4,11.5,0.5,1.5,1,1.31,0.01,0.005,1.7,58
3008110,대청,2020-04-02,6,7.6,10.8,0.7,2.7,2,1.286,0.007,0.004,0,106
3001110,용담,2020-04-02,4,7.3,13.7,0.7,2.9,3,1.485,0.02,0,1.4,68
4001110,섬진강,2020-04-02,4,6.5,9.6,1.4,3.1,2,1.794,0.013,0,1.7,87
2021110,밀양,2020-04-02,6,7.1,12.8,0.8,1.7,0.4,0.683,0.006,0,0.8,44
1003110,충주,2020-04-02,6,8.1,11.4,1.1,1.8,4,2.335,0.014,0.011,4.3,196
4007110,주암(본),2020-04-02,6,6.8,11,1,1.4,3.8,0.656,0.011,0.001,5.4,41
3203110,보령,2020-04-02,4,7.9,12.9,1.9,2.3,1,1.28,0.018,0.01,0.5,99
3303110,부안,2020-04-02,4,6.8,12.6,0.6,1.8,2.1,1.223,0.008,0.001,2.4,51
2001110,안동,2020-04-02,5,7.5,11.5,1,1.8,2,1.512,0.015,0.011,7.7,143
4007110,주암(본),2020-04-01,8,6.6,9.2,2.3,2.6,4.8,0.581,0.012,0.002,5.9,44
1003110,충주,2020-04-01,8,8,11.4,1.2,1.5,3.6,2.52,0.014,0.012,4.7,192
2021110,밀양,2020-04-01,8,7.1,12,1.1,1.5,1.2,0.754,0.004,0.004,1.4,46
3303110,부안,2020-04-01,7,6.9,11.1,0.7,2,1.7,0.717,0.007,0.003,1.2,55
2015110,합천,2020-04-01,8,7.4,8.5,1.6,1.7,2,2.253,0.027,0.006,4,75
4001110,섬진강,2020-04-01,6,6.5,9.9,1.4,3.3,2,1.821,0.012,0,1.6,87
1012110,소양강,2020-04-01,8,7.3,10.8,0.8,2,1.5,1.247,0.016,0.003,1.5,63
2018110,남강,2020-04-01,4,7.6,14,0.7,2.3,4,1.104,0.016,0,13,120
3008110,대청,2020-04-01,7,7.7,11.2,0.8,3.1,2.7,1.171,0.012,0.004,3.6,103
3001110,용담,2020-04-01,5,7.1,13.5,0.4,2.4,6,1.732,0.005,0,1.1,54
3203110,보령,2020-04-01,5,7.6,12.6,2,2.4,1,1.281,0.019,0.009,0.6,100
1006110,횡성,2020-04-01,4,7.3,11.2,0.9,1.9,2.4,1.623,0.021,0.001,8.4,72
2001110,안동,2020-04-01,8,7.8,8.8,1.1,2,2.2,1.6,0.019,0.013,5.2,206
1012110,소양강,2020-03-12,9,7.1,9.5,0.8,2,2.9,1.321,0.014,0.003,2.6,64
1003110,충주,2020-03-12,13,8.5,13.6,1.5,2.3,8.8,2.455,0.038,0.022,9.5,195
2018110,남강,2020-03-12,12,8.1,10.1,0.8,2.3,4,1.245,0.016,0,19.5,107
2021110,밀양,2020-03-12,11,7,10.2,0.5,0.6,0.8,0.733,0.006,0.005,0.8,47
4007110,주암(본),2020-03-12,14,7,8.1,1.1,1.6,2,0.543,0.015,0.002,4.8,48
3203110,보령,2020-03-12,9,7.5,10.4,1.2,1.6,0.9,1.365,0.008,0.004,0.6,101
1006110,횡성,2020-03-12,10,6.7,9.8,1,2.1,2.3,1.556,0.01,0.003,9.5,79
3001110,용담,2020-03-12,12,7.1,9.7,0.4,2.6,2,1.129,0.036,0.003,1.7,52
2015110,합천,2020-03-11,17,7.4,7.5,2.1,2.4,13,1.923,0.028,0.01,8.5,77
1012110,소양강,2020-03-11,9,6.9,9.1,0.9,2.2,6.8,1.37,0.017,0.005,6.1,66
2018110,남강,2020-03-11,14,7.9,12.2,0.7,2.3,4,0.97,0.013,0,18.8,94
4007110,주암(본),2020-03-11,21,8.3,9.2,1.7,2.4,2.4,0.934,0.022,0.003,4.7,64
1006110,횡성,2020-03-11,14,7.1,7.6,1,2.1,1.8,1.757,0.016,0.003,7.9,56
3001110,용담,2020-03-11,17,8.4,9,1.9,4.6,5.7,2.698,0.03,0.004,2.1,74
2001110,안동,2020-03-11,15,7.2,8.3,1.1,2,2.2,1.6,0.04,0.012,22,200
2021110,밀양,2020-03-11,11,7.1,11.5,1,1.5,0.8,0.738,0.005,0.003,1.9,42
1003110,충주,2020-03-11,17,7.9,11.3,1.8,2.6,14,3.426,0.042,0.028,13.6,185
3203110,보령,2020-03-11,16,7.3,9.2,1.4,1.7,0.9,1.917,0.012,0.007,0.7,86
1003110,충주,2020-03-10,18,8.7,10.7,1.7,2.7,9.2,1.776,0.05,0.018,48.7,169
2015110,합천,2020-03-10,19,7.5,7.6,2.4,2.8,18,1.866,0.039,0.013,20.4,90
2018110,남강,2020-03-10,21,7.2,8.2,0.7,2.5,24,1.002,0.018,0.001,48.9,48
2001110,안동,2020-03-10,18,7.7,8.2,1.3,2.3,3.4,1.609,0.016,0.013,153.6,214
1012110,소양강,2020-03-10,9,6.9,8.1,1.1,2.5,25.2,1.524,0.02,0.009,23.5,78
4007110,주암(본),2020-03-10,21,7.6,8.8,0.7,1.7,1,0.754,0.011,0.003,3.3,52
2021110,밀양,2020-03-10,20,7.2,8.6,0.8,1.4,8,0.708,0.007,0.006,4.8,43
3001110,용담,2020-03-10,20,8.7,9.6,2,3.2,2.4,1.891,0.018,0,2.5,54
1006110,횡성,2020-03-10,17,6.9,5.4,0.6,1.9,1.9,1.916,0.016,0.004,9.3,63
3203110,보령,2020-03-10,21,7.1,8.7,1.6,1.9,1,1.891,0.009,0.005,0.8,95
3203110,보령,2020-03-09,22,7.3,8.6,1.6,2,1,1.859,0.018,0.012,1,106
2021110,밀양,2020-03-09,22,7.2,9.7,0.9,1.3,2.8,0.661,0.007,0.004,2.1,38
2015110,합천,2020-03-09,19,7.4,7.7,2.3,2.8,8,1.805,0.03,0.005,13.8,94
2018110,남강,2020-03-09,23,7.2,8.2,0.7,2.5,24,1.002,0.018,0.001,48.9,48
1012110,소양강,2020-03-09,9,6.8,7.8,1.1,2.6,21.8,1.551,0.019,0.008,20.2,71
1006110,횡성,2020-03-09,17,7.2,6.3,1.1,2,1.6,2.261,0.017,0.003,20.5,72
3001110,용담,2020-03-09,25,8.7,10.6,2,3.4,1.9,2.252,0.042,0,4.7,62
2001110,안동,2020-03-09,15,7.1,9.4,1.5,2.5,2.9,1.576,0.016,0.014,37,234
4007110,주암(본),2020-03-09,21,7.5,4.1,0.3,1.6,0.8,0.934,0.009,0.003,1.1,53
1003110,충주,2020-03-09,20,8.2,10.9,1.5,2.4,13,2.916,0.026,0.015,19.5,173
2001110,안동,2020-03-08,12,7.3,9.2,1.4,2.5,3.2,1.546,0.016,0.014,58.6,223
2015110,합천,2020-03-08,20,7.7,7.5,2.5,3,10,1.962,0.029,0.012,15.4,107
4007110,주암(본),2020-03-08,17,7.3,4.8,0.5,1.3,1.7,0.513,0.007,0.002,3.5,54
3001110,용담,2020-03-08,26,9,12.4,1.9,3.2,1.8,1.325,0.024,0,2.6,80
1006110,횡성,2020-03-08,22,7,7.6,1.5,2.4,3.6,2.072,0.017,0.008,7.6,77
3203110,보령,2020-03-08,22,7.4,8.4,1.7,2.1,1.5,1.731,0.016,0.009,1.3,95
1012110,소양강,2020-03-08,8,7.2,10.7,0.9,2.3,4.2,1.366,0.017,0.006,3.4,65
2021110,밀양,2020-03-08,16,6.6,8.8,0.8,2.2,4.2,0.651,0.015,0.012,9.3,32
2018110,남강,2020-03-08,25,7.2,8.2,0.7,2.5,24,1.002,0.018,0.001,48.9,48
1003110,충주,2020-03-08,21,7.4,9,0.8,1.6,2,2.173,0.02,0.009,7,165
2018110,남강,2020-03-07,19,7.2,8.2,0.7,2.5,24,1.002,0.018,0.001,48.9,48
2021110,밀양,2020-03-07,17,7,9.8,0.6,1,4,0.752,0.01,0.007,8.5,32
2001110,안동,2020-03-07,9,8.2,9,1.4,2.4,3,1.6,0.015,0.012,28.4,200
1006110,횡성,2020-03-07,19,7.3,7,1.4,2.6,2.5,1.931,0.016,0.006,6.2,84
3001110,용담,2020-03-07,23,8.1,9.5,1.6,3.6,2.8,1.435,0.018,0,3.6,83
1012110,소양강,2020-03-07,8,7.1,10.2,0.9,2.2,3.2,1.356,0.018,0.004,2.8,63
1003110,충주,2020-03-07,20,7.8,8.4,0.6,1.5,2.2,2.427,0.02,0.014,2.8,183
3203110,보령,2020-03-07,21,6.8,8.8,1.6,2,0.8,1.435,0.024,0.013,0.9,136
2015110,합천,2020-03-07,17,7.7,7.6,2.1,2.8,14.5,1.905,0.028,0.011,30.5,109
4007110,주암(본),2020-03-07,18,8.3,3.7,0.7,1.6,2.4,0.534,0.004,0.001,4.7,64
1012110,소양강,2020-03-06,7,6.9,10.8,0.9,2.2,3.1,1.314,0.016,0.004,2.6,65
4007110,주암(본),2020-03-06,11,7.6,5.8,0.3,2,1.2,0.934,0.022,0.002,3.9,53
3008110,대청,2020-03-06,12,7.4,9.3,1,2.5,0.7,1.92,0.014,0.001,2,119
4001110,섬진강,2020-03-06,6,7.6,10.8,1.5,3.2,1,1.601,0.009,0.001,1,110
2015110,합천,2020-03-06,15,7.8,7,2,2.3,5.5,1.753,0.022,0.008,6.4,99
2001110,안동,2020-03-06,7,8.2,10.4,1.3,2.3,2.9,1.678,0.016,0.014,22,196
3001110,용담,2020-03-06,22,7.6,13.6,1.5,2.6,2.4,1.402,0.12,0,1.1,82
1003110,충주,2020-03-06,18,7.7,9.5,0.8,1.2,2.6,2.412,0.023,0.014,2.8,189
3008110,대청,2020-03-05,8,7.6,11.3,1.4,2.6,0.7,1.517,0.012,0.002,0.8,123
1003110,충주,2020-03-05,10,7.9,15.5,1,1.5,1.2,2.553,0.024,0.006,2.6,214
3001110,용담,2020-03-05,21,7.2,13.8,1.4,3.1,1.8,1.384,0.026,0,0.9,58
4007110,주암(본),2020-03-05,7,8.2,9.2,1.7,2.4,1,0.614,0.012,0.002,2.3,41
1012110,소양강,2020-03-05,7,7,10.6,1,2.2,3.4,1.302,0.017,0.003,2.9,65
3008110,대청,2020-03-04,7,7.9,12.2,1.2,2.6,1,1.395,0.01,0.003,0.7,121
4007110,주암(본),2020-03-04,7,7.3,3.7,0.3,1.3,0.8,0.513,0.004,0.001,1.1,41
1003110,충주,2020-03-04,8,8,14.3,1,1.7,1,2.829,0.024,0.005,1.4,220
1012110,소양강,2020-03-04,6,7.2,10.8,0.9,2.2,3.6,1.295,0.02,0.004,2.8,65
3001110,용담,2020-03-04,10,8.7,13.7,1.6,2.4,2.2,1.215,0.015,0,2.5,111
1012110,소양강,2020-03-03,6,7.5,11.5,0.9,2.1,2.5,1.339,0.015,0.005,2.3,64
3001110,용담,2020-03-03,5,7,12.3,1.5,2.8,2,1.206,0.012,0,1.8,57
4007110,주암(본),2020-03-03,16,7.8,6.1,0.7,1.8,1.4,0.714,0.011,0.002,3.1,53
3008110,대청,2020-03-03,6,8.8,13.6,1.1,3.6,3,2.28,0.006,0.003,1.2,116
1003110,충주,2020-03-03,5,8,14.2,1.1,1.6,1.4,2.648,0.016,0.006,1.2,212
3008110,대청,2020-03-02,5,8.6,12.3,1.7,3.4,2.6,2.251,0.009,0.001,0.3,119
4007110,주암(본),2020-03-02,5,7.3,11.4,2,2.8,0.4,0.725,0.008,0.002,2.2,39
1003110,충주,2020-03-02,6,8.1,13.3,0.8,1.5,0.8,2.566,0.017,0.009,1.1,200
1012110,소양강,2020-03-02,6,7.3,11.9,0.7,2,1.7,1.327,0.012,0.004,2,64
3001110,용담,2020-03-02,5,6.8,13.2,1.2,2.4,2,1.725,0.017,0.004,1.6,58
3008110,대청,2020-03-01,7,8.2,11.7,1.3,3.5,1,1.848,0.015,0.002,5,114
4007110,주암(본),2020-03-01,6,6.9,10.2,1.8,2,1,0.588,0.01,0.002,4,41
1012110,소양강,2020-03-01,6,7.6,10.8,0.8,1.9,1.7,1.341,0.014,0.003,1.8,64
3001110,용담,2020-03-01,7,6.4,11.2,1.6,3.4,2.6,1.242,0.012,0.008,1.8,96
2015110,합천,2020-03-01,6,7.4,8.1,1.8,2.2,3.1,2.016,0.019,0.005,4.3,87
1003110,충주,2020-03-01,7,7.8,11.7,0.8,1.7,4.6,3.043,0.035,0.008,3,211
1003110,충주,2020-02-12,9,7.9,10.4,1.1,1.8,2.8,2.695,0.021,0.005,4.6,225
4007110,주암(본),2020-02-12,11,7.1,9,1.3,2.4,0.4,0.818,0.009,0.003,5.2,48
1003110,충주,2020-02-11,12,7.7,10.4,0.9,1.9,9.4,2.736,0.037,0.014,7.8,198
4007110,주암(본),2020-02-11,16,6.8,8.2,1.7,2,3,3.045,0.024,0.002,5.5,105
4007110,주암(본),2020-02-10,21,7.4,8.1,1.2,2.8,2,0.654,0.019,0.002,3,134
1003110,충주,2020-02-10,21,7.5,10.3,1.2,2.7,5.4,2.867,0.046,0.02,4,180
1003110,충주,2020-02-09,22,7.9,8.7,1,2.3,3,3.144,0.046,0.033,3.7,156
4007110,주암(본),2020-02-09,18,6.8,6.9,0.7,1.8,4.3,1.202,0.016,0.01,10.3,117
1003110,충주,2020-02-08,21,7.4,9.8,0.8,1.8,2.4,3.17,0.031,0.012,1.8,211
4007110,주암(본),2020-02-08,16,6.6,5.4,0.5,2.7,1.7,0.65,0.01,0.001,1.3,108
1003110,충주,2020-02-07,19,7.7,10.1,1,1.8,1.8,2.909,0.018,0.009,1.9,224
4007110,주암(본),2020-02-07,14,6.9,7.8,1.2,2.5,1.5,0.658,0.006,0.001,3.5,160
4007110,주암(본),2020-02-06,13,7.1,8.5,0.8,2.6,1.2,1.313,0.005,0.001,1.7,102
1003110,충주,2020-02-06,18,7.7,9.4,0.7,1.4,2,2.588,0.022,0.009,2.1,220
4007110,주암(본),2020-02-05,11,7.1,8.9,1.2,2.5,2.3,0.76,0.01,0.001,3.8,89
1003110,충주,2020-02-05,12,7.6,10.6,0.8,1.5,1.8,2.377,0.021,0.011,2.3,236
4007110,주암(본),2020-02-04,9,7.2,11.8,0.6,2.5,3.1,1.229,0.009,0.001,1.9,151
1003110,충주,2020-02-04,9,7.9,10.7,1.1,1.9,2.8,2.345,0.019,0.01,2.2,235
1003110,충주,2020-02-03,4,7.9,11.5,1,1.7,0.8,2.379,0.016,0.006,2.5,224
4007110,주암(본),2020-02-03,5,7.3,12.5,1.5,2.4,2.4,1.681,0.01,0.001,1.5,71
4007110,주암(본),2020-02-02,4,7,12.2,1,2.6,2.8,1.059,0.004,0.002,1.9,66
1003110,충주,2020-02-02,3,8.1,11.8,0.8,1.7,2.2,2.315,0.014,0.005,3.2,218
4007110,주암(본),2020-02-01,5,6.8,10.3,1.3,2.6,6,1.515,0.01,0.001,3.5,56
1003110,충주,2020-02-01,7,8.2,11.7,0.8,1.6,4,2.488,0.012,0.008,3.4,226
1003110,충주,2020-01-12,12,7.7,11.3,0.9,2.2,0.8,2.582,0.016,0.008,3.1,209
1003110,충주,2020-01-11,17,8,8.6,1.7,3.2,3.4,2.466,0.01,0.006,4.1,343
1003110,충주,2020-01-10,21,7.7,6.5,1.6,2.9,1.2,2.477,0.019,0.008,4.4,205
1003110,충주,2020-01-09,23,7.8,6.2,1.2,1.7,1.2,2.344,0.016,0.011,3.5,200
1003110,충주,2020-01-08,25,7.9,6,1.5,2.3,11.6,2.68,0.022,0.013,2.1,249
1003110,충주,2020-01-07,17,7.7,9.9,0.8,1.2,1.2,2.845,0.008,0.004,1.2,263
1003110,충주,2020-01-06,13,8.1,12,0.8,1,1.2,2.682,0.031,0.002,1.2,253
1003110,충주,2020-01-05,13,8.1,11.9,0.7,1,1,2.662,0.009,0.002,2.1,252
1003110,충주,2020-01-04,8,8.3,12.4,0.6,1,1.2,2.568,0.011,0.002,3.2,264
1003110,충주,2020-01-03,4,8.2,12.3,0.7,1,0.9,2.895,0.007,0,3.5,248
1003110,충주,2020-01-02,5,8.2,11.1,0.5,0.8,0.6,2.728,0.003,0,2.6,241
1003110,충주,2020-01-01,6,8.7,10.6,0.7,1.3,1.4,3.006,0.007,0.001,3.3,241
1003110,충주,2000-12-01,11,8.4,10.7,0.6,1.4,2.4,3.13,0.007,,,202
1003110,충주,2000-11-01,16,8.6,9.9,0.5,0.9,1,2.733,0.021,,,180
1003110,충주,2000-10-01,18,8.4,10,1,2.6,2,3.206,0.033,,,93
1003110,충주,2000-09-01,21,8.5,9.6,0.7,1.2,2,2.837,0.023,,,176
1003110,충주,2000-08-01,20,7.9,9.3,0.7,1.3,2.4,3.012,0.048,,,208
1003110,충주,2000-07-01,16,7.5,7.4,0.8,1.2,1.4,2.725,0.009,,,205
1003110,충주,2000-06-01,11,8.1,7.2,1.4,2.2,0.4,2.922,0.005,,,194
1003110,충주,2000-05-01,9,8.2,12.5,1,1.9,0.6,2.541,0.006,,,193
1003110,충주,2000-04-01,8,7.4,13.1,1.1,2.4,0.2,3.188,0.013,,,192
1003110,충주,2000-03-01,3,7.5,12.4,1.1,2.2,0.4,2.967,0.012,,,184
1003110,충주,2000-02-01,3,8.8,12.2,1,1.8,0.6,3.143,0.01,,,200
1003110,충주,2000-01-01,7,7.9,11.3,0.8,1.8,0.8,2.588,0.009,,,185
1003110,충주,1999-12-01,10,7.8,8.9,1,2.2,2.8,3.012,0.011,,,186
1003110,충주,1999-11-01,13,6.3,7.2,1,1.6,1.4,3.501,0.011,,,194
1003110,충주,1999-10-01,18,8.3,7.4,1.1,1.8,4.8,2.124,0.034,,,154
1003110,충주,1999-09-01,22,7.6,7.7,1,2.2,2.2,2.509,0.036,,,155
1003110,충주,1999-08-01,19,7.5,5,1,2,5.8,2.383,0.015,,,178
1003110,충주,1999-07-01,21,7.2,7.3,1.1,2.3,0.8,2.305,0.008,,,181
1003110,충주,1999-06-01,12,7.7,10.2,0.9,1.9,0.4,2.214,0.009,,,184
1003110,충주,1999-05-01,12,7.6,10.9,0.9,1.6,1.6,1.932,0.025,,,174
1003110,충주,1999-04-01,7,7.5,10.8,1.1,1.9,0.8,2.145,0.007,,,186
1003110,충주,1999-03-01,8,7.8,10.8,1.2,2,0.6,2.749,0.021,,,282
